dataset,model,defense,defense_params,seed,config_hash,homophily,density,test_accuracy,train_accuracy,gen_gap,test_f1,test_auroc,conf_attack_auc,conf_attack_acc,threshold_attack_auc,threshold_attack_acc,conf_tpr_at_0.001_fpr,conf_tpr_at_0.01_fpr,shadow_attack_auc,shadow_attack_acc,lira_attack_auc,lira_attack_acc,lira_tpr_at_0.001_fpr,lira_tpr_at_0.01_fpr,ece_test,train_seconds,dp_epsilon
Cora,LogReg,none,{},42,eac9960f8ba0,0.81,0.00144,0.7442,0.9935,0.2493,0.7277,0.9429,0.7299,0.7101,0.6932,0.6307,0.0037,0.0055,0.743,0.6962,0.5965,0.5646,0.012,0.0443,0.0189,0.0317,
Cora,LogReg,none,{},123,eac9960f8ba0,0.81,0.00144,0.7507,0.9935,0.2428,0.7273,0.943,0.7462,0.6953,0.6862,0.6288,0.0009,0.0111,0.736,0.6921,0.6065,0.5716,0.0102,0.0443,0.0331,0.0204,
Cora,LogReg,none,{},456,eac9960f8ba0,0.81,0.00144,0.7516,0.9945,0.2428,0.7333,0.9451,0.7279,0.7128,0.6947,0.6417,0.0055,0.0212,0.7561,0.7068,0.5799,0.5508,0.0222,0.0323,0.0402,0.0214,
Cora,LogReg,none,{},789,eac9960f8ba0,0.81,0.00144,0.723,0.9954,0.2724,0.6918,0.9399,0.7153,0.7082,0.706,0.6547,0.0009,0.0148,0.7632,0.7087,0.5916,0.566,0.0139,0.0314,0.0364,0.0213,
Cora,LogReg,none,{},1024,eac9960f8ba0,0.81,0.00144,0.7267,0.9935,0.2669,0.7031,0.9393,0.7176,0.711,0.6991,0.6334,0.0,0.0065,0.7779,0.7161,0.6,0.5776,0.0074,0.0388,0.0448,0.0212,
Cora,MLP,none,{},42,eac9960f8ba0,0.81,0.00144,0.7285,1.0,0.2715,0.7107,0.9251,0.8003,0.7719,0.8012,0.7424,0.0,0.0,0.7996,0.7664,0.6229,0.591,0.0129,0.0591,0.1474,0.3063,
Cora,MLP,none,{},123,eac9960f8ba0,0.81,0.00144,0.7313,1.0,0.2687,0.7067,0.9273,0.7886,0.7544,0.7874,0.723,0.0,0.0,0.7858,0.7544,0.6284,0.6002,0.0092,0.0369,0.1459,0.3252,
Cora,MLP,none,{},456,eac9960f8ba0,0.81,0.00144,0.7535,1.0,0.2465,0.7366,0.9337,0.7975,0.7692,0.8026,0.7405,0.0,0.0175,0.8014,0.7715,0.6001,0.5702,0.0092,0.0471,0.1219,0.3143,
Cora,MLP,none,{},789,eac9960f8ba0,0.81,0.00144,0.6981,1.0,0.3019,0.6608,0.9226,0.779,0.759,0.8005,0.7396,0.0,0.0194,0.7991,0.7761,0.609,0.5849,0.0203,0.0425,0.178,0.3254,
Cora,MLP,none,{},1024,eac9960f8ba0,0.81,0.00144,0.7221,1.0,0.2779,0.6874,0.9193,0.7899,0.7682,0.8075,0.7525,0.0,0.0102,0.8064,0.7867,0.6246,0.6006,0.0185,0.0369,0.1408,0.3257,
Cora,GCN,none,{},42,eac9960f8ba0,0.81,0.00144,0.8717,0.9825,0.1108,0.8677,0.9827,0.5771,0.5743,0.5692,0.5392,0.0,0.0046,0.5669,0.5628,0.5434,0.5319,0.0055,0.0212,0.0524,0.3302,
Cora,GCN,none,{},123,eac9960f8ba0,0.81,0.00144,0.8587,0.9852,0.1265,0.8484,0.9783,0.5703,0.5651,0.5769,0.5355,0.0,0.0129,0.5636,0.5674,0.5517,0.5282,0.0065,0.0259,0.0415,0.2626,
Cora,GCN,none,{},456,eac9960f8ba0,0.81,0.00144,0.8726,0.9834,0.1108,0.8659,0.9835,0.5859,0.5789,0.5614,0.5328,0.0,0.0065,0.5777,0.5665,0.5335,0.5291,0.0009,0.0102,0.0328,0.2624,
Cora,GCN,none,{},789,eac9960f8ba0,0.81,0.00144,0.8624,0.9871,0.1247,0.8411,0.9848,0.5853,0.5642,0.5767,0.5476,0.0009,0.0065,0.5598,0.5642,0.5255,0.5152,0.0028,0.0157,0.0331,0.2626,
Cora,GCN,none,{},1024,eac9960f8ba0,0.81,0.00144,0.8615,0.9852,0.1237,0.8489,0.9817,0.5872,0.5623,0.5565,0.524,0.0,0.0092,0.5761,0.5656,0.5431,0.5439,0.0083,0.0166,0.0494,0.2673,
Cora,GCN,dropedge,"{""rate"": 0.3}",42,eac9960f8ba0,0.81,0.00144,0.8707,0.9806,0.1099,0.8667,0.9836,0.5683,0.5669,0.5748,0.5402,0.0009,0.0037,0.5663,0.5563,0.5429,0.5319,0.0009,0.0277,0.0307,0.2592,
Cora,GCN,dropedge,"{""rate"": 0.3}",123,eac9960f8ba0,0.81,0.00144,0.867,0.9797,0.1127,0.8542,0.9794,0.5907,0.5522,0.5842,0.5485,0.0,0.0139,0.5841,0.5669,0.5461,0.5309,0.0046,0.0259,0.0295,0.2412,
Cora,GCN,dropedge,"{""rate"": 0.3}",456,eac9960f8ba0,0.81,0.00144,0.8763,0.976,0.0997,0.8699,0.9839,0.5836,0.5633,0.5715,0.5457,0.0,0.0037,0.5714,0.5591,0.5288,0.5259,0.0018,0.0111,0.0205,0.2452,
Cora,GCN,dropedge,"{""rate"": 0.3}",789,eac9960f8ba0,0.81,0.00144,0.8661,0.9778,0.1117,0.8461,0.9856,0.563,0.5762,0.5848,0.5577,0.0009,0.0065,0.5732,0.5526,0.5302,0.5286,0.0037,0.0148,0.0268,0.248,
Cora,GCN,dropedge,"{""rate"": 0.3}",1024,eac9960f8ba0,0.81,0.00144,0.8661,0.9797,0.1136,0.8536,0.9826,0.5585,0.5605,0.5653,0.5319,0.0009,0.0074,0.5653,0.5605,0.537,0.5342,0.0092,0.0139,0.0332,0.2439,
Cora,GCN,label_smoothing,"{""alpha"": 0.1}",42,eac9960f8ba0,0.81,0.00144,0.8744,0.9825,0.108,0.87,0.9817,0.5924,0.5937,0.577,0.5568,0.0009,0.0046,0.6052,0.5706,0.5575,0.5452,0.0046,0.0277,0.0824,0.2702,
Cora,GCN,label_smoothing,"{""alpha"": 0.1}",123,eac9960f8ba0,0.81,0.00144,0.8689,0.9825,0.1136,0.8583,0.9762,0.6206,0.5743,0.5942,0.5623,0.0018,0.0074,0.6101,0.5813,0.564,0.5379,0.0111,0.0286,0.0916,0.2593,
Cora,GCN,label_smoothing,"{""alpha"": 0.1}",456,eac9960f8ba0,0.81,0.00144,0.8661,0.976,0.1099,0.8595,0.9801,0.6615,0.59,0.5778,0.5651,0.0,0.0018,0.5898,0.5799,0.5388,0.5295,0.0,0.0102,0.0895,0.2582,
Cora,GCN,label_smoothing,"{""alpha"": 0.1}",789,eac9960f8ba0,0.81,0.00144,0.868,0.9797,0.1117,0.8492,0.9834,0.5758,0.578,0.5885,0.5633,0.0009,0.0046,0.6264,0.5743,0.5361,0.5314,0.0046,0.0157,0.0926,0.2601,
Cora,GCN,label_smoothing,"{""alpha"": 0.1}",1024,eac9960f8ba0,0.81,0.00144,0.8606,0.9815,0.121,0.8481,0.9789,0.6283,0.5762,0.5751,0.5494,0.0009,0.0037,0.6285,0.5808,0.5488,0.5416,0.0046,0.0139,0.0804,0.2584,
Cora,GCN,lbp,"{""scale"": 0.3}",42,eac9960f8ba0,0.81,0.00144,0.7073,0.7765,0.0693,0.6866,0.8971,0.5297,0.5235,0.5367,0.5162,0.0,0.0,0.5365,0.5254,0.5668,0.5452,0.0028,0.0175,0.1299,0.2581,
Cora,GCN,lbp,"{""scale"": 0.3}",123,eac9960f8ba0,0.81,0.00144,0.6796,0.7895,0.1099,0.65,0.8902,0.5636,0.5512,0.5704,0.542,0.0,0.0,0.5659,0.5494,0.5668,0.5332,0.0018,0.0194,0.1214,0.2628,
Cora,GCN,lbp,"{""scale"": 0.3}",456,eac9960f8ba0,0.81,0.00144,0.6796,0.7802,0.1006,0.6559,0.8868,0.5819,0.5494,0.5777,0.5457,0.0,0.0,0.5767,0.5471,0.5508,0.5328,0.0092,0.0139,0.1307,0.2579,
Cora,GCN,lbp,"{""scale"": 0.3}",789,eac9960f8ba0,0.81,0.00144,0.663,0.7913,0.1283,0.6297,0.8895,0.5959,0.5688,0.5723,0.5512,0.0,0.0,0.5673,0.5623,0.565,0.5429,0.0102,0.0249,0.0996,0.2611,
Cora,GCN,lbp,"{""scale"": 0.3}",1024,eac9960f8ba0,0.81,0.00144,0.687,0.7701,0.0831,0.6563,0.8974,0.5375,0.5245,0.5456,0.5254,0.0,0.0,0.546,0.5383,0.5581,0.5466,0.0028,0.0185,0.116,0.2593,
Cora,GCN,gtd,"{""gamma"": 1.0, ""stage1_frac"": 0.5, ""pseudo_conf"": 0.8}",42,eac9960f8ba0,0.81,0.00144,0.88,0.9751,0.0951,0.876,0.9841,0.5472,0.5531,0.5467,0.5199,0.0,0.0046,0.5559,0.5503,0.5463,0.5416,0.0028,0.0268,0.0602,0.2675,
Cora,GCN,gtd,"{""gamma"": 1.0, ""stage1_frac"": 0.5, ""pseudo_conf"": 0.8}",123,eac9960f8ba0,0.81,0.00144,0.867,0.9732,0.1062,0.858,0.979,0.5471,0.5512,0.5535,0.5217,0.0,0.0083,0.5606,0.5586,0.5487,0.5259,0.0028,0.0212,0.0524,0.2648,
Cora,GCN,gtd,"{""gamma"": 1.0, ""stage1_frac"": 0.5, ""pseudo_conf"": 0.8}",456,eac9960f8ba0,0.81,0.00144,0.8781,0.9769,0.0988,0.8709,0.9839,0.5753,0.5633,0.5379,0.5217,0.0,0.0055,0.5673,0.5536,0.5284,0.524,0.0009,0.0092,0.0464,0.2674,
Cora,GCN,gtd,"{""gamma"": 1.0, ""stage1_frac"": 0.5, ""pseudo_conf"": 0.8}",789,eac9960f8ba0,0.81,0.00144,0.8772,0.9751,0.0979,0.8559,0.9857,0.5586,0.5531,0.5465,0.5346,0.0,0.0037,0.5523,0.5476,0.5216,0.518,0.0009,0.0129,0.038,0.3063,
Cora,GCN,gtd,"{""gamma"": 1.0, ""stage1_frac"": 0.5, ""pseudo_conf"": 0.8}",1024,eac9960f8ba0,0.81,0.00144,0.868,0.9834,0.1154,0.856,0.9826,0.5941,0.5549,0.5316,0.5115,0.0,0.0102,0.5863,0.5582,0.5304,0.5388,0.0074,0.0185,0.0561,0.2626,
Cora,GCN,sami,"{""lam"": 0.5, ""use_lte"": true, ""use_gate"": true, ""beta"": 0.0, ""warmup_epochs"": 5, ""noise_scale"": 0.25}",42,eac9960f8ba0,0.81,0.00144,0.8615,0.9852,0.1237,0.8559,0.9559,0.574,0.5669,0.5489,0.5235,0.0,0.0,0.5548,0.554,0.5486,0.5365,0.0092,0.0231,0.0836,1.0421,
Cora,GCN,sami,"{""lam"": 0.5, ""use_lte"": true, ""use_gate"": true, ""beta"": 0.0, ""warmup_epochs"": 5, ""noise_scale"": 0.25}",123,eac9960f8ba0,0.81,0.00144,0.8504,0.9797,0.1293,0.8368,0.9517,0.5678,0.5716,0.5777,0.542,0.0,0.0157,0.5664,0.572,0.5315,0.5134,0.0,0.0148,0.0839,0.9535,
Cora,GCN,sami,"{""lam"": 0.5, ""use_lte"": true, ""use_gate"": true, ""beta"": 0.0, ""warmup_epochs"": 5, ""noise_scale"": 0.25}",456,eac9960f8ba0,0.81,0.00144,0.8698,0.9788,0.109,0.8655,0.9552,0.5749,0.5503,0.5792,0.5568,0.0,0.0,0.5766,0.5596,0.5237,0.5115,0.0,0.0102,0.0997,0.9671,
Cora,GCN,sami,"{""lam"": 0.5, ""use_lte"": true, ""use_gate"": true, ""beta"": 0.0, ""warmup_epochs"": 5, ""noise_scale"": 0.25}",789,eac9960f8ba0,0.81,0.00144,0.867,0.9825,0.1154,0.8462,0.9596,0.5644,0.5577,0.5676,0.5355,0.0,0.0194,0.5571,0.5554,0.5227,0.5175,0.0102,0.0212,0.1059,0.9508,
Cora,GCN,sami,"{""lam"": 0.5, ""use_lte"": true, ""use_gate"": true, ""beta"": 0.0, ""warmup_epochs"": 5, ""noise_scale"": 0.25}",1024,eac9960f8ba0,0.81,0.00144,0.8624,0.9898,0.1274,0.8482,0.9521,0.5513,0.5402,0.5559,0.5291,0.0,0.0,0.5532,0.5508,0.5369,0.5365,0.0065,0.0231,0.0809,0.944,
Cora,GraphSAGE,none,{},42,eac9960f8ba0,0.81,0.00144,0.8809,1.0,0.1191,0.8756,0.9802,0.6572,0.6528,0.6455,0.5854,0.0,0.0102,0.6454,0.6404,0.5663,0.5471,0.0129,0.0397,0.0549,0.9209,
Cora,GraphSAGE,none,{},123,eac9960f8ba0,0.81,0.00144,0.8707,1.0,0.1293,0.8586,0.9783,0.6531,0.6482,0.6439,0.578,0.0,0.0212,0.6437,0.645,0.5776,0.5512,0.0139,0.0323,0.0623,0.862,
Cora,GraphSAGE,none,{},456,eac9960f8ba0,0.81,0.00144,0.8846,1.0,0.1154,0.8768,0.9861,0.6535,0.65,0.6456,0.5854,0.0,0.0259,0.6454,0.6417,0.5587,0.5439,0.0102,0.0268,0.0428,0.8191,
Cora,GraphSAGE,none,{},789,eac9960f8ba0,0.81,0.00144,0.8744,1.0,0.1256,0.8576,0.9879,0.6424,0.6482,0.6635,0.6057,0.0,0.0185,0.6628,0.651,0.5636,0.5471,0.0083,0.0305,0.0464,0.7963,
Cora,GraphSAGE,none,{},1024,eac9960f8ba0,0.81,0.00144,0.8744,1.0,0.1256,0.8562,0.9824,0.6442,0.6556,0.6499,0.5854,0.0046,0.0259,0.6496,0.651,0.5674,0.5586,0.012,0.0332,0.0503,0.825,
Cora,GraphSAGE,dropedge,"{""rate"": 0.3}",42,eac9960f8ba0,0.81,0.00144,0.8772,1.0,0.1228,0.8704,0.9819,0.6937,0.6777,0.6841,0.6187,0.0,0.0111,0.6838,0.6653,0.5677,0.5499,0.0157,0.0554,0.054,0.724,
Cora,GraphSAGE,dropedge,"{""rate"": 0.3}",123,eac9960f8ba0,0.81,0.00144,0.8689,1.0,0.1311,0.8563,0.9798,0.6768,0.6602,0.6752,0.6094,0.0,0.0139,0.6746,0.662,0.5929,0.5683,0.0139,0.036,0.0575,0.668,
Cora,GraphSAGE,dropedge,"{""rate"": 0.3}",456,eac9960f8ba0,0.81,0.00144,0.8827,1.0,0.1173,0.873,0.9855,0.684,0.6722,0.6776,0.6122,0.0,0.0166,0.6772,0.6602,0.5614,0.5429,0.0083,0.0259,0.0452,0.6693,
Cora,GraphSAGE,dropedge,"{""rate"": 0.3}",789,eac9960f8ba0,0.81,0.00144,0.8753,1.0,0.1247,0.8567,0.9879,0.6697,0.6768,0.6948,0.627,0.0,0.0148,0.6941,0.6736,0.5683,0.5462,0.0157,0.0314,0.0433,0.6653,
Cora,GraphSAGE,dropedge,"{""rate"": 0.3}",1024,eac9960f8ba0,0.81,0.00144,0.8633,1.0,0.1367,0.8458,0.983,0.6768,0.6787,0.6842,0.6131,0.0065,0.0185,0.6839,0.6805,0.5837,0.5753,0.0185,0.0434,0.0611,0.673,
Cora,GraphSAGE,label_smoothing,"{""alpha"": 0.1}",42,eac9960f8ba0,0.81,0.00144,0.8837,1.0,0.1163,0.878,0.9794,0.7016,0.7175,0.6998,0.6537,0.0,0.0,0.7,0.7105,0.5939,0.5609,0.0166,0.0471,0.1088,0.8086,
Cora,GraphSAGE,label_smoothing,"{""alpha"": 0.1}",123,eac9960f8ba0,0.81,0.00144,0.879,1.0,0.121,0.8638,0.9762,0.7176,0.7184,0.7146,0.6694,0.0,0.0009,0.7145,0.7068,0.6046,0.5646,0.0111,0.0434,0.1139,0.8366,
Cora,GraphSAGE,label_smoothing,"{""alpha"": 0.1}",456,eac9960f8ba0,0.81,0.00144,0.8837,1.0,0.1163,0.8752,0.9846,0.7039,0.7119,0.7043,0.6547,0.0,0.0018,0.704,0.6999,0.5763,0.5499,0.0185,0.0268,0.1121,0.8435,
Cora,GraphSAGE,label_smoothing,"{""alpha"": 0.1}",789,eac9960f8ba0,0.81,0.00144,0.8781,1.0,0.1219,0.8658,0.9837,0.7188,0.6999,0.7371,0.6777,0.0,0.0009,0.7369,0.7216,0.5863,0.5563,0.0148,0.0351,0.1205,0.8079,
Cora,GraphSAGE,label_smoothing,"{""alpha"": 0.1}",1024,eac9960f8ba0,0.81,0.00144,0.8707,1.0,0.1293,0.8521,0.9811,0.7157,0.6999,0.7243,0.6731,0.0,0.0028,0.7244,0.7165,0.592,0.5762,0.0194,0.036,0.0972,0.8288,
Cora,GraphSAGE,lbp,"{""scale"": 0.3}",42,eac9960f8ba0,0.81,0.00144,0.723,0.8163,0.0933,0.7032,0.9016,0.5472,0.5494,0.5594,0.53,0.0,0.0,0.5598,0.5503,0.6374,0.5826,0.0148,0.0212,0.1469,0.8573,
Cora,GraphSAGE,lbp,"{""scale"": 0.3}",123,eac9960f8ba0,0.81,0.00144,0.6934,0.8236,0.1302,0.6617,0.8918,0.5778,0.554,0.5854,0.5494,0.0,0.0,0.5817,0.566,0.6519,0.5919,0.0037,0.0259,0.1206,0.8089,
Cora,GraphSAGE,lbp,"{""scale"": 0.3}",456,eac9960f8ba0,0.81,0.00144,0.7054,0.8329,0.1274,0.6761,0.8936,0.5961,0.5549,0.5926,0.5596,0.0,0.0,0.5921,0.5665,0.6313,0.5826,0.0083,0.0129,0.1473,0.8336,
Cora,GraphSAGE,lbp,"{""scale"": 0.3}",789,eac9960f8ba0,0.81,0.00144,0.6879,0.8347,0.1468,0.6556,0.8977,0.6104,0.5753,0.5915,0.5559,0.0,0.0,0.5859,0.5702,0.6542,0.5951,0.0259,0.0268,0.1136,0.8343,
Cora,GraphSAGE,lbp,"{""scale"": 0.3}",1024,eac9960f8ba0,0.81,0.00144,0.6953,0.8153,0.12,0.6636,0.8966,0.5621,0.5365,0.5674,0.5411,0.0,0.0,0.566,0.5554,0.6484,0.603,0.0074,0.0166,0.1323,0.8236,
Cora,GraphSAGE,gtd,"{""gamma"": 1.0, ""stage1_frac"": 0.5, ""pseudo_conf"": 0.8}",42,eac9960f8ba0,0.81,0.00144,0.8846,1.0,0.1154,0.8812,0.9799,0.5992,0.5789,0.5815,0.5485,0.0,0.0083,0.5711,0.5702,0.5368,0.5222,0.0175,0.0305,0.0864,0.8478,
Cora,GraphSAGE,gtd,"{""gamma"": 1.0, ""stage1_frac"": 0.5, ""pseudo_conf"": 0.8}",123,eac9960f8ba0,0.81,0.00144,0.868,0.9991,0.1311,0.8588,0.9765,0.5885,0.5679,0.5838,0.5476,0.0,0.0092,0.5837,0.5702,0.5489,0.5268,0.0055,0.024,0.1008,0.8408,
Cora,GraphSAGE,gtd,"{""gamma"": 1.0, ""stage1_frac"": 0.5, ""pseudo_conf"": 0.8}",456,eac9960f8ba0,0.81,0.00144,0.8827,0.9991,0.1163,0.8746,0.9834,0.5818,0.5577,0.5765,0.5392,0.0,0.0148,0.5767,0.5605,0.5271,0.5185,0.0055,0.0157,0.0848,0.8229,
Cora,GraphSAGE,gtd,"{""gamma"": 1.0, ""stage1_frac"": 0.5, ""pseudo_conf"": 0.8}",789,eac9960f8ba0,0.81,0.00144,0.8772,1.0,0.1228,0.8613,0.986,0.57,0.5586,0.5923,0.5577,0.0,0.0139,0.5922,0.5674,0.5377,0.5319,0.0018,0.0166,0.0913,0.8236,
Cora,GraphSAGE,gtd,"{""gamma"": 1.0, ""stage1_frac"": 0.5, ""pseudo_conf"": 0.8}",1024,eac9960f8ba0,0.81,0.00144,0.867,1.0,0.133,0.8505,0.979,0.5841,0.5799,0.5871,0.5559,0.0,0.0231,0.5869,0.5771,0.5407,0.5443,0.0083,0.0175,0.0985,0.8279,
Cora,GraphSAGE,sami,"{""lam"": 0.5, ""use_lte"": true, ""use_gate"": true, ""beta"": 0.0, ""warmup_epochs"": 5, ""noise_scale"": 0.25}",42,eac9960f8ba0,0.81,0.00144,0.8892,0.9963,0.1071,0.8825,0.9575,0.5826,0.5688,0.5534,0.5254,0.0,0.0,0.5536,0.5522,0.5504,0.5351,0.0037,0.0166,0.1005,2.385,
Cora,GraphSAGE,sami,"{""lam"": 0.5, ""use_lte"": true, ""use_gate"": true, ""beta"": 0.0, ""warmup_epochs"": 5, ""noise_scale"": 0.25}",123,eac9960f8ba0,0.81,0.00144,0.8744,0.9963,0.1219,0.8632,0.9536,0.5747,0.5642,0.5861,0.5429,0.0,0.0,0.576,0.5711,0.5406,0.518,0.0046,0.0295,0.0937,2.5071,
Cora,GraphSAGE,sami,"{""lam"": 0.5, ""use_lte"": true, ""use_gate"": true, ""beta"": 0.0, ""warmup_epochs"": 5, ""noise_scale"": 0.25}",456,eac9960f8ba0,0.81,0.00144,0.879,0.9945,0.1154,0.8715,0.9555,0.5825,0.5457,0.5896,0.5633,0.0,0.0,0.5868,0.5623,0.5343,0.5217,0.0046,0.0203,0.0963,2.5124,
Cora,GraphSAGE,sami,"{""lam"": 0.5, ""use_lte"": true, ""use_gate"": true, ""beta"": 0.0, ""warmup_epochs"": 5, ""noise_scale"": 0.25}",789,eac9960f8ba0,0.81,0.00144,0.8837,0.9954,0.1117,0.8644,0.9624,0.571,0.5586,0.5781,0.5429,0.0,0.0,0.5652,0.5628,0.5236,0.5166,0.0175,0.0259,0.108,2.5751,
Cora,GraphSAGE,sami,"{""lam"": 0.5, ""use_lte"": true, ""use_gate"": true, ""beta"": 0.0, ""warmup_epochs"": 5, ""noise_scale"": 0.25}",1024,eac9960f8ba0,0.81,0.00144,0.8772,0.9945,0.1173,0.8614,0.9545,0.5577,0.5512,0.5709,0.5365,0.0,0.0,0.5566,0.5582,0.5449,0.5388,0.0139,0.0259,0.0871,2.609,
Citeseer,LogReg,none,{},42,eac9960f8ba0,0.7355,0.000823,0.695,1.0,0.305,0.6712,0.8967,0.7631,0.7663,0.7567,0.6897,0.0023,0.0165,0.7578,0.7675,0.6132,0.5819,0.015,0.0428,0.0653,0.0859,
Citeseer,LogReg,none,{},123,eac9960f8ba0,0.7355,0.000823,0.71,1.0,0.29,0.6809,0.9099,0.7691,0.7731,0.7468,0.6732,0.0015,0.0113,0.7643,0.7554,0.6304,0.5894,0.0135,0.0488,0.0522,0.0676,
Citeseer,LogReg,none,{},456,eac9960f8ba0,0.7355,0.000823,0.7055,0.9992,0.2938,0.68,0.9086,0.7708,0.7566,0.7595,0.6905,0.0,0.0113,0.7638,0.7585,0.624,0.5935,0.024,0.0443,0.0503,0.0736,
Citeseer,LogReg,none,{},789,eac9960f8ba0,0.7355,0.000823,0.7137,1.0,0.2863,0.6811,0.914,0.737,0.7528,0.7371,0.6732,0.0008,0.0075,0.7387,0.7547,0.6234,0.5924,0.0255,0.0503,0.0533,0.0711,
Citeseer,LogReg,none,{},1024,eac9960f8ba0,0.7355,0.000823,0.7032,1.0,0.2968,0.6631,0.9051,0.7458,0.7641,0.7467,0.6769,0.003,0.0113,0.7563,0.7618,0.632,0.5902,0.0165,0.0511,0.0694,0.066,
Citeseer,MLP,none,{},42,eac9960f8ba0,0.7355,0.000823,0.6912,1.0,0.3088,0.6699,0.895,0.8645,0.7994,0.865,0.8129,0.0,0.018,0.864,0.8035,0.6186,0.5849,0.0285,0.0541,0.1844,0.8365,
Citeseer,MLP,none,{},123,eac9960f8ba0,0.7355,0.000823,0.7002,1.0,0.2998,0.6727,0.9009,0.8759,0.8077,0.865,0.8174,0.0015,0.0323,0.8636,0.7994,0.6459,0.6104,0.0143,0.0511,0.1739,0.7458,
Citeseer,MLP,none,{},456,eac9960f8ba0,0.7355,0.000823,0.7077,0.9992,0.2915,0.6856,0.9059,0.879,0.7971,0.8731,0.8212,0.0075,0.027,0.8719,0.802,0.6417,0.6063,0.0376,0.0624,0.1709,1.0914,
Citeseer,MLP,none,{},789,eac9960f8ba0,0.7355,0.000823,0.7243,1.0,0.2757,0.6965,0.9111,0.8439,0.7979,0.8518,0.7926,0.0,0.0165,0.851,0.805,0.643,0.6131,0.0376,0.0624,0.1431,0.7033,
Citeseer,MLP,none,{},1024,eac9960f8ba0,0.7355,0.000823,0.6972,1.0,0.3028,0.6654,0.8982,0.8597,0.7994,0.8556,0.7949,0.0,0.0203,0.8549,0.8092,0.6514,0.6134,0.0285,0.0548,0.1787,0.7723,
Citeseer,GCN,none,{},42,eac9960f8ba0,0.7355,0.000823,0.716,0.979,0.263,0.6878,0.9068,0.645,0.6349,0.6445,0.5988,0.0045,0.0188,0.6448,0.6394,0.5499,0.5293,0.0,0.0083,0.1791,0.4428,
Citeseer,GCN,none,{},123,eac9960f8ba0,0.7355,0.000823,0.7122,0.9752,0.263,0.6862,0.914,0.6565,0.6379,0.6414,0.5883,0.0075,0.0285,0.6538,0.6292,0.5608,0.5432,0.003,0.015,0.1829,0.4444,
Citeseer,GCN,none,{},456,eac9960f8ba0,0.7355,0.000823,0.7183,0.976,0.2577,0.6922,0.9189,0.6602,0.6221,0.6552,0.6063,0.0045,0.018,0.6583,0.6307,0.5602,0.5436,0.0098,0.0323,0.1594,0.4614,
Citeseer,GCN,none,{},789,eac9960f8ba0,0.7355,0.000823,0.7243,0.9715,0.2472,0.693,0.9173,0.6134,0.6108,0.6225,0.5725,0.0023,0.009,0.6231,0.6183,0.5623,0.5398,0.0008,0.027,0.1649,0.4368,
Citeseer,GCN,none,{},1024,eac9960f8ba0,0.7355,0.000823,0.7145,0.9767,0.2622,0.6797,0.9163,0.6297,0.6304,0.6409,0.5913,0.003,0.0098,0.6411,0.6319,0.5657,0.5451,0.0023,0.0158,0.1802,0.4387,
Citeseer,GCN,dropedge,"{""rate"": 0.3}",42,eac9960f8ba0,0.7355,0.000823,0.734,0.9692,0.2352,0.7018,0.9087,0.6534,0.6183,0.6512,0.6048,0.0068,0.0158,0.6547,0.63,0.5466,0.5402,0.0,0.0128,0.1512,0.4739,
Citeseer,GCN,dropedge,"{""rate"": 0.3}",123,eac9960f8ba0,0.7355,0.000823,0.7168,0.9594,0.2427,0.6898,0.9161,0.6676,0.6191,0.6517,0.5965,0.0098,0.0233,0.6523,0.618,0.5542,0.5391,0.0053,0.0158,0.1598,0.4061,
Citeseer,GCN,dropedge,"{""rate"": 0.3}",456,eac9960f8ba0,0.7355,0.000823,0.7258,0.9519,0.2261,0.6979,0.9222,0.6689,0.6123,0.6624,0.6086,0.0023,0.0173,0.6634,0.627,0.5593,0.5409,0.015,0.0308,0.1309,0.4551,
Citeseer,GCN,dropedge,"{""rate"": 0.3}",789,eac9960f8ba0,0.7355,0.000823,0.7153,0.9482,0.2329,0.6829,0.9193,0.6205,0.6011,0.6335,0.5868,0.0023,0.0083,0.635,0.6101,0.5583,0.5361,0.0053,0.0263,0.1462,0.4047,
Citeseer,GCN,dropedge,"{""rate"": 0.3}",1024,eac9960f8ba0,0.7355,0.000823,0.7115,0.9609,0.2494,0.6763,0.9155,0.6453,0.6258,0.6498,0.5995,0.0023,0.0188,0.6519,0.621,0.5693,0.5473,0.0038,0.012,0.16,0.4079,
Citeseer,GCN,label_smoothing,"{""alpha"": 0.1}",42,eac9960f8ba0,0.7355,0.000823,0.7235,0.9767,0.2532,0.6962,0.8951,0.664,0.6536,0.6682,0.6296,0.0023,0.0098,0.6683,0.6533,0.557,0.5353,0.0023,0.0083,0.066,0.426,
Citeseer,GCN,label_smoothing,"{""alpha"": 0.1}",123,eac9960f8ba0,0.7355,0.000823,0.704,0.9722,0.2682,0.6791,0.903,0.677,0.6461,0.6585,0.6161,0.0023,0.0098,0.683,0.6315,0.5735,0.553,0.003,0.0173,0.0775,0.4209,
Citeseer,GCN,label_smoothing,"{""alpha"": 0.1}",456,eac9960f8ba0,0.7355,0.000823,0.7122,0.9722,0.26,0.6861,0.9071,0.6882,0.6416,0.6798,0.6424,0.0015,0.0053,0.6881,0.6424,0.5669,0.5413,0.015,0.0331,0.0585,0.4399,
Citeseer,GCN,label_smoothing,"{""alpha"": 0.1}",789,eac9960f8ba0,0.7355,0.000823,0.722,0.9647,0.2427,0.6875,0.9084,0.6242,0.6153,0.643,0.6138,0.0008,0.0015,0.6431,0.6337,0.565,0.5507,0.0045,0.0285,0.0607,0.4209,
Citeseer,GCN,label_smoothing,"{""alpha"": 0.1}",1024,eac9960f8ba0,0.7355,0.000823,0.707,0.9715,0.2645,0.6729,0.9071,0.6528,0.6409,0.6637,0.6243,0.0015,0.0045,0.6638,0.6439,0.5745,0.5477,0.0,0.0128,0.067,0.423,
Citeseer,GCN,lbp,"{""scale"": 0.3}",42,eac9960f8ba0,0.7355,0.000823,0.5868,0.8174,0.2307,0.5607,0.7921,0.6436,0.6101,0.6403,0.592,0.0,0.0,0.6396,0.6123,0.5803,0.5421,0.003,0.0233,0.0692,0.4225,
Citeseer,GCN,lbp,"{""scale"": 0.3}",123,eac9960f8ba0,0.7355,0.000823,0.5988,0.7986,0.1998,0.5775,0.8031,0.6479,0.6063,0.6322,0.5868,0.0,0.0,0.6315,0.6052,0.5908,0.5582,0.0075,0.0255,0.0562,0.4294,
Citeseer,GCN,lbp,"{""scale"": 0.3}",456,eac9960f8ba0,0.7355,0.000823,0.589,0.7911,0.2021,0.563,0.8018,0.6109,0.6056,0.6188,0.5785,0.0,0.0,0.6191,0.6071,0.6005,0.5552,0.0098,0.0428,0.0586,0.4173,
Citeseer,GCN,lbp,"{""scale"": 0.3}",789,eac9960f8ba0,0.7355,0.000823,0.6153,0.7851,0.1698,0.5874,0.8096,0.5992,0.586,0.6119,0.565,0.0,0.0,0.6104,0.5853,0.5975,0.5665,0.0098,0.0428,0.0629,0.4199,
Citeseer,GCN,lbp,"{""scale"": 0.3}",1024,eac9960f8ba0,0.7355,0.000823,0.5913,0.7971,0.2059,0.5657,0.7978,0.6326,0.6026,0.6215,0.5725,0.0,0.0,0.6161,0.5973,0.5974,0.562,0.0015,0.0293,0.0585,0.4262,
Citeseer,GCN,gtd,"{""gamma"": 1.0, ""stage1_frac"": 0.5, ""pseudo_conf"": 0.8}",42,eac9960f8ba0,0.7355,0.000823,0.7318,0.9707,0.2389,0.7005,0.9024,0.6516,0.6138,0.5864,0.5342,0.0038,0.0173,0.6591,0.6183,0.5363,0.524,0.0,0.0075,0.1958,0.4289,
Citeseer,GCN,gtd,"{""gamma"": 1.0, ""stage1_frac"": 0.5, ""pseudo_conf"": 0.8}",123,eac9960f8ba0,0.7355,0.000823,0.7168,0.9639,0.2472,0.6897,0.9113,0.6676,0.6296,0.5894,0.5342,0.0083,0.0218,0.6561,0.6206,0.5466,0.5368,0.003,0.0128,0.2124,0.4256,
Citeseer,GCN,gtd,"{""gamma"": 1.0, ""stage1_frac"": 0.5, ""pseudo_conf"": 0.8}",456,eac9960f8ba0,0.7355,0.000823,0.7243,0.9572,0.2329,0.6962,0.9172,0.6199,0.6003,0.5919,0.5364,0.003,0.0173,0.647,0.6157,0.5435,0.5248,0.0053,0.021,0.191,0.4221,
Citeseer,GCN,gtd,"{""gamma"": 1.0, ""stage1_frac"": 0.5, ""pseudo_conf"": 0.8}",789,eac9960f8ba0,0.7355,0.000823,0.7295,0.9617,0.2322,0.6995,0.911,0.6517,0.6093,0.5716,0.5229,0.0023,0.0083,0.6612,0.615,0.5488,0.5297,0.0023,0.0248,0.1994,0.4237,
Citeseer,GCN,gtd,"{""gamma"": 1.0, ""stage1_frac"": 0.5, ""pseudo_conf"": 0.8}",1024,eac9960f8ba0,0.7355,0.000823,0.7183,0.9654,0.2472,0.6783,0.9086,0.6751,0.6251,0.5866,0.5312,0.0015,0.0083,0.6677,0.6217,0.5549,0.5398,0.0015,0.0105,0.2105,0.424,
Citeseer,GCN,sami,"{""lam"": 0.5, ""use_lte"": true, ""use_gate"": true, ""beta"": 0.0, ""warmup_epochs"": 5, ""noise_scale"": 0.25}",42,eac9960f8ba0,0.7355,0.000823,0.728,0.9707,0.2427,0.702,0.8739,0.6305,0.6003,0.6405,0.5898,0.0,0.0278,0.6374,0.615,0.5497,0.5285,0.0008,0.012,0.0416,1.1805,
Citeseer,GCN,sami,"{""lam"": 0.5, ""use_lte"": true, ""use_gate"": true, ""beta"": 0.0, ""warmup_epochs"": 5, ""noise_scale"": 0.25}",123,eac9960f8ba0,0.7355,0.000823,0.7183,0.9617,0.2434,0.6965,0.8673,0.646,0.6183,0.6381,0.595,0.0,0.0,0.6387,0.6157,0.5747,0.5575,0.0053,0.027,0.0446,1.2027,
Citeseer,GCN,sami,"{""lam"": 0.5, ""use_lte"": true, ""use_gate"": true, ""beta"": 0.0, ""warmup_epochs"": 5, ""noise_scale"": 0.25}",456,eac9960f8ba0,0.7355,0.000823,0.7175,0.9482,0.2307,0.6901,0.8727,0.6554,0.6146,0.6463,0.5868,0.0,0.0195,0.6472,0.6202,0.581,0.553,0.003,0.0481,0.0474,1.211,
Citeseer,GCN,sami,"{""lam"": 0.5, ""use_lte"": true, ""use_gate"": true, ""beta"": 0.0, ""warmup_epochs"": 5, ""noise_scale"": 0.25}",789,eac9960f8ba0,0.7355,0.000823,0.728,0.9504,0.2224,0.6952,0.8742,0.5952,0.5965,0.6077,0.5635,0.0,0.0,0.6068,0.5988,0.5836,0.5552,0.0053,0.0413,0.0364,1.2545,
Citeseer,GCN,sami,"{""lam"": 0.5, ""use_lte"": true, ""use_gate"": true, ""beta"": 0.0, ""warmup_epochs"": 5, ""noise_scale"": 0.25}",1024,eac9960f8ba0,0.7355,0.000823,0.7265,0.9579,0.2314,0.699,0.8748,0.6366,0.6228,0.6297,0.5793,0.0,0.0,0.629,0.6176,0.5871,0.5567,0.0015,0.0376,0.0453,1.2409,
Citeseer,GraphSAGE,none,{},42,eac9960f8ba0,0.7355,0.000823,0.7408,1.0,0.2592,0.7073,0.9131,0.7372,0.7295,0.7326,0.6566,0.0008,0.0128,0.7324,0.7265,0.5833,0.5654,0.0083,0.0316,0.153,2.1031,
Citeseer,GraphSAGE,none,{},123,eac9960f8ba0,0.7355,0.000823,0.7431,0.9992,0.2562,0.7171,0.9252,0.7395,0.7325,0.7393,0.6679,0.0075,0.0308,0.7385,0.7322,0.595,0.5718,0.0105,0.0406,0.1386,2.2599,
Citeseer,GraphSAGE,none,{},456,eac9960f8ba0,0.7355,0.000823,0.7476,0.9992,0.2517,0.7182,0.926,0.7907,0.7536,0.7793,0.704,0.0015,0.0173,0.7788,0.7539,0.5953,0.5654,0.027,0.0548,0.1277,2.3533,
Citeseer,GraphSAGE,none,{},789,eac9960f8ba0,0.7355,0.000823,0.7423,1.0,0.2577,0.7077,0.9216,0.7187,0.7243,0.7282,0.6536,0.0,0.0105,0.7277,0.7284,0.599,0.574,0.015,0.0533,0.1459,2.2163,
Citeseer,GraphSAGE,none,{},1024,eac9960f8ba0,0.7355,0.000823,0.7265,0.9992,0.2727,0.6796,0.9206,0.7188,0.7318,0.7313,0.6536,0.0023,0.015,0.7308,0.7235,0.6056,0.5755,0.021,0.0466,0.1591,2.2795,
Citeseer,GraphSAGE,dropedge,"{""rate"": 0.3}",42,eac9960f8ba0,0.7355,0.000823,0.7431,1.0,0.2569,0.7076,0.9167,0.7583,0.7325,0.7535,0.6807,0.0023,0.0143,0.7534,0.7261,0.5834,0.5669,0.0143,0.0346,0.16,1.8744,
Citeseer,GraphSAGE,dropedge,"{""rate"": 0.3}",123,eac9960f8ba0,0.7355,0.000823,0.7543,1.0,0.2457,0.7291,0.9278,0.7637,0.7446,0.757,0.6867,0.0068,0.0248,0.7563,0.7348,0.6072,0.586,0.0105,0.0548,0.1412,1.6924,
Citeseer,GraphSAGE,dropedge,"{""rate"": 0.3}",456,eac9960f8ba0,0.7355,0.000823,0.7551,0.9992,0.2442,0.7267,0.9295,0.8,0.7551,0.7916,0.7145,0.0038,0.0203,0.791,0.7607,0.61,0.5879,0.0368,0.0511,0.1261,1.6726,
Citeseer,GraphSAGE,dropedge,"{""rate"": 0.3}",789,eac9960f8ba0,0.7355,0.000823,0.7573,1.0,0.2427,0.7222,0.926,0.7394,0.7385,0.7442,0.6612,0.0,0.0128,0.7439,0.7367,0.6056,0.5841,0.0113,0.0571,0.1372,1.6607,
Citeseer,GraphSAGE,dropedge,"{""rate"": 0.3}",1024,eac9960f8ba0,0.7355,0.000823,0.7408,0.9992,0.2585,0.7001,0.9248,0.7467,0.7423,0.7548,0.6732,0.003,0.015,0.7543,0.7397,0.619,0.592,0.0233,0.0413,0.1478,1.638,
Citeseer,GraphSAGE,label_smoothing,"{""alpha"": 0.1}",42,eac9960f8ba0,0.7355,0.000823,0.7393,1.0,0.2607,0.7062,0.9088,0.8048,0.7791,0.7978,0.7385,0.0,0.003,0.7975,0.7754,0.5968,0.5706,0.0143,0.0316,0.0385,2.074,
Citeseer,GraphSAGE,label_smoothing,"{""alpha"": 0.1}",123,eac9960f8ba0,0.7355,0.000823,0.7318,1.0,0.2682,0.7047,0.9203,0.8007,0.7836,0.7999,0.7408,0.0,0.0,0.7994,0.7829,0.6151,0.5838,0.0128,0.0406,0.0135,2.0791,
Citeseer,GraphSAGE,label_smoothing,"{""alpha"": 0.1}",456,eac9960f8ba0,0.7355,0.000823,0.7498,0.9992,0.2494,0.7169,0.9195,0.8458,0.8084,0.8387,0.7731,0.0,0.009,0.8384,0.8035,0.6144,0.5845,0.0338,0.0548,0.0421,2.0211,
Citeseer,GraphSAGE,label_smoothing,"{""alpha"": 0.1}",789,eac9960f8ba0,0.7355,0.000823,0.74,1.0,0.26,0.7017,0.9111,0.7928,0.7611,0.7971,0.7318,0.0,0.0008,0.7967,0.775,0.6065,0.5804,0.0165,0.0594,0.0321,2.0641,
Citeseer,GraphSAGE,label_smoothing,"{""alpha"": 0.1}",1024,eac9960f8ba0,0.7355,0.000823,0.7273,0.9992,0.272,0.6809,0.9166,0.7816,0.7618,0.7876,0.7243,0.0,0.0023,0.7868,0.7671,0.6198,0.592,0.0263,0.0526,0.034,2.1144,
Citeseer,GraphSAGE,lbp,"{""scale"": 0.3}",42,eac9960f8ba0,0.7355,0.000823,0.5995,0.8588,0.2592,0.572,0.7983,0.673,0.6289,0.663,0.6101,0.0,0.0,0.663,0.6311,0.6771,0.6131,0.0068,0.0293,0.0734,2.0579,
Citeseer,GraphSAGE,lbp,"{""scale"": 0.3}",123,eac9960f8ba0,0.7355,0.000823,0.6161,0.8415,0.2254,0.5905,0.8135,0.6679,0.6168,0.6554,0.6003,0.0,0.0,0.653,0.6168,0.6968,0.6228,0.0098,0.0398,0.0573,2.0854,
Citeseer,GraphSAGE,lbp,"{""scale"": 0.3}",456,eac9960f8ba0,0.7355,0.000823,0.6198,0.8475,0.2276,0.5897,0.8078,0.6404,0.6093,0.6374,0.5928,0.0,0.0,0.6363,0.6131,0.6946,0.618,0.0,0.0488,0.0711,2.1115,
Citeseer,GraphSAGE,lbp,"{""scale"": 0.3}",789,eac9960f8ba0,0.7355,0.000823,0.6319,0.8422,0.2104,0.5986,0.8116,0.6431,0.6033,0.6403,0.589,0.0,0.0,0.6389,0.6112,0.7032,0.6397,0.0098,0.0503,0.0691,2.1228,
Citeseer,GraphSAGE,lbp,"{""scale"": 0.3}",1024,eac9960f8ba0,0.7355,0.000823,0.598,0.8422,0.2442,0.562,0.7971,0.6567,0.6243,0.6484,0.595,0.0,0.0,0.6468,0.624,0.7066,0.6394,0.0158,0.0451,0.0528,2.1491,
Citeseer,GraphSAGE,gtd,"{""gamma"": 1.0, ""stage1_frac"": 0.5, ""pseudo_conf"": 0.8}",42,eac9960f8ba0,0.7355,0.000823,0.7363,1.0,0.2637,0.696,0.9019,0.6121,0.6349,0.6204,0.5567,0.0008,0.0188,0.6582,0.6397,0.5371,0.5274,0.0008,0.0105,0.233,2.1249,
Citeseer,GraphSAGE,gtd,"{""gamma"": 1.0, ""stage1_frac"": 0.5, ""pseudo_conf"": 0.8}",123,eac9960f8ba0,0.7355,0.000823,0.7408,0.9992,0.2585,0.7127,0.9136,0.6141,0.6319,0.614,0.547,0.0038,0.024,0.6378,0.6337,0.5492,0.5368,0.0038,0.0165,0.2255,3.5416,
Citeseer,GraphSAGE,gtd,"{""gamma"": 1.0, ""stage1_frac"": 0.5, ""pseudo_conf"": 0.8}",456,eac9960f8ba0,0.7355,0.000823,0.7438,0.9992,0.2554,0.7122,0.9184,0.6398,0.6296,0.6306,0.5725,0.003,0.0188,0.6429,0.636,0.5512,0.5357,0.006,0.0376,0.2223,2.4998,
Citeseer,GraphSAGE,gtd,"{""gamma"": 1.0, ""stage1_frac"": 0.5, ""pseudo_conf"": 0.8}",789,eac9960f8ba0,0.7355,0.000823,0.7468,1.0,0.2532,0.7088,0.9133,0.6139,0.6364,0.6057,0.5485,0.0,0.0105,0.6129,0.6296,0.552,0.5331,0.0068,0.0293,0.2216,2.2804,
Citeseer,GraphSAGE,gtd,"{""gamma"": 1.0, ""stage1_frac"": 0.5, ""pseudo_conf"": 0.8}",1024,eac9960f8ba0,0.7355,0.000823,0.728,0.9985,0.2705,0.6726,0.9106,0.6664,0.6431,0.6046,0.5372,0.0045,0.0135,0.6775,0.6397,0.5653,0.5466,0.003,0.018,0.2418,2.2597,
Citeseer,GraphSAGE,sami,"{""lam"": 0.5, ""use_lte"": true, ""use_gate"": true, ""beta"": 0.0, ""warmup_epochs"": 5, ""noise_scale"": 0.25}",42,eac9960f8ba0,0.7355,0.000823,0.74,0.9917,0.2517,0.7062,0.8791,0.6584,0.6221,0.6625,0.6048,0.0,0.0,0.6543,0.6319,0.5695,0.5413,0.0015,0.0278,0.0325,6.3513,
Citeseer,GraphSAGE,sami,"{""lam"": 0.5, ""use_lte"": true, ""use_gate"": true, ""beta"": 0.0, ""warmup_epochs"": 5, ""noise_scale"": 0.25}",123,eac9960f8ba0,0.7355,0.000823,0.7423,0.991,0.2487,0.7184,0.8773,0.6579,0.6213,0.656,0.6086,0.0,0.0,0.6504,0.6292,0.5922,0.565,0.0068,0.0316,0.042,5.8161,
Citeseer,GraphSAGE,sami,"{""lam"": 0.5, ""use_lte"": true, ""use_gate"": true, ""beta"": 0.0, ""warmup_epochs"": 5, ""noise_scale"": 0.25}",456,eac9960f8ba0,0.7355,0.000823,0.7498,0.9902,0.2404,0.7157,0.8837,0.6818,0.6431,0.667,0.6003,0.0,0.0,0.6654,0.63,0.5926,0.5601,0.0045,0.0421,0.0309,6.553,
Citeseer,GraphSAGE,sami,"{""lam"": 0.5, ""use_lte"": true, ""use_gate"": true, ""beta"": 0.0, ""warmup_epochs"": 5, ""noise_scale"": 0.25}",789,eac9960f8ba0,0.7355,0.000823,0.7483,0.991,0.2427,0.7161,0.882,0.6236,0.6108,0.6341,0.5853,0.0,0.0,0.6305,0.6172,0.5984,0.5699,0.0165,0.0533,0.0191,6.2637,
Citeseer,GraphSAGE,sami,"{""lam"": 0.5, ""use_lte"": true, ""use_gate"": true, ""beta"": 0.0, ""warmup_epochs"": 5, ""noise_scale"": 0.25}",1024,eac9960f8ba0,0.7355,0.000823,0.7423,0.985,0.2427,0.7096,0.8826,0.6613,0.6401,0.6558,0.598,0.0,0.0,0.6528,0.6304,0.5989,0.5654,0.012,0.0413,0.0512,6.4472,
PubMed,LogReg,none,{},42,eac9960f8ba0,0.8024,0.000228,0.851,0.8721,0.021,0.85,0.9564,0.5168,0.5171,0.5202,0.5119,0.0014,0.0113,0.509,0.5107,0.5034,0.503,0.0022,0.0127,0.1406,0.0702,
PubMed,LogReg,none,{},123,eac9960f8ba0,0.8024,0.000228,0.8541,0.8657,0.0117,0.8534,0.9562,0.5092,0.5021,0.511,0.5073,0.0011,0.0098,0.5124,0.509,0.5015,0.4985,0.0014,0.0093,0.1432,0.0512,
PubMed,LogReg,none,{},456,eac9960f8ba0,0.8024,0.000228,0.8473,0.8671,0.0198,0.8465,0.9551,0.5088,0.5023,0.515,0.5116,0.0001,0.0115,0.5139,0.5097,0.503,0.504,0.0008,0.0061,0.134,0.0565,
PubMed,LogReg,none,{},789,eac9960f8ba0,0.8024,0.000228,0.8536,0.8656,0.012,0.8511,0.9561,0.51,0.5125,0.5054,0.503,0.0011,0.0066,0.5127,0.5104,0.503,0.5057,0.001,0.0113,0.1368,0.0659,
PubMed,LogReg,none,{},1024,eac9960f8ba0,0.8024,0.000228,0.8551,0.8661,0.011,0.8536,0.9556,0.5045,0.5069,0.5107,0.5072,0.0005,0.0094,0.5104,0.5071,0.5014,0.4989,0.0004,0.0103,0.1385,0.0494,
PubMed,MLP,none,{},42,eac9960f8ba0,0.8024,0.000228,0.8442,1.0,0.1558,0.8437,0.9537,0.5732,0.6191,0.5759,0.5259,0.0,0.0,0.5758,0.617,0.5339,0.5236,0.0042,0.0123,0.1242,1.5492,
PubMed,MLP,none,{},123,eac9960f8ba0,0.8024,0.000228,0.8538,1.0,0.1462,0.8511,0.9583,0.5699,0.6149,0.5709,0.5216,0.0,0.0,0.571,0.6113,0.5314,0.5174,0.0038,0.0126,0.1142,2.1474,
PubMed,MLP,none,{},456,eac9960f8ba0,0.8024,0.000228,0.8479,0.9999,0.152,0.8471,0.9559,0.5535,0.6108,0.5583,0.5152,0.0,0.0,0.559,0.6211,0.5293,0.5182,0.003,0.0119,0.1266,2.1878,
PubMed,MLP,none,{},789,eac9960f8ba0,0.8024,0.000228,0.8504,1.0,0.1496,0.8479,0.9556,0.5539,0.6104,0.5538,0.5086,0.0,0.0,0.5528,0.6076,0.5326,0.524,0.001,0.011,0.1226,1.8259,
PubMed,MLP,none,{},1024,eac9960f8ba0,0.8024,0.000228,0.8579,1.0,0.1421,0.8555,0.9579,0.5659,0.6149,0.5581,0.5096,0.0,0.0,0.5579,0.6137,0.5323,0.5205,0.003,0.0148,0.1137,1.7239,
PubMed,GCN,none,{},42,eac9960f8ba0,0.8024,0.000228,0.8624,0.8764,0.0139,0.8563,0.9599,0.4921,0.4914,0.5111,0.51,0.0006,0.0113,0.5009,0.5034,0.4994,0.5018,0.001,0.0089,0.0906,1.6261,
PubMed,GCN,none,{},123,eac9960f8ba0,0.8024,0.000228,0.866,0.867,0.001,0.8601,0.9616,0.4946,0.4913,0.5012,0.5021,0.0008,0.0068,0.5005,0.501,0.503,0.5023,0.0018,0.0094,0.0974,1.6351,
PubMed,GCN,none,{},456,eac9960f8ba0,0.8024,0.000228,0.8585,0.8683,0.0098,0.8537,0.9594,0.5087,0.498,0.5114,0.507,0.002,0.0108,0.5082,0.507,0.4966,0.4999,0.0014,0.0103,0.0868,1.6574,
PubMed,GCN,none,{},789,eac9960f8ba0,0.8024,0.000228,0.8657,0.8652,-0.0005,0.86,0.9625,0.5019,0.4955,0.494,0.4928,0.0008,0.0115,0.4928,0.4937,0.5021,0.5023,0.0015,0.0098,0.0901,3.5517,
PubMed,GCN,none,{},1024,eac9960f8ba0,0.8024,0.000228,0.8632,0.8708,0.0076,0.8582,0.96,0.4966,0.4965,0.5027,0.4971,0.0013,0.0115,0.5053,0.5068,0.5001,0.4998,0.0009,0.0117,0.0874,2.5305,
PubMed,GCN,dropedge,"{""rate"": 0.3}",42,eac9960f8ba0,0.8024,0.000228,0.8631,0.8795,0.0165,0.8567,0.9603,0.4931,0.494,0.5113,0.5097,0.0005,0.0124,0.5033,0.5023,0.4961,0.499,0.001,0.0087,0.1148,1.2882,
PubMed,GCN,dropedge,"{""rate"": 0.3}",123,eac9960f8ba0,0.8024,0.000228,0.8688,0.8695,0.0008,0.8628,0.9623,0.4941,0.4998,0.5015,0.5034,0.0008,0.0068,0.5008,0.5046,0.5008,0.5004,0.001,0.0079,0.1195,1.4788,
PubMed,GCN,dropedge,"{""rate"": 0.3}",456,eac9960f8ba0,0.8024,0.000228,0.8621,0.8723,0.0103,0.8567,0.9603,0.5084,0.4996,0.5121,0.5078,0.0018,0.0113,0.5072,0.5083,0.4976,0.5003,0.0014,0.0091,0.1142,1.2617,
PubMed,GCN,dropedge,"{""rate"": 0.3}",789,eac9960f8ba0,0.8024,0.000228,0.8671,0.8689,0.0018,0.8614,0.9628,0.5045,0.4988,0.4942,0.4914,0.0005,0.0118,0.4937,0.4949,0.5027,0.5006,0.0016,0.0107,0.1124,1.2891,
PubMed,GCN,dropedge,"{""rate"": 0.3}",1024,eac9960f8ba0,0.8024,0.000228,0.8655,0.8737,0.0082,0.8601,0.9604,0.4969,0.4916,0.5032,0.4989,0.0015,0.0118,0.5024,0.5017,0.4998,0.5021,0.0009,0.0098,0.1148,1.3544,
PubMed,GCN,label_smoothing,"{""alpha"": 0.1}",42,eac9960f8ba0,0.8024,0.000228,0.8636,0.8766,0.0131,0.8574,0.9603,0.4944,0.4958,0.511,0.5105,0.0003,0.0117,0.5055,0.5037,0.4988,0.5015,0.0016,0.0093,0.1453,1.5563,
PubMed,GCN,label_smoothing,"{""alpha"": 0.1}",123,eac9960f8ba0,0.8024,0.000228,0.8659,0.8671,0.0013,0.8601,0.9617,0.4956,0.4921,0.5012,0.5044,0.001,0.007,0.5012,0.5015,0.4991,0.4969,0.0015,0.0094,0.148,1.6123,
PubMed,GCN,label_smoothing,"{""alpha"": 0.1}",456,eac9960f8ba0,0.8024,0.000228,0.8579,0.869,0.0112,0.8528,0.9598,0.5064,0.501,0.5119,0.5073,0.0015,0.0099,0.5068,0.5084,0.4965,0.4985,0.0015,0.0103,0.1418,1.6053,
PubMed,GCN,label_smoothing,"{""alpha"": 0.1}",789,eac9960f8ba0,0.8024,0.000228,0.866,0.869,0.003,0.8603,0.9627,0.4996,0.4964,0.4943,0.4949,0.0006,0.0112,0.4947,0.4961,0.5025,0.5023,0.0015,0.009,0.1426,1.5134,
PubMed,GCN,label_smoothing,"{""alpha"": 0.1}",1024,eac9960f8ba0,0.8024,0.000228,0.864,0.8733,0.0094,0.8585,0.9601,0.4962,0.493,0.5031,0.4983,0.0015,0.0126,0.5064,0.5069,0.4986,0.497,0.0013,0.0128,0.1421,1.4915,
PubMed,GCN,lbp,"{""scale"": 0.3}",42,eac9960f8ba0,0.8024,0.000228,0.7166,0.7294,0.0128,0.7071,0.8499,0.4969,0.5001,0.5036,0.5007,0.0,0.0,0.5006,0.5013,0.5004,0.5004,0.0011,0.0098,0.0548,1.5465,
PubMed,GCN,lbp,"{""scale"": 0.3}",123,eac9960f8ba0,0.8024,0.000228,0.7214,0.7247,0.0033,0.7119,0.849,0.4968,0.496,0.5029,0.5042,0.0,0.0,0.5005,0.4995,0.5005,0.5022,0.0009,0.0082,0.0676,1.4946,
PubMed,GCN,lbp,"{""scale"": 0.3}",456,eac9960f8ba0,0.8024,0.000228,0.7236,0.7247,0.0011,0.7138,0.8471,0.5008,0.4971,0.5082,0.506,0.0,0.0,0.5052,0.5053,0.4964,0.4986,0.0013,0.011,0.0709,1.466,
PubMed,GCN,lbp,"{""scale"": 0.3}",789,eac9960f8ba0,0.8024,0.000228,0.725,0.7242,-0.0008,0.7154,0.8547,0.4934,0.4911,0.5002,0.503,0.0,0.0,0.5001,0.4984,0.5045,0.5039,0.0019,0.0131,0.0591,1.5184,
PubMed,GCN,lbp,"{""scale"": 0.3}",1024,eac9960f8ba0,0.8024,0.000228,0.7213,0.732,0.0107,0.7105,0.8497,0.5063,0.5023,0.5017,0.4999,0.0,0.0,0.498,0.498,0.5001,0.499,0.0011,0.0087,0.0608,1.4631,
PubMed,GCN,gtd,"{""gamma"": 1.0, ""stage1_frac"": 0.5, ""pseudo_conf"": 0.8}",42,eac9960f8ba0,0.8024,0.000228,0.8566,0.8681,0.0115,0.8509,0.9562,0.49,0.4926,0.5087,0.5077,0.0005,0.0134,0.4997,0.502,0.4979,0.4979,0.0008,0.009,0.0734,1.4776,
PubMed,GCN,gtd,"{""gamma"": 1.0, ""stage1_frac"": 0.5, ""pseudo_conf"": 0.8}",123,eac9960f8ba0,0.8024,0.000228,0.8614,0.8581,-0.0033,0.856,0.9572,0.4937,0.4936,0.499,0.5007,0.0008,0.0085,0.5007,0.502,0.4997,0.5001,0.0019,0.0095,0.0808,1.4817,
PubMed,GCN,gtd,"{""gamma"": 1.0, ""stage1_frac"": 0.5, ""pseudo_conf"": 0.8}",456,eac9960f8ba0,0.8024,0.000228,0.8508,0.8607,0.0099,0.8461,0.9552,0.5045,0.4975,0.51,0.5078,0.0023,0.0101,0.5086,0.5063,0.4929,0.4972,0.0011,0.0094,0.0684,1.4778,
PubMed,GCN,gtd,"{""gamma"": 1.0, ""stage1_frac"": 0.5, ""pseudo_conf"": 0.8}",789,eac9960f8ba0,0.8024,0.000228,0.8591,0.8576,-0.0015,0.8538,0.9584,0.5039,0.497,0.4924,0.4898,0.0008,0.0126,0.4929,0.4951,0.5013,0.4998,0.0014,0.0093,0.07,1.4917,
PubMed,GCN,gtd,"{""gamma"": 1.0, ""stage1_frac"": 0.5, ""pseudo_conf"": 0.8}",1024,eac9960f8ba0,0.8024,0.000228,0.8551,0.8628,0.0077,0.85,0.956,0.4909,0.4914,0.5015,0.4985,0.0009,0.0107,0.4994,0.5038,0.4993,0.5002,0.0011,0.0114,0.0691,1.4811,
PubMed,GCN,sami,"{""lam"": 0.5, ""use_lte"": true, ""use_gate"": true, ""beta"": 0.0, ""warmup_epochs"": 5, ""noise_scale"": 0.25}",42,eac9960f8ba0,0.8024,0.000228,0.8495,0.8657,0.0162,0.8422,0.9413,0.5146,0.5082,0.5113,0.5039,0.0,0.0,0.5057,0.5056,0.495,0.4964,0.001,0.0096,0.0665,6.0576,
PubMed,GCN,sami,"{""lam"": 0.5, ""use_lte"": true, ""use_gate"": true, ""beta"": 0.0, ""warmup_epochs"": 5, ""noise_scale"": 0.25}",123,eac9960f8ba0,0.8024,0.000228,0.8553,0.8566,0.0013,0.8494,0.9424,0.5022,0.4999,0.505,0.5088,0.0,0.0,0.5093,0.5035,0.4951,0.4964,0.0009,0.0101,0.0783,6.3383,
PubMed,GCN,sami,"{""lam"": 0.5, ""use_lte"": true, ""use_gate"": true, ""beta"": 0.0, ""warmup_epochs"": 5, ""noise_scale"": 0.25}",456,eac9960f8ba0,0.8024,0.000228,0.8471,0.8601,0.0131,0.84,0.9393,0.5056,0.5039,0.5074,0.5074,0.0,0.0,0.5095,0.5067,0.4982,0.5011,0.0005,0.0087,0.0673,6.1528,
PubMed,GCN,sami,"{""lam"": 0.5, ""use_lte"": true, ""use_gate"": true, ""beta"": 0.0, ""warmup_epochs"": 5, ""noise_scale"": 0.25}",789,eac9960f8ba0,0.8024,0.000228,0.8542,0.8553,0.0011,0.8483,0.9437,0.5001,0.4968,0.4953,0.4979,0.0,0.0,0.5085,0.5074,0.5057,0.507,0.0023,0.011,0.0708,6.8709,
PubMed,GCN,sami,"{""lam"": 0.5, ""use_lte"": true, ""use_gate"": true, ""beta"": 0.0, ""warmup_epochs"": 5, ""noise_scale"": 0.25}",1024,eac9960f8ba0,0.8024,0.000228,0.849,0.8613,0.0123,0.8439,0.9423,0.5027,0.5046,0.5034,0.4996,0.0,0.0,0.5085,0.5042,0.5006,0.499,0.0015,0.0112,0.0649,6.2988,
PubMed,GraphSAGE,none,{},42,eac9960f8ba0,0.8024,0.000228,0.8795,0.905,0.0255,0.8752,0.9675,0.5052,0.5146,0.5193,0.5108,0.0015,0.0108,0.5093,0.5115,0.504,0.5023,0.0008,0.0123,0.0372,3.54,
PubMed,GraphSAGE,none,{},123,eac9960f8ba0,0.8024,0.000228,0.8779,0.8913,0.0134,0.8726,0.9691,0.5023,0.497,0.5102,0.5048,0.0008,0.0093,0.5091,0.5068,0.5056,0.501,0.0009,0.0128,0.041,3.3941,
PubMed,GraphSAGE,none,{},456,eac9960f8ba0,0.8024,0.000228,0.8705,0.9001,0.0295,0.8663,0.9659,0.5073,0.5087,0.5155,0.5089,0.0011,0.0114,0.5155,0.5117,0.5063,0.5075,0.0006,0.01,0.029,3.2796,
PubMed,GraphSAGE,none,{},789,eac9960f8ba0,0.8024,0.000228,0.8733,0.8993,0.026,0.8692,0.9678,0.5126,0.5048,0.5067,0.5001,0.001,0.0086,0.5189,0.5129,0.5089,0.5087,0.001,0.0087,0.0306,3.2748,
PubMed,GraphSAGE,none,{},1024,eac9960f8ba0,0.8024,0.000228,0.8717,0.8936,0.0219,0.8681,0.9653,0.5162,0.505,0.5067,0.5045,0.0001,0.0084,0.5154,0.5106,0.5037,0.5001,0.0022,0.0124,0.0307,3.382,
PubMed,GraphSAGE,dropedge,"{""rate"": 0.3}",42,eac9960f8ba0,0.8024,0.000228,0.8844,0.9074,0.0231,0.8807,0.9691,0.5147,0.5124,0.5202,0.5117,0.0016,0.0113,0.5137,0.5138,0.5005,0.5021,0.0016,0.0115,0.04,2.7872,
PubMed,GraphSAGE,dropedge,"{""rate"": 0.3}",123,eac9960f8ba0,0.8024,0.000228,0.8813,0.8958,0.0145,0.8769,0.9706,0.5021,0.4996,0.511,0.5063,0.0008,0.0091,0.5086,0.5057,0.5029,0.4959,0.001,0.0109,0.0398,2.546,
PubMed,GraphSAGE,dropedge,"{""rate"": 0.3}",456,eac9960f8ba0,0.8024,0.000228,0.8765,0.9025,0.026,0.8728,0.9676,0.5052,0.5016,0.5159,0.5088,0.0009,0.0122,0.5159,0.5118,0.5047,0.5048,0.0008,0.0108,0.0303,2.5309,
PubMed,GraphSAGE,dropedge,"{""rate"": 0.3}",789,eac9960f8ba0,0.8024,0.000228,0.8765,0.9022,0.0257,0.873,0.9693,0.5146,0.5073,0.5063,0.5013,0.0011,0.0076,0.5182,0.5122,0.508,0.5065,0.001,0.0108,0.0278,2.5922,
PubMed,GraphSAGE,dropedge,"{""rate"": 0.3}",1024,eac9960f8ba0,0.8024,0.000228,0.877,0.8954,0.0184,0.8738,0.9675,0.5113,0.5049,0.5071,0.5046,0.0003,0.0093,0.5162,0.5089,0.5026,0.4997,0.0018,0.0128,0.0282,2.5497,
PubMed,GraphSAGE,label_smoothing,"{""alpha"": 0.1}",42,eac9960f8ba0,0.8024,0.000228,0.8794,0.9029,0.0235,0.8755,0.9677,0.5183,0.5136,0.52,0.5124,0.0019,0.0101,0.5192,0.513,0.5015,0.5025,0.0011,0.0138,0.0967,3.2605,
PubMed,GraphSAGE,label_smoothing,"{""alpha"": 0.1}",123,eac9960f8ba0,0.8024,0.000228,0.8806,0.8937,0.0132,0.8755,0.9696,0.5043,0.4998,0.5116,0.5064,0.0008,0.0089,0.5104,0.5086,0.5052,0.4994,0.0006,0.0129,0.1059,3.321,
PubMed,GraphSAGE,label_smoothing,"{""alpha"": 0.1}",456,eac9960f8ba0,0.8024,0.000228,0.8716,0.8996,0.028,0.8678,0.9666,0.5099,0.5083,0.5171,0.5112,0.0006,0.0099,0.5171,0.514,0.5024,0.5027,0.0005,0.0103,0.0919,3.3367,
PubMed,GraphSAGE,label_smoothing,"{""alpha"": 0.1}",789,eac9960f8ba0,0.8024,0.000228,0.8751,0.8988,0.0237,0.8708,0.9686,0.5123,0.5063,0.5065,0.5015,0.0011,0.0089,0.5199,0.5141,0.5072,0.506,0.0009,0.0107,0.0925,3.2432,
PubMed,GraphSAGE,label_smoothing,"{""alpha"": 0.1}",1024,eac9960f8ba0,0.8024,0.000228,0.8738,0.8934,0.0195,0.8703,0.9658,0.5135,0.5072,0.5074,0.5055,0.0004,0.0095,0.517,0.5098,0.5046,0.4994,0.0014,0.0118,0.0933,3.2429,
PubMed,GraphSAGE,lbp,"{""scale"": 0.3}",42,eac9960f8ba0,0.8024,0.000228,0.7583,0.785,0.0266,0.7504,0.8784,0.5074,0.5102,0.5124,0.5078,0.0,0.0,0.5025,0.5041,0.5072,0.5041,0.0009,0.0133,0.0641,3.2786,
PubMed,GraphSAGE,lbp,"{""scale"": 0.3}",123,eac9960f8ba0,0.8024,0.000228,0.7667,0.7695,0.0028,0.7572,0.877,0.5071,0.5008,0.5085,0.5096,0.0,0.0,0.5063,0.508,0.5039,0.5027,0.0011,0.0123,0.0789,3.3213,
PubMed,GraphSAGE,lbp,"{""scale"": 0.3}",456,eac9960f8ba0,0.8024,0.000228,0.7648,0.7787,0.0139,0.7563,0.8745,0.5136,0.5045,0.5144,0.5103,0.0,0.0,0.5141,0.5062,0.5049,0.503,0.0022,0.0112,0.0793,3.2694,
PubMed,GraphSAGE,lbp,"{""scale"": 0.3}",789,eac9960f8ba0,0.8024,0.000228,0.7658,0.7768,0.011,0.7573,0.8819,0.5016,0.4993,0.5113,0.5074,0.0,0.0,0.498,0.4968,0.5085,0.5071,0.0013,0.0105,0.0712,3.3196,
PubMed,GraphSAGE,lbp,"{""scale"": 0.3}",1024,eac9960f8ba0,0.8024,0.000228,0.7626,0.7757,0.0131,0.7539,0.8759,0.5114,0.4994,0.5081,0.507,0.0,0.0,0.5052,0.5048,0.5009,0.4987,0.0011,0.0118,0.0713,3.3948,
PubMed,GraphSAGE,gtd,"{""gamma"": 1.0, ""stage1_frac"": 0.5, ""pseudo_conf"": 0.8}",42,eac9960f8ba0,0.8024,0.000228,0.8651,0.8866,0.0216,0.8611,0.9643,0.5059,0.5064,0.5122,0.5064,0.0013,0.0101,0.5105,0.506,0.5008,0.5036,0.0019,0.0101,0.0073,3.3682,
PubMed,GraphSAGE,gtd,"{""gamma"": 1.0, ""stage1_frac"": 0.5, ""pseudo_conf"": 0.8}",123,eac9960f8ba0,0.8024,0.000228,0.8703,0.8773,0.007,0.8643,0.9658,0.5047,0.4985,0.5046,0.4989,0.0011,0.0098,0.5089,0.5027,0.5019,0.4987,0.001,0.0105,0.0276,3.3009,
PubMed,GraphSAGE,gtd,"{""gamma"": 1.0, ""stage1_frac"": 0.5, ""pseudo_conf"": 0.8}",456,eac9960f8ba0,0.8024,0.000228,0.8659,0.8869,0.021,0.8614,0.9627,0.5005,0.5049,0.5093,0.5004,0.001,0.012,0.5115,0.5108,0.5001,0.5029,0.0004,0.011,0.0157,3.3393,
PubMed,GraphSAGE,gtd,"{""gamma"": 1.0, ""stage1_frac"": 0.5, ""pseudo_conf"": 0.8}",789,eac9960f8ba0,0.8024,0.000228,0.8646,0.8844,0.0198,0.8597,0.9646,0.5138,0.4998,0.5,0.4937,0.001,0.008,0.5189,0.5107,0.5064,0.5068,0.0004,0.0096,0.0125,3.4379,
PubMed,GraphSAGE,gtd,"{""gamma"": 1.0, ""stage1_frac"": 0.5, ""pseudo_conf"": 0.8}",1024,eac9960f8ba0,0.8024,0.000228,0.8629,0.8763,0.0133,0.8588,0.9622,0.5125,0.5054,0.5013,0.5002,0.0001,0.0079,0.5166,0.5122,0.5039,0.5027,0.0014,0.0094,0.0126,3.3125,
PubMed,GraphSAGE,sami,"{""lam"": 0.5, ""use_lte"": true, ""use_gate"": true, ""beta"": 0.0, ""warmup_epochs"": 5, ""noise_scale"": 0.25}",42,eac9960f8ba0,0.8024,0.000228,0.8638,0.8863,0.0224,0.8583,0.9478,0.518,0.5186,0.517,0.5117,0.0,0.0,0.5166,0.5124,0.5015,0.5007,0.0019,0.0099,0.0609,12.1289,
PubMed,GraphSAGE,sami,"{""lam"": 0.5, ""use_lte"": true, ""use_gate"": true, ""beta"": 0.0, ""warmup_epochs"": 5, ""noise_scale"": 0.25}",123,eac9960f8ba0,0.8024,0.000228,0.8657,0.8795,0.0138,0.8599,0.9503,0.4996,0.5026,0.5108,0.5091,0.0,0.0,0.5073,0.5031,0.5041,0.5014,0.0006,0.0089,0.0615,11.591,
PubMed,GraphSAGE,sami,"{""lam"": 0.5, ""use_lte"": true, ""use_gate"": true, ""beta"": 0.0, ""warmup_epochs"": 5, ""noise_scale"": 0.25}",456,eac9960f8ba0,0.8024,0.000228,0.8608,0.8892,0.0284,0.8551,0.9479,0.5118,0.51,0.5158,0.5082,0.0,0.0,0.5159,0.5102,0.4995,0.5015,0.0008,0.009,0.054,11.323,
PubMed,GraphSAGE,sami,"{""lam"": 0.5, ""use_lte"": true, ""use_gate"": true, ""beta"": 0.0, ""warmup_epochs"": 5, ""noise_scale"": 0.25}",789,eac9960f8ba0,0.8024,0.000228,0.869,0.891,0.0219,0.8638,0.9518,0.5092,0.507,0.5046,0.5021,0.0,0.0,0.5173,0.512,0.5053,0.5077,0.0034,0.0113,0.0587,11.67,
PubMed,GraphSAGE,sami,"{""lam"": 0.5, ""use_lte"": true, ""use_gate"": true, ""beta"": 0.0, ""warmup_epochs"": 5, ""noise_scale"": 0.25}",1024,eac9960f8ba0,0.8024,0.000228,0.8652,0.8889,0.0237,0.8616,0.9497,0.517,0.5127,0.5106,0.5048,0.0,0.0,0.515,0.5117,0.5025,0.5009,0.0027,0.0148,0.0547,11.5365,
synthetic_low_sparse,LogReg,none,{},42,eac9960f8ba0,0.2982,0.005,1.0,1.0,0.0,1.0,1.0,0.5523,0.4813,0.5596,0.5062,0.0312,0.0375,0.5594,0.5,0.4943,0.4969,0.025,0.0375,0.0015,0.0016,
synthetic_low_sparse,LogReg,none,{},123,eac9960f8ba0,0.2982,0.005,1.0,1.0,0.0,1.0,1.0,0.543,0.4813,0.5366,0.5188,0.0063,0.025,0.5366,0.5,0.4781,0.4719,0.0,0.0,0.0014,0.0015,
synthetic_low_sparse,LogReg,none,{},456,eac9960f8ba0,0.2982,0.005,1.0,1.0,0.0,1.0,1.0,0.5518,0.4688,0.5613,0.5437,0.0,0.0,0.5613,0.5,0.481,0.5406,0.0,0.0,0.0012,0.0013,
synthetic_low_sparse,LogReg,none,{},789,eac9960f8ba0,0.2982,0.005,1.0,1.0,0.0,1.0,1.0,0.4938,0.4938,0.494,0.4813,0.0063,0.0063,0.4962,0.5,0.4977,0.4625,0.0187,0.0187,0.0011,0.0011,
synthetic_low_sparse,LogReg,none,{},1024,eac9960f8ba0,0.2982,0.005,1.0,1.0,0.0,1.0,1.0,0.5813,0.4875,0.5616,0.5188,0.0125,0.0187,0.5622,0.5,0.5373,0.5406,0.0063,0.0125,0.0014,0.0017,
synthetic_low_sparse,MLP,none,{},42,eac9960f8ba0,0.2982,0.005,1.0,1.0,0.0,1.0,1.0,0.5337,0.4813,0.5456,0.525,0.025,0.025,0.5461,0.5125,0.5173,0.5188,0.0187,0.025,0.0037,0.0213,
synthetic_low_sparse,MLP,none,{},123,eac9960f8ba0,0.2982,0.005,1.0,1.0,0.0,1.0,1.0,0.5225,0.4813,0.5327,0.5188,0.0,0.0,0.5313,0.5,0.4645,0.4625,0.0,0.0063,0.0044,0.0161,
synthetic_low_sparse,MLP,none,{},456,eac9960f8ba0,0.2982,0.005,1.0,1.0,0.0,1.0,1.0,0.5092,0.4688,0.4963,0.5,0.0063,0.0063,0.5027,0.5,0.4691,0.5156,0.0125,0.0125,0.0036,0.0177,
synthetic_low_sparse,MLP,none,{},789,eac9960f8ba0,0.2982,0.005,1.0,1.0,0.0,1.0,1.0,0.4254,0.4938,0.5299,0.5312,0.0,0.0125,0.528,0.5,0.4937,0.4688,0.0125,0.0125,0.0039,0.0176,
synthetic_low_sparse,MLP,none,{},1024,eac9960f8ba0,0.2982,0.005,1.0,1.0,0.0,1.0,1.0,0.5119,0.4875,0.5283,0.5188,0.0125,0.0187,0.5301,0.5,0.5428,0.5437,0.0187,0.0187,0.0048,0.0216,
synthetic_low_sparse,GCN,none,{},42,eac9960f8ba0,0.2982,0.005,0.7562,0.9625,0.2063,0.7556,0.9692,0.6359,0.5813,0.5634,0.5375,0.0,0.0,0.5649,0.5219,0.4971,0.475,0.0187,0.025,0.132,0.0432,
synthetic_low_sparse,GCN,none,{},123,eac9960f8ba0,0.2982,0.005,0.8313,0.9688,0.1375,0.8296,0.9807,0.4963,0.5312,0.5271,0.5,0.0,0.0,0.5042,0.5219,0.4968,0.4875,0.0063,0.0187,0.0788,0.0407,
synthetic_low_sparse,GCN,none,{},456,eac9960f8ba0,0.2982,0.005,0.7875,0.9625,0.175,0.7859,0.9711,0.6508,0.4688,0.5701,0.5125,0.0,0.0,0.5349,0.5469,0.4788,0.5281,0.0063,0.0063,0.0697,0.054,
synthetic_low_sparse,GCN,none,{},789,eac9960f8ba0,0.2982,0.005,0.75,0.925,0.175,0.7521,0.955,0.5537,0.5938,0.6022,0.5625,0.0,0.0,0.5077,0.4625,0.4822,0.4688,0.0,0.0,0.1316,0.0416,
synthetic_low_sparse,GCN,none,{},1024,eac9960f8ba0,0.2982,0.005,0.7375,0.9563,0.2188,0.7328,0.9493,0.5983,0.6062,0.6297,0.5813,0.0,0.025,0.5111,0.525,0.5559,0.5656,0.0375,0.0437,0.1753,0.0417,
synthetic_low_sparse,GCN,dropedge,"{""rate"": 0.3}",42,eac9960f8ba0,0.2982,0.005,0.7125,0.8875,0.175,0.7143,0.9562,0.5972,0.5375,0.5891,0.575,0.0,0.0063,0.5138,0.525,0.4982,0.4781,0.025,0.025,0.1173,0.0391,
synthetic_low_sparse,GCN,dropedge,"{""rate"": 0.3}",123,eac9960f8ba0,0.2982,0.005,0.7625,0.925,0.1625,0.7552,0.9676,0.5398,0.4562,0.571,0.5437,0.0,0.0063,0.5085,0.525,0.4971,0.4938,0.0,0.0,0.0984,0.0454,
synthetic_low_sparse,GCN,dropedge,"{""rate"": 0.3}",456,eac9960f8ba0,0.2982,0.005,0.8063,0.9313,0.125,0.8045,0.9702,0.6229,0.4875,0.5783,0.5312,0.0125,0.0187,0.5384,0.4969,0.4695,0.5219,0.0125,0.0125,0.1786,0.0402,
synthetic_low_sparse,GCN,dropedge,"{""rate"": 0.3}",789,eac9960f8ba0,0.2982,0.005,0.7063,0.8812,0.175,0.6994,0.9493,0.5737,0.5375,0.6149,0.5563,0.0187,0.0312,0.5288,0.4875,0.4944,0.475,0.0,0.0063,0.0548,0.0392,
synthetic_low_sparse,GCN,dropedge,"{""rate"": 0.3}",1024,eac9960f8ba0,0.2982,0.005,0.6625,0.9125,0.25,0.6648,0.9436,0.6043,0.6,0.6407,0.6062,0.0125,0.025,0.5838,0.5625,0.5543,0.5625,0.025,0.0563,0.0788,0.0406,
synthetic_low_sparse,GCN,label_smoothing,"{""alpha"": 0.1}",42,eac9960f8ba0,0.2982,0.005,0.7188,0.9563,0.2375,0.7202,0.968,0.6478,0.5875,0.5802,0.5687,0.0,0.0,0.5868,0.5344,0.5032,0.4906,0.0063,0.0375,0.0504,0.0586,
synthetic_low_sparse,GCN,label_smoothing,"{""alpha"": 0.1}",123,eac9960f8ba0,0.2982,0.005,0.8187,0.9625,0.1438,0.817,0.9752,0.5239,0.5375,0.5611,0.5312,0.0063,0.0187,0.5293,0.5469,0.5,0.5,0.0,0.0063,0.1012,0.0405,
synthetic_low_sparse,GCN,label_smoothing,"{""alpha"": 0.1}",456,eac9960f8ba0,0.2982,0.005,0.8125,0.9563,0.1438,0.8075,0.9723,0.6171,0.4688,0.5811,0.5312,0.0,0.0063,0.5488,0.5281,0.4711,0.5281,0.0,0.0125,0.0953,0.042,
synthetic_low_sparse,GCN,label_smoothing,"{""alpha"": 0.1}",789,eac9960f8ba0,0.2982,0.005,0.7063,0.9375,0.2312,0.7023,0.9575,0.5673,0.5813,0.6113,0.5687,0.0,0.0,0.5703,0.4719,0.4884,0.4688,0.0,0.0,0.0416,0.0428,
synthetic_low_sparse,GCN,label_smoothing,"{""alpha"": 0.1}",1024,eac9960f8ba0,0.2982,0.005,0.6937,0.9437,0.25,0.689,0.9479,0.6065,0.625,0.6506,0.6188,0.025,0.025,0.65,0.6094,0.5506,0.5563,0.0312,0.0375,0.0658,0.0433,
synthetic_low_sparse,GCN,lbp,"{""scale"": 0.3}",42,eac9960f8ba0,0.2982,0.005,0.65,0.75,0.1,0.6492,0.8656,0.5395,0.525,0.5521,0.5312,0.0,0.0,0.5411,0.525,0.4976,0.4813,0.0,0.0125,0.0622,0.0425,
synthetic_low_sparse,GCN,lbp,"{""scale"": 0.3}",123,eac9960f8ba0,0.2982,0.005,0.7063,0.7875,0.0812,0.7046,0.8858,0.5922,0.5625,0.5245,0.4938,0.0,0.0,0.3988,0.4562,0.4776,0.4688,0.025,0.025,0.1167,0.0411,
synthetic_low_sparse,GCN,lbp,"{""scale"": 0.3}",456,eac9960f8ba0,0.2982,0.005,0.65,0.7125,0.0625,0.6431,0.8699,0.5589,0.4813,0.5187,0.5125,0.0,0.0,0.4685,0.4594,0.4698,0.5375,0.0125,0.0125,0.0489,0.0408,
synthetic_low_sparse,GCN,lbp,"{""scale"": 0.3}",789,eac9960f8ba0,0.2982,0.005,0.6438,0.725,0.0812,0.6433,0.8759,0.5265,0.5312,0.5422,0.525,0.0,0.0,0.4615,0.4781,0.4763,0.475,0.0,0.0125,0.0672,0.043,
synthetic_low_sparse,GCN,lbp,"{""scale"": 0.3}",1024,eac9960f8ba0,0.2982,0.005,0.6375,0.725,0.0875,0.6366,0.8245,0.538,0.5437,0.5613,0.55,0.0,0.0,0.4893,0.4813,0.5429,0.5344,0.0187,0.0312,0.0693,0.0408,
synthetic_low_sparse,GCN,gtd,"{""gamma"": 1.0, ""stage1_frac"": 0.5, ""pseudo_conf"": 0.8}",42,eac9960f8ba0,0.2982,0.005,0.7375,0.9375,0.2,0.7367,0.9677,0.6126,0.55,0.5514,0.5375,0.0,0.0,0.5316,0.4969,0.4975,0.475,0.0187,0.025,0.1405,0.0437,
synthetic_low_sparse,GCN,gtd,"{""gamma"": 1.0, ""stage1_frac"": 0.5, ""pseudo_conf"": 0.8}",123,eac9960f8ba0,0.2982,0.005,0.8375,0.9625,0.125,0.8371,0.9805,0.5728,0.5312,0.5117,0.4875,0.0,0.0,0.489,0.5062,0.4976,0.4938,0.0063,0.0187,0.0802,0.0439,
synthetic_low_sparse,GCN,gtd,"{""gamma"": 1.0, ""stage1_frac"": 0.5, ""pseudo_conf"": 0.8}",456,eac9960f8ba0,0.2982,0.005,0.8063,0.925,0.1188,0.8023,0.9698,0.5409,0.4188,0.5547,0.4938,0.0,0.0,0.529,0.5375,0.4836,0.5281,0.0063,0.0063,0.0607,0.0449,
synthetic_low_sparse,GCN,gtd,"{""gamma"": 1.0, ""stage1_frac"": 0.5, ""pseudo_conf"": 0.8}",789,eac9960f8ba0,0.2982,0.005,0.7438,0.9187,0.175,0.7465,0.9543,0.5426,0.5687,0.5958,0.55,0.0,0.0125,0.4754,0.4625,0.4874,0.4781,0.0,0.0,0.1183,0.0432,
synthetic_low_sparse,GCN,gtd,"{""gamma"": 1.0, ""stage1_frac"": 0.5, ""pseudo_conf"": 0.8}",1024,eac9960f8ba0,0.2982,0.005,0.7562,0.9313,0.175,0.7505,0.9495,0.5786,0.5938,0.6121,0.5625,0.0,0.0,0.452,0.4094,0.5528,0.5594,0.0187,0.0437,0.1957,0.0441,
synthetic_low_sparse,GCN,sami,"{""lam"": 0.5, ""use_lte"": true, ""use_gate"": true, ""beta"": 0.0, ""warmup_epochs"": 5, ""noise_scale"": 0.25}",42,eac9960f8ba0,0.2982,0.005,0.775,0.9125,0.1375,0.7757,0.9155,0.5817,0.6062,0.6027,0.5625,0.0,0.0,0.5893,0.5781,0.5395,0.5344,0.0125,0.0187,0.0704,0.1942,
synthetic_low_sparse,GCN,sami,"{""lam"": 0.5, ""use_lte"": true, ""use_gate"": true, ""beta"": 0.0, ""warmup_epochs"": 5, ""noise_scale"": 0.25}",123,eac9960f8ba0,0.2982,0.005,0.8125,0.9375,0.125,0.8099,0.9397,0.582,0.5563,0.5868,0.5437,0.0,0.0,0.5579,0.5312,0.4777,0.4781,0.0187,0.0187,0.1067,0.1912,
synthetic_low_sparse,GCN,sami,"{""lam"": 0.5, ""use_lte"": true, ""use_gate"": true, ""beta"": 0.0, ""warmup_epochs"": 5, ""noise_scale"": 0.25}",456,eac9960f8ba0,0.2982,0.005,0.775,0.9,0.125,0.7691,0.9333,0.629,0.5312,0.5888,0.5563,0.0,0.0,0.5176,0.5,0.4998,0.5344,0.0,0.0375,0.0694,0.186,
synthetic_low_sparse,GCN,sami,"{""lam"": 0.5, ""use_lte"": true, ""use_gate"": true, ""beta"": 0.0, ""warmup_epochs"": 5, ""noise_scale"": 0.25}",789,eac9960f8ba0,0.2982,0.005,0.75,0.8812,0.1312,0.7505,0.921,0.5854,0.575,0.6049,0.5813,0.0,0.0,0.5115,0.475,0.4623,0.475,0.0,0.0063,0.0382,0.1912,
synthetic_low_sparse,GCN,sami,"{""lam"": 0.5, ""use_lte"": true, ""use_gate"": true, ""beta"": 0.0, ""warmup_epochs"": 5, ""noise_scale"": 0.25}",1024,eac9960f8ba0,0.2982,0.005,0.7125,0.9375,0.225,0.7104,0.8825,0.6268,0.6,0.6381,0.5875,0.0,0.0,0.5445,0.5469,0.546,0.5594,0.0063,0.0063,0.0888,0.1903,
synthetic_low_sparse,GraphSAGE,none,{},42,eac9960f8ba0,0.2982,0.005,1.0,1.0,0.0,1.0,1.0,0.6293,0.4813,0.5547,0.5,0.0,0.0,0.6157,0.5,0.5047,0.4969,0.0,0.0,0.0,0.0395,
synthetic_low_sparse,GraphSAGE,none,{},123,eac9960f8ba0,0.2982,0.005,1.0,1.0,0.0,1.0,1.0,0.3953,0.4813,0.5863,0.5,0.0,0.0,0.4093,0.5,0.4886,0.4969,0.0,0.0,0.0,0.039,
synthetic_low_sparse,GraphSAGE,none,{},456,eac9960f8ba0,0.2982,0.005,1.0,1.0,0.0,1.0,1.0,0.4551,0.4688,0.5179,0.5,0.0,0.0,0.524,0.5,0.4866,0.5031,0.0,0.0,0.0,0.0389,
synthetic_low_sparse,GraphSAGE,none,{},789,eac9960f8ba0,0.2982,0.005,1.0,1.0,0.0,1.0,1.0,0.604,0.4938,0.513,0.5,0.0,0.0,0.5696,0.5,0.4972,0.4969,0.0,0.0,0.0,0.0387,
synthetic_low_sparse,GraphSAGE,none,{},1024,eac9960f8ba0,0.2982,0.005,1.0,1.0,0.0,1.0,1.0,0.5904,0.4875,0.5403,0.5,0.0,0.0,0.5823,0.5,0.5244,0.5281,0.0,0.05,0.0,0.0396,
synthetic_low_sparse,GraphSAGE,dropedge,"{""rate"": 0.3}",42,eac9960f8ba0,0.2982,0.005,1.0,1.0,0.0,1.0,1.0,0.5224,0.4813,0.5187,0.5,0.0,0.0,0.561,0.5,0.5088,0.5,0.0,0.0,0.0,0.0359,
synthetic_low_sparse,GraphSAGE,dropedge,"{""rate"": 0.3}",123,eac9960f8ba0,0.2982,0.005,1.0,1.0,0.0,1.0,1.0,0.5342,0.4813,0.538,0.5,0.0,0.0,0.4829,0.5,0.5021,0.4938,0.0,0.0,0.0,0.0368,
synthetic_low_sparse,GraphSAGE,dropedge,"{""rate"": 0.3}",456,eac9960f8ba0,0.2982,0.005,1.0,1.0,0.0,1.0,1.0,0.4875,0.4688,0.5031,0.5,0.0,0.0,0.5463,0.5,0.487,0.5062,0.0,0.0,0.0,0.0369,
synthetic_low_sparse,GraphSAGE,dropedge,"{""rate"": 0.3}",789,eac9960f8ba0,0.2982,0.005,1.0,1.0,0.0,1.0,1.0,0.5451,0.4938,0.5097,0.5,0.0,0.0,0.445,0.5,0.4843,0.4781,0.0,0.0,0.0,0.0361,
synthetic_low_sparse,GraphSAGE,dropedge,"{""rate"": 0.3}",1024,eac9960f8ba0,0.2982,0.005,1.0,1.0,0.0,1.0,1.0,0.5077,0.4875,0.5262,0.5,0.0,0.0,0.5298,0.5,0.5148,0.5156,0.0,0.05,0.0,0.0351,
synthetic_low_sparse,GraphSAGE,label_smoothing,"{""alpha"": 0.1}",42,eac9960f8ba0,0.2982,0.005,1.0,1.0,0.0,1.0,1.0,0.5675,0.6188,0.6257,0.6,0.0,0.0063,0.6228,0.6188,0.5144,0.5094,0.0063,0.0187,0.1049,0.0405,
synthetic_low_sparse,GraphSAGE,label_smoothing,"{""alpha"": 0.1}",123,eac9960f8ba0,0.2982,0.005,1.0,1.0,0.0,1.0,1.0,0.6174,0.4938,0.6139,0.5563,0.0,0.0,0.6113,0.6031,0.4764,0.475,0.0063,0.0063,0.0949,0.0402,
synthetic_low_sparse,GraphSAGE,label_smoothing,"{""alpha"": 0.1}",456,eac9960f8ba0,0.2982,0.005,1.0,1.0,0.0,1.0,1.0,0.6187,0.55,0.6403,0.6,0.0063,0.0063,0.6393,0.6375,0.4784,0.5312,0.0063,0.025,0.0999,0.0403,
synthetic_low_sparse,GraphSAGE,label_smoothing,"{""alpha"": 0.1}",789,eac9960f8ba0,0.2982,0.005,1.0,1.0,0.0,1.0,1.0,0.6449,0.625,0.6459,0.6062,0.0125,0.0375,0.6435,0.575,0.4988,0.4781,0.0,0.0312,0.1151,0.0396,
synthetic_low_sparse,GraphSAGE,label_smoothing,"{""alpha"": 0.1}",1024,eac9960f8ba0,0.2982,0.005,1.0,1.0,0.0,1.0,1.0,0.6301,0.6438,0.635,0.575,0.0,0.0,0.6336,0.5906,0.5347,0.5469,0.0,0.0,0.1277,0.0394,
synthetic_low_sparse,GraphSAGE,lbp,"{""scale"": 0.3}",42,eac9960f8ba0,0.2982,0.005,0.85,0.8625,0.0125,0.8478,0.974,0.5004,0.5062,0.4833,0.4875,0.0,0.0,0.4897,0.5094,0.4898,0.4875,0.0,0.0063,0.1725,0.0389,
synthetic_low_sparse,GraphSAGE,lbp,"{""scale"": 0.3}",123,eac9960f8ba0,0.2982,0.005,0.875,0.875,0.0,0.8722,0.9624,0.4869,0.4938,0.4917,0.475,0.0,0.0,0.4485,0.4656,0.5113,0.4906,0.0,0.025,0.1897,0.0392,
synthetic_low_sparse,GraphSAGE,lbp,"{""scale"": 0.3}",456,eac9960f8ba0,0.2982,0.005,0.8875,0.8313,-0.0562,0.8832,0.9855,0.5186,0.4938,0.4511,0.4875,0.0,0.0,0.4745,0.5031,0.4467,0.5,0.0,0.0187,0.2056,0.0385,
synthetic_low_sparse,GraphSAGE,lbp,"{""scale"": 0.3}",789,eac9960f8ba0,0.2982,0.005,0.9125,0.8375,-0.075,0.9121,0.9802,0.5438,0.5062,0.4507,0.4562,0.0,0.0,0.4648,0.475,0.4693,0.4656,0.0,0.0125,0.2259,0.0395,
synthetic_low_sparse,GraphSAGE,lbp,"{""scale"": 0.3}",1024,eac9960f8ba0,0.2982,0.005,0.8875,0.8125,-0.075,0.8881,0.9809,0.5011,0.5062,0.4548,0.4562,0.0,0.0,0.4805,0.5062,0.5299,0.55,0.0,0.0125,0.2131,0.0398,
synthetic_low_sparse,GraphSAGE,gtd,"{""gamma"": 1.0, ""stage1_frac"": 0.5, ""pseudo_conf"": 0.8}",42,eac9960f8ba0,0.2982,0.005,1.0,1.0,0.0,1.0,1.0,0.6073,0.4813,0.5507,0.5,0.0,0.0,0.6037,0.5,0.4939,0.4906,0.0,0.0,0.0,0.0403,
synthetic_low_sparse,GraphSAGE,gtd,"{""gamma"": 1.0, ""stage1_frac"": 0.5, ""pseudo_conf"": 0.8}",123,eac9960f8ba0,0.2982,0.005,1.0,1.0,0.0,1.0,1.0,0.5575,0.4813,0.5597,0.5,0.0,0.0,0.4614,0.5,0.4962,0.4906,0.0,0.0,0.0,0.0415,
synthetic_low_sparse,GraphSAGE,gtd,"{""gamma"": 1.0, ""stage1_frac"": 0.5, ""pseudo_conf"": 0.8}",456,eac9960f8ba0,0.2982,0.005,1.0,1.0,0.0,1.0,1.0,0.4558,0.4688,0.5209,0.5,0.0,0.0,0.5339,0.5,0.4926,0.5125,0.0,0.0,0.0,0.0415,
synthetic_low_sparse,GraphSAGE,gtd,"{""gamma"": 1.0, ""stage1_frac"": 0.5, ""pseudo_conf"": 0.8}",789,eac9960f8ba0,0.2982,0.005,1.0,1.0,0.0,1.0,1.0,0.5801,0.4938,0.5132,0.5,0.0,0.0,0.5582,0.5,0.493,0.4969,0.0,0.0,0.0,0.0446,
synthetic_low_sparse,GraphSAGE,gtd,"{""gamma"": 1.0, ""stage1_frac"": 0.5, ""pseudo_conf"": 0.8}",1024,eac9960f8ba0,0.2982,0.005,1.0,1.0,0.0,1.0,1.0,0.5911,0.4875,0.5217,0.5,0.0,0.0,0.5927,0.5,0.5222,0.5156,0.0,0.05,0.0,0.0411,
synthetic_low_sparse,GraphSAGE,sami,"{""lam"": 0.5, ""use_lte"": true, ""use_gate"": true, ""beta"": 0.0, ""warmup_epochs"": 5, ""noise_scale"": 0.25}",42,eac9960f8ba0,0.2982,0.005,0.9812,0.9875,0.0063,0.9804,0.9995,0.4511,0.4813,0.5102,0.4938,0.0,0.0,0.5168,0.5,0.5294,0.5188,0.0,0.0125,0.1605,0.1862,
synthetic_low_sparse,GraphSAGE,sami,"{""lam"": 0.5, ""use_lte"": true, ""use_gate"": true, ""beta"": 0.0, ""warmup_epochs"": 5, ""noise_scale"": 0.25}",123,eac9960f8ba0,0.2982,0.005,0.9938,0.9875,-0.0062,0.9944,0.999,0.5508,0.4813,0.5297,0.5437,0.0,0.0,0.5436,0.5312,0.4779,0.4938,0.0,0.0125,0.1801,0.1787,
synthetic_low_sparse,GraphSAGE,sami,"{""lam"": 0.5, ""use_lte"": true, ""use_gate"": true, ""beta"": 0.0, ""warmup_epochs"": 5, ""noise_scale"": 0.25}",456,eac9960f8ba0,0.2982,0.005,0.9938,0.9812,-0.0125,0.9926,1.0,0.4707,0.4625,0.5022,0.5188,0.0,0.0,0.5104,0.4938,0.5009,0.5125,0.0,0.0125,0.1746,0.1791,
synthetic_low_sparse,GraphSAGE,sami,"{""lam"": 0.5, ""use_lte"": true, ""use_gate"": true, ""beta"": 0.0, ""warmup_epochs"": 5, ""noise_scale"": 0.25}",789,eac9960f8ba0,0.2982,0.005,0.9938,0.9812,-0.0125,0.9937,0.9997,0.4904,0.4562,0.4994,0.5125,0.0,0.0,0.4923,0.5094,0.4831,0.4938,0.0,0.0063,0.1728,0.1795,
synthetic_low_sparse,GraphSAGE,sami,"{""lam"": 0.5, ""use_lte"": true, ""use_gate"": true, ""beta"": 0.0, ""warmup_epochs"": 5, ""noise_scale"": 0.25}",1024,eac9960f8ba0,0.2982,0.005,0.9812,1.0,0.0188,0.9792,1.0,0.4668,0.4875,0.5092,0.5188,0.0,0.0,0.5078,0.5062,0.547,0.5563,0.0,0.0,0.1519,0.1789,
synthetic_low_medium,LogReg,none,{},42,eac9960f8ba0,0.2999,0.015,1.0,1.0,0.0,1.0,1.0,0.5523,0.4813,0.5596,0.5062,0.0312,0.0375,0.5594,0.5,0.4943,0.4969,0.025,0.0375,0.0015,0.0015,
synthetic_low_medium,LogReg,none,{},123,eac9960f8ba0,0.2999,0.015,1.0,1.0,0.0,1.0,1.0,0.543,0.4813,0.5366,0.5188,0.0063,0.025,0.5366,0.5,0.4781,0.4719,0.0,0.0,0.0014,0.0012,
synthetic_low_medium,LogReg,none,{},456,eac9960f8ba0,0.2999,0.015,1.0,1.0,0.0,1.0,1.0,0.5518,0.4688,0.5613,0.5437,0.0,0.0,0.5613,0.5,0.481,0.5406,0.0,0.0,0.0012,0.0013,
synthetic_low_medium,LogReg,none,{},789,eac9960f8ba0,0.2999,0.015,1.0,1.0,0.0,1.0,1.0,0.4938,0.4938,0.494,0.4813,0.0063,0.0063,0.4962,0.5,0.4977,0.4625,0.0187,0.0187,0.0011,0.0011,
synthetic_low_medium,LogReg,none,{},1024,eac9960f8ba0,0.2999,0.015,1.0,1.0,0.0,1.0,1.0,0.5813,0.4875,0.5616,0.5188,0.0125,0.0187,0.5622,0.5,0.5373,0.5406,0.0063,0.0125,0.0014,0.0019,
synthetic_low_medium,MLP,none,{},42,eac9960f8ba0,0.2999,0.015,1.0,1.0,0.0,1.0,1.0,0.5337,0.4813,0.5456,0.525,0.025,0.025,0.5461,0.5125,0.5173,0.5188,0.0187,0.025,0.0037,0.018,
synthetic_low_medium,MLP,none,{},123,eac9960f8ba0,0.2999,0.015,1.0,1.0,0.0,1.0,1.0,0.5225,0.4813,0.5327,0.5188,0.0,0.0,0.5313,0.5,0.4645,0.4625,0.0,0.0063,0.0044,0.0148,
synthetic_low_medium,MLP,none,{},456,eac9960f8ba0,0.2999,0.015,1.0,1.0,0.0,1.0,1.0,0.5092,0.4688,0.4963,0.5,0.0063,0.0063,0.5027,0.5,0.4691,0.5156,0.0125,0.0125,0.0036,0.0192,
synthetic_low_medium,MLP,none,{},789,eac9960f8ba0,0.2999,0.015,1.0,1.0,0.0,1.0,1.0,0.4254,0.4938,0.5299,0.5312,0.0,0.0125,0.528,0.5,0.4937,0.4688,0.0125,0.0125,0.0039,0.0186,
synthetic_low_medium,MLP,none,{},1024,eac9960f8ba0,0.2999,0.015,1.0,1.0,0.0,1.0,1.0,0.5119,0.4875,0.5283,0.5188,0.0125,0.0187,0.5301,0.5,0.5428,0.5437,0.0187,0.0187,0.0048,0.0198,
synthetic_low_medium,GCN,none,{},42,eac9960f8ba0,0.2999,0.015,0.825,0.925,0.1,0.8234,0.967,0.476,0.5062,0.5525,0.5312,0.0063,0.0063,0.4712,0.4719,0.5071,0.4938,0.0,0.025,0.0519,0.0494,
synthetic_low_medium,GCN,none,{},123,eac9960f8ba0,0.2999,0.015,0.8313,0.9313,0.1,0.8261,0.9715,0.5896,0.5312,0.5124,0.4813,0.0,0.0063,0.474,0.4875,0.4803,0.4781,0.0,0.0,0.0567,0.0475,
synthetic_low_medium,GCN,none,{},456,eac9960f8ba0,0.2999,0.015,0.775,0.9375,0.1625,0.7698,0.9666,0.5485,0.55,0.5791,0.525,0.0187,0.0187,0.5594,0.5563,0.4607,0.5094,0.0312,0.0312,0.0755,0.0491,
synthetic_low_medium,GCN,none,{},789,eac9960f8ba0,0.2999,0.015,0.8187,0.925,0.1063,0.816,0.9728,0.5509,0.5563,0.5758,0.575,0.0063,0.0125,0.4854,0.4625,0.4811,0.4594,0.0,0.0,0.0596,0.0471,
synthetic_low_medium,GCN,none,{},1024,eac9960f8ba0,0.2999,0.015,0.7812,0.9125,0.1312,0.7815,0.9727,0.6255,0.575,0.5555,0.5375,0.0,0.025,0.5254,0.5156,0.5351,0.5281,0.0063,0.0063,0.0731,0.0475,
synthetic_low_medium,GCN,dropedge,"{""rate"": 0.3}",42,eac9960f8ba0,0.2999,0.015,0.8,0.875,0.075,0.7989,0.9678,0.5619,0.5062,0.5623,0.525,0.0,0.0,0.5443,0.5437,0.5049,0.4938,0.0,0.025,0.1678,0.045,
synthetic_low_medium,GCN,dropedge,"{""rate"": 0.3}",123,eac9960f8ba0,0.2999,0.015,0.8187,0.875,0.0563,0.8131,0.972,0.5295,0.5062,0.5304,0.5062,0.0063,0.025,0.488,0.4625,0.4848,0.4844,0.0,0.0,0.1663,0.0454,
synthetic_low_medium,GCN,dropedge,"{""rate"": 0.3}",456,eac9960f8ba0,0.2999,0.015,0.7625,0.8938,0.1313,0.7628,0.9678,0.574,0.525,0.5967,0.55,0.0187,0.025,0.5846,0.5531,0.4664,0.5156,0.025,0.025,0.1503,0.0449,
synthetic_low_medium,GCN,dropedge,"{""rate"": 0.3}",789,eac9960f8ba0,0.2999,0.015,0.775,0.9,0.125,0.7733,0.967,0.5571,0.5188,0.5904,0.5625,0.0125,0.0125,0.5483,0.5,0.5,0.4875,0.0,0.0,0.1605,0.0446,
synthetic_low_medium,GCN,dropedge,"{""rate"": 0.3}",1024,eac9960f8ba0,0.2999,0.015,0.775,0.9125,0.1375,0.775,0.9704,0.5968,0.5563,0.556,0.5312,0.0,0.0187,0.5257,0.525,0.5463,0.5344,0.0063,0.025,0.1365,0.044,
synthetic_low_medium,GCN,label_smoothing,"{""alpha"": 0.1}",42,eac9960f8ba0,0.2999,0.015,0.8375,0.925,0.0875,0.8369,0.9714,0.5434,0.525,0.5682,0.5375,0.0063,0.0063,0.532,0.525,0.5082,0.5,0.0,0.0125,0.1084,0.0501,
synthetic_low_medium,GCN,label_smoothing,"{""alpha"": 0.1}",123,eac9960f8ba0,0.2999,0.015,0.825,0.9375,0.1125,0.82,0.9732,0.5888,0.5625,0.53,0.5062,0.0063,0.0063,0.4953,0.4938,0.4882,0.4906,0.0,0.0,0.0743,0.0479,
synthetic_low_medium,GCN,label_smoothing,"{""alpha"": 0.1}",456,eac9960f8ba0,0.2999,0.015,0.8,0.925,0.125,0.7942,0.9721,0.5556,0.5188,0.5868,0.5312,0.0187,0.0187,0.5708,0.5656,0.4559,0.5031,0.025,0.0375,0.0937,0.0479,
synthetic_low_medium,GCN,label_smoothing,"{""alpha"": 0.1}",789,eac9960f8ba0,0.2999,0.015,0.8063,0.9313,0.125,0.8036,0.9766,0.5368,0.5375,0.575,0.5437,0.0063,0.0063,0.5365,0.4938,0.4816,0.4562,0.0,0.0,0.098,0.0484,
synthetic_low_medium,GCN,label_smoothing,"{""alpha"": 0.1}",1024,eac9960f8ba0,0.2999,0.015,0.775,0.9062,0.1312,0.7744,0.9768,0.6207,0.5813,0.5672,0.5312,0.0,0.0063,0.547,0.5281,0.5344,0.5281,0.0063,0.0063,0.0907,0.049,
synthetic_low_medium,GCN,lbp,"{""scale"": 0.3}",42,eac9960f8ba0,0.2999,0.015,0.6438,0.7312,0.0875,0.6398,0.8632,0.5083,0.4938,0.5338,0.5062,0.0,0.0,0.4396,0.4656,0.4949,0.4844,0.0,0.0,0.0862,0.0491,
synthetic_low_medium,GCN,lbp,"{""scale"": 0.3}",123,eac9960f8ba0,0.2999,0.015,0.65,0.7063,0.0563,0.6457,0.8559,0.5621,0.525,0.5169,0.4938,0.0,0.0,0.5098,0.5188,0.4808,0.4844,0.0063,0.025,0.0462,0.0483,
synthetic_low_medium,GCN,lbp,"{""scale"": 0.3}",456,eac9960f8ba0,0.2999,0.015,0.6625,0.725,0.0625,0.6596,0.8582,0.4736,0.5312,0.5421,0.5437,0.0,0.0,0.5155,0.4906,0.481,0.5219,0.0063,0.0125,0.1124,0.048,
synthetic_low_medium,GCN,lbp,"{""scale"": 0.3}",789,eac9960f8ba0,0.2999,0.015,0.7063,0.7375,0.0312,0.7056,0.8954,0.5173,0.475,0.5201,0.5,0.0,0.0,0.482,0.4813,0.4663,0.4688,0.0063,0.0125,0.0926,0.0465,
synthetic_low_medium,GCN,lbp,"{""scale"": 0.3}",1024,eac9960f8ba0,0.2999,0.015,0.6875,0.675,-0.0125,0.6893,0.8704,0.4514,0.4625,0.5142,0.5,0.0,0.0,0.5023,0.5094,0.5443,0.5344,0.0,0.0125,0.0967,0.0484,
synthetic_low_medium,GCN,gtd,"{""gamma"": 1.0, ""stage1_frac"": 0.5, ""pseudo_conf"": 0.8}",42,eac9960f8ba0,0.2999,0.015,0.8187,0.9062,0.0875,0.8182,0.9665,0.4899,0.5125,0.5457,0.5125,0.0,0.0125,0.4632,0.4781,0.5084,0.4938,0.0,0.0187,0.0769,0.0495,
synthetic_low_medium,GCN,gtd,"{""gamma"": 1.0, ""stage1_frac"": 0.5, ""pseudo_conf"": 0.8}",123,eac9960f8ba0,0.2999,0.015,0.8375,0.9187,0.0812,0.8308,0.9718,0.5581,0.5563,0.508,0.475,0.0,0.025,0.4607,0.4906,0.4857,0.4844,0.0,0.0,0.0632,0.0501,
synthetic_low_medium,GCN,gtd,"{""gamma"": 1.0, ""stage1_frac"": 0.5, ""pseudo_conf"": 0.8}",456,eac9960f8ba0,0.2999,0.015,0.7625,0.9062,0.1438,0.7567,0.9649,0.5202,0.5062,0.5616,0.5375,0.0187,0.0187,0.5423,0.5344,0.4621,0.5156,0.025,0.0563,0.0911,0.05,
synthetic_low_medium,GCN,gtd,"{""gamma"": 1.0, ""stage1_frac"": 0.5, ""pseudo_conf"": 0.8}",789,eac9960f8ba0,0.2999,0.015,0.8,0.925,0.125,0.7985,0.9709,0.5398,0.55,0.5632,0.5437,0.0125,0.0125,0.4921,0.5031,0.4874,0.4656,0.0,0.0,0.0693,0.0516,
synthetic_low_medium,GCN,gtd,"{""gamma"": 1.0, ""stage1_frac"": 0.5, ""pseudo_conf"": 0.8}",1024,eac9960f8ba0,0.2999,0.015,0.775,0.9125,0.1375,0.776,0.9722,0.6076,0.5687,0.558,0.5312,0.0,0.025,0.527,0.5188,0.537,0.5312,0.0063,0.0063,0.0714,0.0502,
synthetic_low_medium,GCN,sami,"{""lam"": 0.5, ""use_lte"": true, ""use_gate"": true, ""beta"": 0.0, ""warmup_epochs"": 5, ""noise_scale"": 0.25}",42,eac9960f8ba0,0.2999,0.015,0.8063,0.8938,0.0875,0.8055,0.9244,0.4957,0.5375,0.5346,0.475,0.0,0.0,0.4943,0.4844,0.5256,0.5062,0.0,0.0063,0.1022,0.2382,
synthetic_low_medium,GCN,sami,"{""lam"": 0.5, ""use_lte"": true, ""use_gate"": true, ""beta"": 0.0, ""warmup_epochs"": 5, ""noise_scale"": 0.25}",123,eac9960f8ba0,0.2999,0.015,0.8438,0.9375,0.0938,0.8374,0.9529,0.5426,0.525,0.5639,0.5312,0.0,0.0,0.5425,0.5188,0.4618,0.4656,0.0,0.0187,0.1223,0.233,
synthetic_low_medium,GCN,sami,"{""lam"": 0.5, ""use_lte"": true, ""use_gate"": true, ""beta"": 0.0, ""warmup_epochs"": 5, ""noise_scale"": 0.25}",456,eac9960f8ba0,0.2999,0.015,0.7812,0.9187,0.1375,0.7781,0.9297,0.5537,0.5062,0.5935,0.5625,0.0,0.0,0.5689,0.5531,0.475,0.5094,0.0063,0.0187,0.0712,0.231,
synthetic_low_medium,GCN,sami,"{""lam"": 0.5, ""use_lte"": true, ""use_gate"": true, ""beta"": 0.0, ""warmup_epochs"": 5, ""noise_scale"": 0.25}",789,eac9960f8ba0,0.2999,0.015,0.8187,0.8938,0.075,0.8174,0.9293,0.551,0.5062,0.5709,0.5625,0.0,0.0,0.4643,0.4844,0.4514,0.4656,0.0,0.0125,0.125,0.2277,
synthetic_low_medium,GCN,sami,"{""lam"": 0.5, ""use_lte"": true, ""use_gate"": true, ""beta"": 0.0, ""warmup_epochs"": 5, ""noise_scale"": 0.25}",1024,eac9960f8ba0,0.2999,0.015,0.7438,0.875,0.1312,0.7443,0.9155,0.5962,0.6062,0.5764,0.5375,0.0,0.0,0.5112,0.5062,0.5326,0.5437,0.0125,0.0125,0.0825,0.228,
synthetic_low_medium,GraphSAGE,none,{},42,eac9960f8ba0,0.2999,0.015,1.0,1.0,0.0,1.0,1.0,0.5253,0.4813,0.5352,0.5,0.0,0.0,0.5298,0.5,0.5259,0.5,0.0,0.0,0.0,0.0422,
synthetic_low_medium,GraphSAGE,none,{},123,eac9960f8ba0,0.2999,0.015,1.0,1.0,0.0,1.0,1.0,0.5691,0.4813,0.5573,0.5,0.0,0.0,0.429,0.5,0.5164,0.5,0.0,0.0,0.0,0.0417,
synthetic_low_medium,GraphSAGE,none,{},456,eac9960f8ba0,0.2999,0.015,1.0,1.0,0.0,1.0,1.0,0.4574,0.4688,0.5127,0.5,0.0,0.0,0.5675,0.5,0.4861,0.5062,0.0,0.0,0.0,0.0543,
synthetic_low_medium,GraphSAGE,none,{},789,eac9960f8ba0,0.2999,0.015,1.0,1.0,0.0,1.0,1.0,0.5091,0.4938,0.5006,0.5,0.0,0.0,0.5149,0.5,0.492,0.4844,0.0,0.0,0.0,0.0414,
synthetic_low_medium,GraphSAGE,none,{},1024,eac9960f8ba0,0.2999,0.015,1.0,1.0,0.0,1.0,1.0,0.5264,0.4875,0.5126,0.5,0.0,0.0,0.5633,0.5,0.4881,0.4875,0.05,0.0563,0.0,0.0407,
synthetic_low_medium,GraphSAGE,dropedge,"{""rate"": 0.3}",42,eac9960f8ba0,0.2999,0.015,1.0,1.0,0.0,1.0,1.0,0.5581,0.4813,0.5125,0.5,0.0,0.0,0.5836,0.5,0.5175,0.5031,0.0,0.0,0.0,0.0399,
synthetic_low_medium,GraphSAGE,dropedge,"{""rate"": 0.3}",123,eac9960f8ba0,0.2999,0.015,1.0,1.0,0.0,1.0,1.0,0.5531,0.4813,0.545,0.5,0.0,0.0,0.4511,0.5,0.4848,0.475,0.0,0.0,0.0,0.0419,
synthetic_low_medium,GraphSAGE,dropedge,"{""rate"": 0.3}",456,eac9960f8ba0,0.2999,0.015,1.0,1.0,0.0,1.0,1.0,0.4568,0.4688,0.5,0.5,0.0,0.0,0.4356,0.5,0.4862,0.5031,0.0,0.0,0.0,0.0404,
synthetic_low_medium,GraphSAGE,dropedge,"{""rate"": 0.3}",789,eac9960f8ba0,0.2999,0.015,1.0,1.0,0.0,1.0,1.0,0.4912,0.4938,0.5062,0.5,0.0,0.0,0.5044,0.5,0.5245,0.5062,0.0,0.0,0.0,0.041,
synthetic_low_medium,GraphSAGE,dropedge,"{""rate"": 0.3}",1024,eac9960f8ba0,0.2999,0.015,1.0,1.0,0.0,1.0,1.0,0.4847,0.4875,0.503,0.5,0.0,0.0,0.5584,0.5,0.5111,0.5062,0.0,0.0,0.0,0.0401,
synthetic_low_medium,GraphSAGE,label_smoothing,"{""alpha"": 0.1}",42,eac9960f8ba0,0.2999,0.015,1.0,1.0,0.0,1.0,1.0,0.5444,0.5375,0.5751,0.55,0.0063,0.0063,0.5745,0.5625,0.5146,0.5188,0.0,0.0,0.0936,0.0437,
synthetic_low_medium,GraphSAGE,label_smoothing,"{""alpha"": 0.1}",123,eac9960f8ba0,0.2999,0.015,1.0,1.0,0.0,1.0,1.0,0.6306,0.5,0.5855,0.5625,0.0,0.0063,0.5838,0.5719,0.4878,0.4844,0.0063,0.0063,0.0764,0.0418,
synthetic_low_medium,GraphSAGE,label_smoothing,"{""alpha"": 0.1}",456,eac9960f8ba0,0.2999,0.015,1.0,1.0,0.0,1.0,1.0,0.586,0.5,0.6163,0.5875,0.0,0.0,0.6145,0.5844,0.4703,0.5188,0.0,0.0187,0.0764,0.0417,
synthetic_low_medium,GraphSAGE,label_smoothing,"{""alpha"": 0.1}",789,eac9960f8ba0,0.2999,0.015,1.0,1.0,0.0,1.0,1.0,0.5631,0.5813,0.566,0.5188,0.0063,0.0063,0.5662,0.5156,0.5012,0.4781,0.0063,0.0063,0.0956,0.0416,
synthetic_low_medium,GraphSAGE,label_smoothing,"{""alpha"": 0.1}",1024,eac9960f8ba0,0.2999,0.015,1.0,1.0,0.0,1.0,1.0,0.6637,0.6188,0.6344,0.6062,0.0,0.0,0.6344,0.6,0.5423,0.5469,0.0125,0.0187,0.0978,0.0417,
synthetic_low_medium,GraphSAGE,lbp,"{""scale"": 0.3}",42,eac9960f8ba0,0.2999,0.015,0.85,0.8625,0.0125,0.8496,0.9738,0.5004,0.5062,0.4833,0.4875,0.0,0.0,0.4903,0.5031,0.4979,0.4844,0.0,0.025,0.1725,0.0432,
synthetic_low_medium,GraphSAGE,lbp,"{""scale"": 0.3}",123,eac9960f8ba0,0.2999,0.015,0.875,0.875,0.0,0.8722,0.9616,0.4869,0.4938,0.4917,0.475,0.0,0.0,0.4432,0.4688,0.5105,0.5,0.0,0.025,0.1897,0.0418,
synthetic_low_medium,GraphSAGE,lbp,"{""scale"": 0.3}",456,eac9960f8ba0,0.2999,0.015,0.8875,0.8313,-0.0562,0.8841,0.9849,0.5186,0.4938,0.4511,0.4875,0.0,0.0,0.479,0.4969,0.4369,0.4938,0.0,0.0125,0.2056,0.0414,
synthetic_low_medium,GraphSAGE,lbp,"{""scale"": 0.3}",789,eac9960f8ba0,0.2999,0.015,0.9125,0.8375,-0.075,0.9128,0.98,0.5438,0.5062,0.4507,0.4562,0.0,0.0,0.4693,0.5,0.4899,0.4906,0.0,0.0125,0.2259,0.0415,
synthetic_low_medium,GraphSAGE,lbp,"{""scale"": 0.3}",1024,eac9960f8ba0,0.2999,0.015,0.8875,0.8125,-0.075,0.8884,0.9816,0.5011,0.5062,0.4548,0.4562,0.0,0.0,0.4795,0.5188,0.5206,0.5281,0.0,0.0125,0.2131,0.0423,
synthetic_low_medium,GraphSAGE,gtd,"{""gamma"": 1.0, ""stage1_frac"": 0.5, ""pseudo_conf"": 0.8}",42,eac9960f8ba0,0.2999,0.015,1.0,1.0,0.0,1.0,1.0,0.5696,0.4813,0.5388,0.5,0.0,0.0,0.5478,0.5,0.5209,0.5156,0.0,0.0,0.0,0.0433,
synthetic_low_medium,GraphSAGE,gtd,"{""gamma"": 1.0, ""stage1_frac"": 0.5, ""pseudo_conf"": 0.8}",123,eac9960f8ba0,0.2999,0.015,1.0,1.0,0.0,1.0,1.0,0.5802,0.4813,0.5425,0.5,0.0,0.0,0.4561,0.5,0.4977,0.4875,0.0,0.0,0.0,0.043,
synthetic_low_medium,GraphSAGE,gtd,"{""gamma"": 1.0, ""stage1_frac"": 0.5, ""pseudo_conf"": 0.8}",456,eac9960f8ba0,0.2999,0.015,1.0,1.0,0.0,1.0,1.0,0.4452,0.4688,0.5,0.5,0.0,0.0,0.581,0.5,0.4734,0.4938,0.0,0.0,0.0,0.0443,
synthetic_low_medium,GraphSAGE,gtd,"{""gamma"": 1.0, ""stage1_frac"": 0.5, ""pseudo_conf"": 0.8}",789,eac9960f8ba0,0.2999,0.015,1.0,1.0,0.0,1.0,1.0,0.4945,0.4938,0.5043,0.5,0.0,0.0,0.5181,0.5,0.4944,0.4781,0.0,0.0,0.0,0.0423,
synthetic_low_medium,GraphSAGE,gtd,"{""gamma"": 1.0, ""stage1_frac"": 0.5, ""pseudo_conf"": 0.8}",1024,eac9960f8ba0,0.2999,0.015,1.0,1.0,0.0,1.0,1.0,0.531,0.4875,0.5065,0.5,0.0,0.0,0.569,0.5,0.4971,0.5031,0.05,0.05,0.0,0.0433,
synthetic_low_medium,GraphSAGE,sami,"{""lam"": 0.5, ""use_lte"": true, ""use_gate"": true, ""beta"": 0.0, ""warmup_epochs"": 5, ""noise_scale"": 0.25}",42,eac9960f8ba0,0.2999,0.015,1.0,0.9875,-0.0125,1.0,1.0,0.5132,0.4625,0.475,0.475,0.0,0.0,0.5121,0.4969,0.52,0.5062,0.0,0.0063,0.166,0.2182,
synthetic_low_medium,GraphSAGE,sami,"{""lam"": 0.5, ""use_lte"": true, ""use_gate"": true, ""beta"": 0.0, ""warmup_epochs"": 5, ""noise_scale"": 0.25}",123,eac9960f8ba0,0.2999,0.015,1.0,1.0,0.0,1.0,1.0,0.4519,0.4813,0.5218,0.5125,0.0,0.0,0.5186,0.5062,0.4747,0.4875,0.0,0.0125,0.1765,0.217,
synthetic_low_medium,GraphSAGE,sami,"{""lam"": 0.5, ""use_lte"": true, ""use_gate"": true, ""beta"": 0.0, ""warmup_epochs"": 5, ""noise_scale"": 0.25}",456,eac9960f8ba0,0.2999,0.015,1.0,0.9938,-0.0062,1.0,0.9999,0.4924,0.4688,0.5073,0.525,0.0,0.0,0.5009,0.5031,0.5061,0.5219,0.0,0.0125,0.1633,0.2182,
synthetic_low_medium,GraphSAGE,sami,"{""lam"": 0.5, ""use_lte"": true, ""use_gate"": true, ""beta"": 0.0, ""warmup_epochs"": 5, ""noise_scale"": 0.25}",789,eac9960f8ba0,0.2999,0.015,0.9938,0.9875,-0.0062,0.9937,0.9999,0.4746,0.475,0.4972,0.5125,0.0,0.0,0.5029,0.5,0.4602,0.4688,0.0,0.0063,0.1815,0.2185,
synthetic_low_medium,GraphSAGE,sami,"{""lam"": 0.5, ""use_lte"": true, ""use_gate"": true, ""beta"": 0.0, ""warmup_epochs"": 5, ""noise_scale"": 0.25}",1024,eac9960f8ba0,0.2999,0.015,0.9812,0.9875,0.0063,0.9799,0.9998,0.5151,0.5125,0.4777,0.475,0.0,0.0,0.4792,0.475,0.5559,0.5656,0.0,0.0,0.1589,0.2153,
synthetic_high_dense,LogReg,none,{},42,eac9960f8ba0,0.7998,0.04,1.0,1.0,0.0,1.0,1.0,0.5523,0.4813,0.5596,0.5062,0.0312,0.0375,0.5594,0.5,0.4943,0.4969,0.025,0.0375,0.0015,0.0015,
synthetic_high_dense,LogReg,none,{},123,eac9960f8ba0,0.7998,0.04,1.0,1.0,0.0,1.0,1.0,0.543,0.4813,0.5366,0.5188,0.0063,0.025,0.5366,0.5,0.4781,0.4719,0.0,0.0,0.0014,0.0013,
synthetic_high_dense,LogReg,none,{},456,eac9960f8ba0,0.7998,0.04,1.0,1.0,0.0,1.0,1.0,0.5518,0.4688,0.5613,0.5437,0.0,0.0,0.5613,0.5,0.481,0.5406,0.0,0.0,0.0012,0.0013,
synthetic_high_dense,LogReg,none,{},789,eac9960f8ba0,0.7998,0.04,1.0,1.0,0.0,1.0,1.0,0.4938,0.4938,0.494,0.4813,0.0063,0.0063,0.4962,0.5,0.4977,0.4625,0.0187,0.0187,0.0011,0.0011,
synthetic_high_dense,LogReg,none,{},1024,eac9960f8ba0,0.7998,0.04,1.0,1.0,0.0,1.0,1.0,0.5813,0.4875,0.5616,0.5188,0.0125,0.0187,0.5622,0.5,0.5373,0.5406,0.0063,0.0125,0.0014,0.0018,
synthetic_high_dense,MLP,none,{},42,eac9960f8ba0,0.7998,0.04,1.0,1.0,0.0,1.0,1.0,0.5337,0.4813,0.5456,0.525,0.025,0.025,0.5461,0.5125,0.5173,0.5188,0.0187,0.025,0.0037,0.0189,
synthetic_high_dense,MLP,none,{},123,eac9960f8ba0,0.7998,0.04,1.0,1.0,0.0,1.0,1.0,0.5225,0.4813,0.5327,0.5188,0.0,0.0,0.5313,0.5,0.4645,0.4625,0.0,0.0063,0.0044,0.0148,
synthetic_high_dense,MLP,none,{},456,eac9960f8ba0,0.7998,0.04,1.0,1.0,0.0,1.0,1.0,0.5092,0.4688,0.4963,0.5,0.0063,0.0063,0.5027,0.5,0.4691,0.5156,0.0125,0.0125,0.0036,0.0187,
synthetic_high_dense,MLP,none,{},789,eac9960f8ba0,0.7998,0.04,1.0,1.0,0.0,1.0,1.0,0.4254,0.4938,0.5299,0.5312,0.0,0.0125,0.528,0.5,0.4937,0.4688,0.0125,0.0125,0.0039,0.0185,
synthetic_high_dense,MLP,none,{},1024,eac9960f8ba0,0.7998,0.04,1.0,1.0,0.0,1.0,1.0,0.5119,0.4875,0.5283,0.5188,0.0125,0.0187,0.5301,0.5,0.5428,0.5437,0.0187,0.0187,0.0048,0.0198,
synthetic_high_dense,GCN,none,{},42,eac9960f8ba0,0.7998,0.04,1.0,1.0,0.0,1.0,1.0,0.5037,0.4813,0.5315,0.4813,0.0,0.0,0.5314,0.5,0.495,0.5031,0.0,0.0,0.0001,0.077,
synthetic_high_dense,GCN,none,{},123,eac9960f8ba0,0.7998,0.04,1.0,1.0,0.0,1.0,1.0,0.5079,0.4813,0.503,0.5219,0.0,0.0,0.507,0.5,0.4812,0.4781,0.0125,0.0187,0.0001,0.075,
synthetic_high_dense,GCN,none,{},456,eac9960f8ba0,0.7998,0.04,1.0,1.0,0.0,1.0,1.0,0.4775,0.4688,0.4969,0.4969,0.0,0.0,0.4988,0.5,0.4533,0.5062,0.0,0.025,0.0003,0.0746,
synthetic_high_dense,GCN,none,{},789,eac9960f8ba0,0.7998,0.04,1.0,1.0,0.0,1.0,1.0,0.5377,0.4938,0.5395,0.5281,0.0,0.0,0.4599,0.5,0.4997,0.4688,0.0063,0.0063,0.0001,0.0757,
synthetic_high_dense,GCN,none,{},1024,eac9960f8ba0,0.7998,0.04,1.0,1.0,0.0,1.0,1.0,0.4925,0.4875,0.4683,0.4844,0.0,0.0,0.467,0.5,0.541,0.5406,0.0,0.0,0.0001,0.075,
synthetic_high_dense,GCN,dropedge,"{""rate"": 0.3}",42,eac9960f8ba0,0.7998,0.04,1.0,1.0,0.0,1.0,1.0,0.4822,0.4813,0.5186,0.4938,0.0,0.0,0.5177,0.5,0.4927,0.5,0.0,0.0,0.0001,0.0616,
synthetic_high_dense,GCN,dropedge,"{""rate"": 0.3}",123,eac9960f8ba0,0.7998,0.04,1.0,1.0,0.0,1.0,1.0,0.5123,0.4813,0.5013,0.4906,0.0,0.0,0.5064,0.5,0.4713,0.4688,0.0063,0.0063,0.0001,0.0617,
synthetic_high_dense,GCN,dropedge,"{""rate"": 0.3}",456,eac9960f8ba0,0.7998,0.04,1.0,1.0,0.0,1.0,1.0,0.5056,0.4688,0.5084,0.4938,0.0,0.0,0.5186,0.5,0.4551,0.5125,0.0,0.0,0.0002,0.063,
synthetic_high_dense,GCN,dropedge,"{""rate"": 0.3}",789,eac9960f8ba0,0.7998,0.04,1.0,1.0,0.0,1.0,1.0,0.5457,0.4938,0.5434,0.525,0.0,0.0,0.4576,0.5,0.5136,0.4906,0.0063,0.0063,0.0001,0.0623,
synthetic_high_dense,GCN,dropedge,"{""rate"": 0.3}",1024,eac9960f8ba0,0.7998,0.04,1.0,1.0,0.0,1.0,1.0,0.5353,0.4875,0.4858,0.4875,0.0,0.0,0.488,0.5,0.5354,0.5344,0.0,0.0,0.0001,0.0606,
synthetic_high_dense,GCN,label_smoothing,"{""alpha"": 0.1}",42,eac9960f8ba0,0.7998,0.04,1.0,1.0,0.0,1.0,1.0,0.5098,0.4875,0.5408,0.5,0.025,0.025,0.5403,0.4969,0.5067,0.4906,0.0,0.0063,0.1005,0.0776,
synthetic_high_dense,GCN,label_smoothing,"{""alpha"": 0.1}",123,eac9960f8ba0,0.7998,0.04,1.0,1.0,0.0,1.0,1.0,0.5154,0.4875,0.5249,0.525,0.0,0.0,0.5117,0.5,0.4811,0.4719,0.0063,0.0125,0.0939,0.0776,
synthetic_high_dense,GCN,label_smoothing,"{""alpha"": 0.1}",456,eac9960f8ba0,0.7998,0.04,1.0,1.0,0.0,1.0,1.0,0.4921,0.4688,0.5112,0.5312,0.0125,0.0187,0.5114,0.5,0.4848,0.5375,0.0063,0.0063,0.0959,0.0812,
synthetic_high_dense,GCN,label_smoothing,"{""alpha"": 0.1}",789,eac9960f8ba0,0.7998,0.04,1.0,1.0,0.0,1.0,1.0,0.5379,0.5563,0.5429,0.5062,0.0,0.0,0.5435,0.5,0.4896,0.4656,0.0063,0.0125,0.0996,0.0852,
synthetic_high_dense,GCN,label_smoothing,"{""alpha"": 0.1}",1024,eac9960f8ba0,0.7998,0.04,1.0,1.0,0.0,1.0,1.0,0.4789,0.4813,0.473,0.475,0.0,0.0125,0.5269,0.5094,0.5435,0.5375,0.0,0.0125,0.087,0.0821,
synthetic_high_dense,GCN,lbp,"{""scale"": 0.3}",42,eac9960f8ba0,0.7998,0.04,0.85,0.8625,0.0125,0.8452,0.9753,0.5004,0.5062,0.4833,0.4875,0.0,0.0,0.49,0.5031,0.5027,0.4844,0.0,0.0063,0.1726,0.0816,
synthetic_high_dense,GCN,lbp,"{""scale"": 0.3}",123,eac9960f8ba0,0.7998,0.04,0.875,0.875,0.0,0.8735,0.9618,0.4868,0.4938,0.4917,0.475,0.0,0.0,0.4345,0.4844,0.4934,0.5062,0.0,0.025,0.1898,0.0808,
synthetic_high_dense,GCN,lbp,"{""scale"": 0.3}",456,eac9960f8ba0,0.7998,0.04,0.8875,0.8313,-0.0562,0.8817,0.9844,0.5183,0.4938,0.451,0.4875,0.0,0.0,0.4712,0.4656,0.4657,0.4938,0.0,0.025,0.2057,0.082,
synthetic_high_dense,GCN,lbp,"{""scale"": 0.3}",789,eac9960f8ba0,0.7998,0.04,0.9125,0.8375,-0.075,0.9121,0.9786,0.5437,0.5062,0.4508,0.4562,0.0,0.0,0.5073,0.5031,0.4781,0.475,0.0,0.0125,0.2259,0.0806,
synthetic_high_dense,GCN,lbp,"{""scale"": 0.3}",1024,eac9960f8ba0,0.7998,0.04,0.8875,0.8125,-0.075,0.8868,0.9827,0.5013,0.5062,0.4546,0.4562,0.0,0.0,0.4798,0.5188,0.5031,0.5219,0.0,0.0125,0.2131,0.0788,
synthetic_high_dense,GCN,gtd,"{""gamma"": 1.0, ""stage1_frac"": 0.5, ""pseudo_conf"": 0.8}",42,eac9960f8ba0,0.7998,0.04,1.0,1.0,0.0,1.0,1.0,0.4937,0.4813,0.5233,0.4813,0.0,0.0,0.5237,0.5,0.4914,0.5,0.0,0.0,0.0001,0.0786,
synthetic_high_dense,GCN,gtd,"{""gamma"": 1.0, ""stage1_frac"": 0.5, ""pseudo_conf"": 0.8}",123,eac9960f8ba0,0.7998,0.04,1.0,1.0,0.0,1.0,1.0,0.5018,0.4813,0.5022,0.5031,0.0,0.0,0.504,0.5,0.4888,0.4813,0.0063,0.0187,0.0001,0.08,
synthetic_high_dense,GCN,gtd,"{""gamma"": 1.0, ""stage1_frac"": 0.5, ""pseudo_conf"": 0.8}",456,eac9960f8ba0,0.7998,0.04,1.0,1.0,0.0,1.0,1.0,0.4847,0.4688,0.5026,0.5062,0.0,0.0,0.5018,0.5,0.4487,0.5031,0.0,0.0187,0.0002,0.084,
synthetic_high_dense,GCN,gtd,"{""gamma"": 1.0, ""stage1_frac"": 0.5, ""pseudo_conf"": 0.8}",789,eac9960f8ba0,0.7998,0.04,1.0,1.0,0.0,1.0,1.0,0.5398,0.4938,0.5414,0.5219,0.0,0.0,0.4564,0.5,0.4966,0.4688,0.0,0.0,0.0001,0.079,
synthetic_high_dense,GCN,gtd,"{""gamma"": 1.0, ""stage1_frac"": 0.5, ""pseudo_conf"": 0.8}",1024,eac9960f8ba0,0.7998,0.04,1.0,1.0,0.0,1.0,1.0,0.4928,0.4875,0.4724,0.4906,0.0,0.0,0.5318,0.5,0.5237,0.525,0.0,0.0,0.0001,0.079,
synthetic_high_dense,GCN,sami,"{""lam"": 0.5, ""use_lte"": true, ""use_gate"": true, ""beta"": 0.0, ""warmup_epochs"": 5, ""noise_scale"": 0.25}",42,eac9960f8ba0,0.7998,0.04,0.9938,0.9938,0.0,0.9935,1.0,0.5164,0.4562,0.4805,0.4813,0.0,0.0,0.5101,0.5031,0.5488,0.5281,0.0,0.025,0.1542,0.4212,
synthetic_high_dense,GCN,sami,"{""lam"": 0.5, ""use_lte"": true, ""use_gate"": true, ""beta"": 0.0, ""warmup_epochs"": 5, ""noise_scale"": 0.25}",123,eac9960f8ba0,0.7998,0.04,1.0,1.0,0.0,1.0,1.0,0.5073,0.4813,0.5148,0.475,0.0,0.0,0.5156,0.5312,0.4872,0.5062,0.0,0.0125,0.1809,0.4076,
synthetic_high_dense,GCN,sami,"{""lam"": 0.5, ""use_lte"": true, ""use_gate"": true, ""beta"": 0.0, ""warmup_epochs"": 5, ""noise_scale"": 0.25}",456,eac9960f8ba0,0.7998,0.04,0.9938,1.0,0.0062,0.9938,0.9945,0.4888,0.475,0.5344,0.5188,0.0,0.0,0.5189,0.4969,0.5027,0.5219,0.0,0.0063,0.1803,0.4117,
synthetic_high_dense,GCN,sami,"{""lam"": 0.5, ""use_lte"": true, ""use_gate"": true, ""beta"": 0.0, ""warmup_epochs"": 5, ""noise_scale"": 0.25}",789,eac9960f8ba0,0.7998,0.04,0.9875,0.9938,0.0062,0.9874,0.9928,0.5223,0.5188,0.4761,0.4875,0.0,0.0,0.5247,0.5031,0.4587,0.4688,0.0,0.0125,0.1531,1.0062,
synthetic_high_dense,GCN,sami,"{""lam"": 0.5, ""use_lte"": true, ""use_gate"": true, ""beta"": 0.0, ""warmup_epochs"": 5, ""noise_scale"": 0.25}",1024,eac9960f8ba0,0.7998,0.04,0.9812,1.0,0.0188,0.9806,0.9995,0.5309,0.5437,0.4718,0.4813,0.0,0.0,0.4737,0.4875,0.549,0.5625,0.0,0.0,0.1353,0.4446,
synthetic_high_dense,GraphSAGE,none,{},42,eac9960f8ba0,0.7998,0.04,1.0,1.0,0.0,1.0,1.0,0.5066,0.4813,0.5,0.5,0.0,0.0,0.5349,0.5,0.5039,0.5,0.0,0.0,0.0,0.085,
synthetic_high_dense,GraphSAGE,none,{},123,eac9960f8ba0,0.7998,0.04,1.0,1.0,0.0,1.0,1.0,0.4975,0.4813,0.5001,0.5,0.0,0.0,0.5039,0.5,0.4919,0.4844,0.0,0.0,0.0,0.0723,
synthetic_high_dense,GraphSAGE,none,{},456,eac9960f8ba0,0.7998,0.04,1.0,1.0,0.0,1.0,1.0,0.4651,0.4688,0.5031,0.5,0.0,0.0,0.4626,0.5,0.488,0.5,0.0,0.0,0.0,0.0734,
synthetic_high_dense,GraphSAGE,none,{},789,eac9960f8ba0,0.7998,0.04,1.0,1.0,0.0,1.0,1.0,0.4994,0.4938,0.4969,0.5,0.0,0.0,0.5403,0.5,0.4997,0.4844,0.0,0.0,0.0,0.0718,
synthetic_high_dense,GraphSAGE,none,{},1024,eac9960f8ba0,0.7998,0.04,1.0,1.0,0.0,1.0,1.0,0.4966,0.4875,0.4969,0.5,0.0,0.0,0.4969,0.5,0.5067,0.5,0.0,0.0,0.0,0.0716,
synthetic_high_dense,GraphSAGE,dropedge,"{""rate"": 0.3}",42,eac9960f8ba0,0.7998,0.04,1.0,1.0,0.0,1.0,1.0,0.5128,0.4813,0.5064,0.5,0.0,0.0,0.5556,0.5,0.5048,0.5,0.0,0.0,0.0,0.0663,
synthetic_high_dense,GraphSAGE,dropedge,"{""rate"": 0.3}",123,eac9960f8ba0,0.7998,0.04,1.0,1.0,0.0,1.0,1.0,0.4894,0.4813,0.5126,0.5,0.0,0.0,0.4901,0.5,0.4837,0.4781,0.0,0.0,0.0,0.0641,
synthetic_high_dense,GraphSAGE,dropedge,"{""rate"": 0.3}",456,eac9960f8ba0,0.7998,0.04,1.0,1.0,0.0,1.0,1.0,0.5098,0.4688,0.5,0.5,0.0,0.0,0.4973,0.5,0.4871,0.5031,0.0,0.0,0.0,0.0613,
synthetic_high_dense,GraphSAGE,dropedge,"{""rate"": 0.3}",789,eac9960f8ba0,0.7998,0.04,1.0,1.0,0.0,1.0,1.0,0.5059,0.4938,0.4969,0.5,0.0,0.0,0.5676,0.5,0.4943,0.4781,0.0,0.0,0.0,0.0577,
synthetic_high_dense,GraphSAGE,dropedge,"{""rate"": 0.3}",1024,eac9960f8ba0,0.7998,0.04,1.0,1.0,0.0,1.0,1.0,0.4798,0.4875,0.5,0.5,0.0,0.0,0.4919,0.5,0.5055,0.5,0.0,0.0,0.0,0.0587,
synthetic_high_dense,GraphSAGE,label_smoothing,"{""alpha"": 0.1}",42,eac9960f8ba0,0.7998,0.04,1.0,1.0,0.0,1.0,1.0,0.4971,0.5,0.5181,0.5188,0.0,0.0,0.518,0.5156,0.5212,0.5125,0.0,0.0,0.0875,0.0683,
synthetic_high_dense,GraphSAGE,label_smoothing,"{""alpha"": 0.1}",123,eac9960f8ba0,0.7998,0.04,1.0,1.0,0.0,1.0,1.0,0.4888,0.4813,0.4899,0.4875,0.0,0.0,0.4896,0.4906,0.4858,0.475,0.0125,0.0125,0.0863,0.0684,
synthetic_high_dense,GraphSAGE,label_smoothing,"{""alpha"": 0.1}",456,eac9960f8ba0,0.7998,0.04,1.0,1.0,0.0,1.0,1.0,0.4734,0.4625,0.5049,0.4875,0.0063,0.0063,0.5048,0.5375,0.4968,0.5531,0.0,0.0,0.0866,0.07,
synthetic_high_dense,GraphSAGE,label_smoothing,"{""alpha"": 0.1}",789,eac9960f8ba0,0.7998,0.04,1.0,1.0,0.0,1.0,1.0,0.5767,0.5563,0.5371,0.5188,0.0,0.025,0.5391,0.5,0.4996,0.475,0.0125,0.0125,0.1035,0.0708,
synthetic_high_dense,GraphSAGE,label_smoothing,"{""alpha"": 0.1}",1024,eac9960f8ba0,0.7998,0.04,1.0,1.0,0.0,1.0,1.0,0.4504,0.4875,0.5263,0.5188,0.0063,0.0187,0.4732,0.4844,0.5407,0.5375,0.025,0.025,0.0942,0.069,
synthetic_high_dense,GraphSAGE,lbp,"{""scale"": 0.3}",42,eac9960f8ba0,0.7998,0.04,0.85,0.8625,0.0125,0.8478,0.9727,0.5004,0.5062,0.4833,0.4875,0.0,0.0,0.4874,0.5,0.4968,0.4875,0.0,0.0063,0.1725,0.0686,
synthetic_high_dense,GraphSAGE,lbp,"{""scale"": 0.3}",123,eac9960f8ba0,0.7998,0.04,0.875,0.875,0.0,0.8719,0.964,0.4869,0.4938,0.4917,0.475,0.0,0.0,0.4343,0.4656,0.4816,0.4719,0.0,0.0312,0.1897,0.0699,
synthetic_high_dense,GraphSAGE,lbp,"{""scale"": 0.3}",456,eac9960f8ba0,0.7998,0.04,0.8875,0.8313,-0.0562,0.8819,0.9857,0.5186,0.4938,0.4511,0.4875,0.0,0.0,0.4653,0.475,0.4594,0.5,0.0,0.0125,0.2056,0.0675,
synthetic_high_dense,GraphSAGE,lbp,"{""scale"": 0.3}",789,eac9960f8ba0,0.7998,0.04,0.9125,0.8375,-0.075,0.9115,0.9799,0.5438,0.5062,0.4507,0.4562,0.0,0.0,0.4708,0.5031,0.4851,0.4844,0.0,0.0125,0.2259,0.0679,
synthetic_high_dense,GraphSAGE,lbp,"{""scale"": 0.3}",1024,eac9960f8ba0,0.7998,0.04,0.8875,0.8125,-0.075,0.8877,0.9824,0.5011,0.5062,0.4548,0.4562,0.0,0.0,0.4796,0.5188,0.5253,0.5375,0.0,0.0125,0.2131,0.0692,
synthetic_high_dense,GraphSAGE,gtd,"{""gamma"": 1.0, ""stage1_frac"": 0.5, ""pseudo_conf"": 0.8}",42,eac9960f8ba0,0.7998,0.04,1.0,1.0,0.0,1.0,1.0,0.507,0.4813,0.5,0.5,0.0,0.0,0.5326,0.5,0.5048,0.5,0.0,0.0,0.0,0.1102,
synthetic_high_dense,GraphSAGE,gtd,"{""gamma"": 1.0, ""stage1_frac"": 0.5, ""pseudo_conf"": 0.8}",123,eac9960f8ba0,0.7998,0.04,1.0,1.0,0.0,1.0,1.0,0.5094,0.4813,0.5031,0.5,0.0,0.0,0.5078,0.5,0.4925,0.4844,0.0,0.0,0.0,0.0825,
synthetic_high_dense,GraphSAGE,gtd,"{""gamma"": 1.0, ""stage1_frac"": 0.5, ""pseudo_conf"": 0.8}",456,eac9960f8ba0,0.7998,0.04,1.0,1.0,0.0,1.0,1.0,0.4552,0.4688,0.5,0.5,0.0,0.0,0.5155,0.5,0.4902,0.5,0.0,0.0,0.0,0.0947,
synthetic_high_dense,GraphSAGE,gtd,"{""gamma"": 1.0, ""stage1_frac"": 0.5, ""pseudo_conf"": 0.8}",789,eac9960f8ba0,0.7998,0.04,1.0,1.0,0.0,1.0,1.0,0.4995,0.4938,0.4969,0.5,0.0,0.0,0.5441,0.5,0.4978,0.4813,0.0,0.0,0.0,0.0762,
synthetic_high_dense,GraphSAGE,gtd,"{""gamma"": 1.0, ""stage1_frac"": 0.5, ""pseudo_conf"": 0.8}",1024,eac9960f8ba0,0.7998,0.04,1.0,1.0,0.0,1.0,1.0,0.4837,0.4875,0.4969,0.5,0.0,0.0,0.5076,0.5,0.5086,0.5031,0.0,0.0,0.0,0.087,
synthetic_high_dense,GraphSAGE,sami,"{""lam"": 0.5, ""use_lte"": true, ""use_gate"": true, ""beta"": 0.0, ""warmup_epochs"": 5, ""noise_scale"": 0.25}",42,eac9960f8ba0,0.7998,0.04,0.9938,0.9938,0.0,0.9935,1.0,0.5165,0.4562,0.4802,0.4813,0.0,0.0,0.5103,0.5094,0.5482,0.5312,0.0,0.025,0.1542,0.4365,
synthetic_high_dense,GraphSAGE,sami,"{""lam"": 0.5, ""use_lte"": true, ""use_gate"": true, ""beta"": 0.0, ""warmup_epochs"": 5, ""noise_scale"": 0.25}",123,eac9960f8ba0,0.7998,0.04,1.0,1.0,0.0,1.0,1.0,0.5065,0.4813,0.5148,0.475,0.0,0.0,0.5154,0.5344,0.4875,0.5062,0.0,0.0125,0.1809,0.4032,
synthetic_high_dense,GraphSAGE,sami,"{""lam"": 0.5, ""use_lte"": true, ""use_gate"": true, ""beta"": 0.0, ""warmup_epochs"": 5, ""noise_scale"": 0.25}",456,eac9960f8ba0,0.7998,0.04,0.9938,1.0,0.0062,0.9938,0.9945,0.4882,0.475,0.534,0.5188,0.0,0.0,0.5182,0.4969,0.5097,0.5219,0.0,0.0063,0.18,0.4624,
synthetic_high_dense,GraphSAGE,sami,"{""lam"": 0.5, ""use_lte"": true, ""use_gate"": true, ""beta"": 0.0, ""warmup_epochs"": 5, ""noise_scale"": 0.25}",789,eac9960f8ba0,0.7998,0.04,0.9875,0.9938,0.0062,0.9874,0.9928,0.522,0.5188,0.4761,0.4875,0.0,0.0,0.5247,0.5031,0.4586,0.4688,0.0,0.0125,0.153,0.5411,
synthetic_high_dense,GraphSAGE,sami,"{""lam"": 0.5, ""use_lte"": true, ""use_gate"": true, ""beta"": 0.0, ""warmup_epochs"": 5, ""noise_scale"": 0.25}",1024,eac9960f8ba0,0.7998,0.04,0.9812,1.0,0.0188,0.9806,0.9995,0.5309,0.5437,0.4719,0.4813,0.0,0.0,0.4736,0.4875,0.552,0.5625,0.0,0.0,0.1353,0.5441,
Cora,GCN,sami_no_lte,"{""lam"": 0.5, ""use_lte"": false, ""use_gate"": true, ""beta"": 0.0, ""warmup_epochs"": 5, ""noise_scale"": 0.25}",42,eac9960f8ba0,0.81,0.00144,0.7498,0.8744,0.1247,0.7294,0.9114,0.563,0.554,0.553,0.53,0.0,0.0,0.5616,0.554,0.576,0.5494,0.0092,0.0194,0.158,1.3575,
Cora,GCN,sami_no_lte,"{""lam"": 0.5, ""use_lte"": false, ""use_gate"": true, ""beta"": 0.0, ""warmup_epochs"": 5, ""noise_scale"": 0.25}",123,eac9960f8ba0,0.81,0.00144,0.7359,0.879,0.1431,0.7078,0.8915,0.5608,0.5577,0.5817,0.5549,0.0,0.0,0.5782,0.5785,0.5687,0.5369,0.0028,0.0323,0.1429,1.0026,
Cora,GCN,sami_no_lte,"{""lam"": 0.5, ""use_lte"": false, ""use_gate"": true, ""beta"": 0.0, ""warmup_epochs"": 5, ""noise_scale"": 0.25}",456,eac9960f8ba0,0.81,0.00144,0.7572,0.8873,0.1302,0.7425,0.9117,0.5643,0.5355,0.5716,0.5439,0.0,0.0,0.5742,0.5494,0.5593,0.5411,0.0018,0.0157,0.1829,1.1476,
Cora,GCN,sami_no_lte,"{""lam"": 0.5, ""use_lte"": false, ""use_gate"": true, ""beta"": 0.0, ""warmup_epochs"": 5, ""noise_scale"": 0.25}",789,eac9960f8ba0,0.81,0.00144,0.7516,0.8763,0.1247,0.7229,0.9191,0.5582,0.5235,0.5731,0.5392,0.0,0.0,0.5672,0.5614,0.565,0.5388,0.0129,0.024,0.1597,0.9574,
Cora,GCN,sami_no_lte,"{""lam"": 0.5, ""use_lte"": false, ""use_gate"": true, ""beta"": 0.0, ""warmup_epochs"": 5, ""noise_scale"": 0.25}",1024,eac9960f8ba0,0.81,0.00144,0.7645,0.8624,0.0979,0.737,0.9067,0.559,0.5355,0.5611,0.5337,0.0,0.0,0.5625,0.5346,0.5641,0.5443,0.0046,0.0185,0.184,1.0632,
Cora,GCN,sami_no_adv,"{""lam"": 0.0, ""use_lte"": true, ""use_gate"": true, ""beta"": 0.0, ""warmup_epochs"": 5, ""noise_scale"": 0.25}",42,eac9960f8ba0,0.81,0.00144,0.8596,0.988,0.1283,0.8547,0.9544,0.5671,0.5633,0.5489,0.5235,0.0,0.0,0.5512,0.554,0.5561,0.5425,0.0037,0.0203,0.085,0.5113,
Cora,GCN,sami_no_adv,"{""lam"": 0.0, ""use_lte"": true, ""use_gate"": true, ""beta"": 0.0, ""warmup_epochs"": 5, ""noise_scale"": 0.25}",123,eac9960f8ba0,0.81,0.00144,0.8541,0.9815,0.1274,0.842,0.9508,0.572,0.5688,0.5794,0.5429,0.0,0.0157,0.5694,0.5628,0.5305,0.5143,0.0,0.0157,0.0826,0.6462,
Cora,GCN,sami_no_adv,"{""lam"": 0.0, ""use_lte"": true, ""use_gate"": true, ""beta"": 0.0, ""warmup_epochs"": 5, ""noise_scale"": 0.25}",456,eac9960f8ba0,0.81,0.00144,0.8661,0.9825,0.1163,0.8619,0.9537,0.5823,0.5531,0.5854,0.5614,0.0,0.0,0.5819,0.5633,0.5304,0.5175,0.0,0.0092,0.097,0.5054,
Cora,GCN,sami_no_adv,"{""lam"": 0.0, ""use_lte"": true, ""use_gate"": true, ""beta"": 0.0, ""warmup_epochs"": 5, ""noise_scale"": 0.25}",789,eac9960f8ba0,0.81,0.00144,0.8661,0.9815,0.1154,0.844,0.9559,0.5664,0.5623,0.5716,0.5374,0.0,0.0194,0.5605,0.5642,0.5168,0.5148,0.0083,0.0175,0.1017,0.4933,
Cora,GCN,sami_no_adv,"{""lam"": 0.0, ""use_lte"": true, ""use_gate"": true, ""beta"": 0.0, ""warmup_epochs"": 5, ""noise_scale"": 0.25}",1024,eac9960f8ba0,0.81,0.00144,0.8596,0.9889,0.1293,0.8453,0.9509,0.5559,0.5549,0.5626,0.5328,0.0,0.0,0.5605,0.5559,0.5432,0.5439,0.0092,0.0212,0.0832,0.722,
Cora,GCN,sami_no_gate,"{""lam"": 0.5, ""use_lte"": true, ""use_gate"": false, ""beta"": 0.0, ""warmup_epochs"": 5, ""noise_scale"": 0.25}",42,eac9960f8ba0,0.81,0.00144,0.867,0.9778,0.1108,0.8583,0.9548,0.5598,0.5614,0.538,0.518,0.0,0.0,0.5425,0.542,0.5519,0.5406,0.0046,0.0157,0.0928,0.6399,
Cora,GCN,sami_no_gate,"{""lam"": 0.5, ""use_lte"": true, ""use_gate"": false, ""beta"": 0.0, ""warmup_epochs"": 5, ""noise_scale"": 0.25}",123,eac9960f8ba0,0.81,0.00144,0.8587,0.9778,0.1191,0.8493,0.956,0.5663,0.5596,0.5706,0.5346,0.0,0.0148,0.5618,0.56,0.5325,0.5148,0.0,0.0203,0.0955,0.5928,
Cora,GCN,sami_no_gate,"{""lam"": 0.5, ""use_lte"": true, ""use_gate"": false, ""beta"": 0.0, ""warmup_epochs"": 5, ""noise_scale"": 0.25}",456,eac9960f8ba0,0.81,0.00144,0.868,0.9705,0.1025,0.8622,0.9591,0.5693,0.542,0.5726,0.5476,0.0,0.0,0.5725,0.5577,0.5264,0.5175,0.0,0.0102,0.1029,0.5911,
Cora,GCN,sami_no_gate,"{""lam"": 0.5, ""use_lte"": true, ""use_gate"": false, ""beta"": 0.0, ""warmup_epochs"": 5, ""noise_scale"": 0.25}",789,eac9960f8ba0,0.81,0.00144,0.8661,0.9705,0.1043,0.8466,0.9596,0.5535,0.5457,0.5575,0.5291,0.0,0.0203,0.5462,0.5457,0.5142,0.518,0.0102,0.0212,0.1094,0.6039,
Cora,GCN,sami_no_gate,"{""lam"": 0.5, ""use_lte"": true, ""use_gate"": false, ""beta"": 0.0, ""warmup_epochs"": 5, ""noise_scale"": 0.25}",1024,eac9960f8ba0,0.81,0.00144,0.8587,0.976,0.1173,0.8446,0.9523,0.5484,0.5411,0.5474,0.5208,0.0,0.0,0.5443,0.5466,0.5351,0.5388,0.0092,0.0175,0.0919,0.6172,
Cora,GCN,sami_temp_only,"{""lam"": 0.0, ""use_lte"": true, ""use_gate"": false, ""beta"": 1.5, ""warmup_epochs"": 5, ""noise_scale"": 0.0}",42,eac9960f8ba0,0.81,0.00144,0.8717,0.9852,0.1136,0.867,0.9865,0.5718,0.5688,0.5595,0.5319,0.0009,0.0055,0.5638,0.5508,0.544,0.5351,0.0111,0.0185,0.0464,0.3502,
Cora,GCN,sami_temp_only,"{""lam"": 0.0, ""use_lte"": true, ""use_gate"": false, ""beta"": 1.5, ""warmup_epochs"": 5, ""noise_scale"": 0.0}",123,eac9960f8ba0,0.81,0.00144,0.8633,0.988,0.1247,0.8529,0.9839,0.5523,0.5577,0.5721,0.5402,0.0009,0.0185,0.5652,0.5623,0.542,0.5245,0.0092,0.0231,0.0413,0.4694,
Cora,GCN,sami_temp_only,"{""lam"": 0.0, ""use_lte"": true, ""use_gate"": false, ""beta"": 1.5, ""warmup_epochs"": 5, ""noise_scale"": 0.0}",456,eac9960f8ba0,0.81,0.00144,0.8717,0.9834,0.1117,0.8647,0.9866,0.5817,0.5633,0.5539,0.5282,0.0,0.0074,0.5742,0.5563,0.5224,0.5143,0.0018,0.0111,0.0446,0.3323,
Cora,GCN,sami_temp_only,"{""lam"": 0.0, ""use_lte"": true, ""use_gate"": false, ""beta"": 1.5, ""warmup_epochs"": 5, ""noise_scale"": 0.0}",789,eac9960f8ba0,0.81,0.00144,0.8717,0.9834,0.1117,0.8519,0.9877,0.5872,0.5429,0.5654,0.5365,0.0009,0.0028,0.5617,0.5572,0.5232,0.5199,0.0028,0.012,0.0662,0.269,
Cora,GCN,sami_temp_only,"{""lam"": 0.0, ""use_lte"": true, ""use_gate"": false, ""beta"": 1.5, ""warmup_epochs"": 5, ""noise_scale"": 0.0}",1024,eac9960f8ba0,0.81,0.00144,0.8633,0.9871,0.1237,0.8497,0.986,0.574,0.5568,0.5515,0.53,0.0018,0.0092,0.5783,0.5633,0.5289,0.53,0.0037,0.0212,0.0264,0.2815,
Cora,GCN,advreg,"{""lam"": 0.5, ""use_lte"": false, ""use_gate"": false, ""beta"": 0.0, ""warmup_epochs"": 5, ""noise_scale"": 0.0}",42,eac9960f8ba0,0.81,0.00144,0.8735,0.9843,0.1108,0.8688,0.9833,0.5612,0.566,0.5569,0.5272,0.0,0.0037,0.5586,0.5554,0.5415,0.5277,0.0046,0.0259,0.0526,0.6579,
Cora,GCN,advreg,"{""lam"": 0.5, ""use_lte"": false, ""use_gate"": false, ""beta"": 0.0, ""warmup_epochs"": 5, ""noise_scale"": 0.0}",123,eac9960f8ba0,0.81,0.00144,0.8624,0.9852,0.1228,0.8543,0.9796,0.5421,0.5596,0.5668,0.5374,0.0009,0.0148,0.5555,0.5642,0.5496,0.5222,0.0055,0.0259,0.0428,0.6275,
Cora,GCN,advreg,"{""lam"": 0.5, ""use_lte"": false, ""use_gate"": false, ""beta"": 0.0, ""warmup_epochs"": 5, ""noise_scale"": 0.0}",456,eac9960f8ba0,0.81,0.00144,0.8698,0.9806,0.1108,0.862,0.9835,0.5881,0.5697,0.5563,0.5309,0.0,0.0055,0.5736,0.5582,0.5324,0.5314,0.0009,0.0092,0.0308,0.6,
Cora,GCN,advreg,"{""lam"": 0.5, ""use_lte"": false, ""use_gate"": false, ""beta"": 0.0, ""warmup_epochs"": 5, ""noise_scale"": 0.0}",789,eac9960f8ba0,0.81,0.00144,0.8698,0.9825,0.1127,0.8494,0.9851,0.5912,0.5642,0.5698,0.5457,0.0,0.0028,0.5498,0.5554,0.5192,0.5083,0.0037,0.0139,0.0344,0.629,
Cora,GCN,advreg,"{""lam"": 0.5, ""use_lte"": false, ""use_gate"": false, ""beta"": 0.0, ""warmup_epochs"": 5, ""noise_scale"": 0.0}",1024,eac9960f8ba0,0.81,0.00144,0.8661,0.9778,0.1117,0.8547,0.9815,0.5787,0.5642,0.5468,0.5254,0.0,0.012,0.5706,0.5656,0.5197,0.5226,0.0018,0.0231,0.0558,0.6135,
Cora,GraphSAGE,sami_no_lte,"{""lam"": 0.5, ""use_lte"": false, ""use_gate"": true, ""beta"": 0.0, ""warmup_epochs"": 5, ""noise_scale"": 0.25}",42,eac9960f8ba0,0.81,0.00144,0.7719,0.8929,0.121,0.7529,0.9181,0.5654,0.5549,0.5623,0.5346,0.0,0.0,0.5663,0.5605,0.595,0.5646,0.0175,0.0305,0.1774,2.6955,
Cora,GraphSAGE,sami_no_lte,"{""lam"": 0.5, ""use_lte"": false, ""use_gate"": true, ""beta"": 0.0, ""warmup_epochs"": 5, ""noise_scale"": 0.25}",123,eac9960f8ba0,0.81,0.00144,0.7618,0.904,0.1422,0.7359,0.8982,0.5684,0.5559,0.5914,0.5614,0.0,0.0,0.5902,0.5762,0.6202,0.5656,0.0083,0.0277,0.1692,3.0843,
Cora,GraphSAGE,sami_no_lte,"{""lam"": 0.5, ""use_lte"": false, ""use_gate"": true, ""beta"": 0.0, ""warmup_epochs"": 5, ""noise_scale"": 0.25}",456,eac9960f8ba0,0.81,0.00144,0.7765,0.9095,0.133,0.7598,0.9167,0.5699,0.5328,0.5801,0.5448,0.0,0.0,0.5814,0.5522,0.5757,0.5434,0.0046,0.0231,0.1914,2.6584,
Cora,GraphSAGE,sami_no_lte,"{""lam"": 0.5, ""use_lte"": false, ""use_gate"": true, ""beta"": 0.0, ""warmup_epochs"": 5, ""noise_scale"": 0.25}",789,eac9960f8ba0,0.81,0.00144,0.7784,0.8994,0.121,0.7497,0.9254,0.5796,0.5633,0.5825,0.5512,0.0,0.0,0.5774,0.5596,0.6125,0.5748,0.0102,0.0286,0.1839,2.7831,
Cora,GraphSAGE,sami_no_lte,"{""lam"": 0.5, ""use_lte"": false, ""use_gate"": true, ""beta"": 0.0, ""warmup_epochs"": 5, ""noise_scale"": 0.25}",1024,eac9960f8ba0,0.81,0.00144,0.771,0.8901,0.1191,0.7424,0.9109,0.5735,0.5522,0.5788,0.5494,0.0,0.0,0.5791,0.5508,0.6081,0.5766,0.0148,0.024,0.1826,2.6517,
Cora,GraphSAGE,sami_no_adv,"{""lam"": 0.0, ""use_lte"": true, ""use_gate"": true, ""beta"": 0.0, ""warmup_epochs"": 5, ""noise_scale"": 0.25}",42,eac9960f8ba0,0.81,0.00144,0.88,0.9972,0.1173,0.8733,0.9579,0.5861,0.5679,0.5621,0.5291,0.0,0.0,0.5611,0.5572,0.5585,0.5434,0.0055,0.0148,0.0963,1.1242,
Cora,GraphSAGE,sami_no_adv,"{""lam"": 0.0, ""use_lte"": true, ""use_gate"": true, ""beta"": 0.0, ""warmup_epochs"": 5, ""noise_scale"": 0.25}",123,eac9960f8ba0,0.81,0.00144,0.8624,0.9963,0.1339,0.8484,0.9485,0.59,0.5753,0.597,0.5466,0.0,0.0,0.591,0.5817,0.5524,0.5272,0.0055,0.0323,0.0843,1.1231,
Cora,GraphSAGE,sami_no_adv,"{""lam"": 0.0, ""use_lte"": true, ""use_gate"": true, ""beta"": 0.0, ""warmup_epochs"": 5, ""noise_scale"": 0.25}",456,eac9960f8ba0,0.81,0.00144,0.8735,0.9963,0.1228,0.8642,0.9534,0.5932,0.5679,0.5965,0.5669,0.0,0.0,0.5942,0.5697,0.5376,0.5208,0.0046,0.0157,0.0916,1.1245,
Cora,GraphSAGE,sami_no_adv,"{""lam"": 0.0, ""use_lte"": true, ""use_gate"": true, ""beta"": 0.0, ""warmup_epochs"": 5, ""noise_scale"": 0.25}",789,eac9960f8ba0,0.81,0.00144,0.8781,0.9954,0.1173,0.8586,0.9574,0.58,0.5669,0.5878,0.5466,0.0,0.0,0.5769,0.5725,0.5302,0.5208,0.012,0.0295,0.1013,1.1119,
Cora,GraphSAGE,sami_no_adv,"{""lam"": 0.0, ""use_lte"": true, ""use_gate"": true, ""beta"": 0.0, ""warmup_epochs"": 5, ""noise_scale"": 0.25}",1024,eac9960f8ba0,0.81,0.00144,0.8652,0.9945,0.1293,0.8479,0.9538,0.5703,0.5623,0.5809,0.5429,0.0,0.0,0.5712,0.5674,0.5458,0.5392,0.0111,0.0175,0.0847,1.2749,
Cora,GraphSAGE,sami_no_gate,"{""lam"": 0.5, ""use_lte"": true, ""use_gate"": false, ""beta"": 0.0, ""warmup_epochs"": 5, ""noise_scale"": 0.25}",42,eac9960f8ba0,0.81,0.00144,0.8873,0.9945,0.1071,0.8821,0.9556,0.5794,0.5623,0.5542,0.5217,0.0,0.0,0.5544,0.5554,0.5507,0.536,0.0055,0.0157,0.0971,2.1992,
Cora,GraphSAGE,sami_no_gate,"{""lam"": 0.5, ""use_lte"": true, ""use_gate"": false, ""beta"": 0.0, ""warmup_epochs"": 5, ""noise_scale"": 0.25}",123,eac9960f8ba0,0.81,0.00144,0.8809,0.9954,0.1145,0.8706,0.9551,0.5723,0.5633,0.5854,0.5402,0.0,0.0,0.5765,0.5711,0.5433,0.5208,0.0046,0.0388,0.0975,2.6755,
Cora,GraphSAGE,sami_no_gate,"{""lam"": 0.5, ""use_lte"": true, ""use_gate"": false, ""beta"": 0.0, ""warmup_epochs"": 5, ""noise_scale"": 0.25}",456,eac9960f8ba0,0.81,0.00144,0.8809,0.9926,0.1117,0.874,0.9551,0.5858,0.5512,0.5923,0.5633,0.0,0.0,0.5883,0.5637,0.5323,0.5189,0.0009,0.0129,0.0992,2.4812,
Cora,GraphSAGE,sami_no_gate,"{""lam"": 0.5, ""use_lte"": true, ""use_gate"": false, ""beta"": 0.0, ""warmup_epochs"": 5, ""noise_scale"": 0.25}",789,eac9960f8ba0,0.81,0.00144,0.8873,0.9954,0.108,0.8687,0.9639,0.574,0.5633,0.5801,0.5485,0.0,0.0,0.5679,0.5651,0.5231,0.518,0.0194,0.0286,0.1113,2.5691,
Cora,GraphSAGE,sami_no_gate,"{""lam"": 0.5, ""use_lte"": true, ""use_gate"": false, ""beta"": 0.0, ""warmup_epochs"": 5, ""noise_scale"": 0.25}",1024,eac9960f8ba0,0.81,0.00144,0.879,0.9935,0.1145,0.8619,0.9519,0.5584,0.5559,0.5725,0.5392,0.0,0.0,0.5626,0.5582,0.5443,0.5388,0.0139,0.0249,0.0919,2.2783,
Cora,GraphSAGE,sami_temp_only,"{""lam"": 0.0, ""use_lte"": true, ""use_gate"": false, ""beta"": 1.5, ""warmup_epochs"": 5, ""noise_scale"": 0.0}",42,eac9960f8ba0,0.81,0.00144,0.8855,1.0,0.1145,0.8816,0.9849,0.6246,0.6187,0.6155,0.5614,0.0,0.0065,0.6362,0.6196,0.552,0.5374,0.012,0.0314,0.0206,0.9148,
Cora,GraphSAGE,sami_temp_only,"{""lam"": 0.0, ""use_lte"": true, ""use_gate"": false, ""beta"": 1.5, ""warmup_epochs"": 5, ""noise_scale"": 0.0}",123,eac9960f8ba0,0.81,0.00144,0.868,1.0,0.132,0.8559,0.9826,0.6335,0.6168,0.6245,0.5734,0.0018,0.0157,0.6273,0.6159,0.5686,0.5448,0.0074,0.0332,0.0194,0.8694,
Cora,GraphSAGE,sami_temp_only,"{""lam"": 0.0, ""use_lte"": true, ""use_gate"": false, ""beta"": 1.5, ""warmup_epochs"": 5, ""noise_scale"": 0.0}",456,eac9960f8ba0,0.81,0.00144,0.8837,1.0,0.1163,0.8778,0.9877,0.6326,0.615,0.6253,0.5734,0.0028,0.0259,0.6257,0.614,0.5401,0.5319,0.0102,0.0222,0.0251,0.8695,
Cora,GraphSAGE,sami_temp_only,"{""lam"": 0.0, ""use_lte"": true, ""use_gate"": false, ""beta"": 1.5, ""warmup_epochs"": 5, ""noise_scale"": 0.0}",789,eac9960f8ba0,0.81,0.00144,0.8818,1.0,0.1182,0.8643,0.9892,0.611,0.6057,0.6342,0.5854,0.0028,0.0129,0.6395,0.6205,0.5509,0.5416,0.0055,0.036,0.0238,1.988,
Cora,GraphSAGE,sami_temp_only,"{""lam"": 0.0, ""use_lte"": true, ""use_gate"": false, ""beta"": 1.5, ""warmup_epochs"": 5, ""noise_scale"": 0.0}",1024,eac9960f8ba0,0.81,0.00144,0.8726,1.0,0.1274,0.857,0.9856,0.622,0.6196,0.625,0.5753,0.0065,0.0175,0.6389,0.62,0.5609,0.5545,0.0074,0.0332,0.018,1.2559,
Cora,GraphSAGE,advreg,"{""lam"": 0.5, ""use_lte"": false, ""use_gate"": false, ""beta"": 0.0, ""warmup_epochs"": 5, ""noise_scale"": 0.0}",42,eac9960f8ba0,0.81,0.00144,0.891,1.0,0.109,0.8878,0.9814,0.62,0.614,0.6043,0.5563,0.0,0.0083,0.6043,0.6066,0.5438,0.5305,0.0231,0.0286,0.0505,2.4975,
Cora,GraphSAGE,advreg,"{""lam"": 0.5, ""use_lte"": false, ""use_gate"": false, ""beta"": 0.0, ""warmup_epochs"": 5, ""noise_scale"": 0.0}",123,eac9960f8ba0,0.81,0.00144,0.8717,1.0,0.1283,0.8609,0.9798,0.6189,0.5937,0.613,0.5549,0.0028,0.0166,0.6128,0.602,0.5592,0.5374,0.0129,0.0259,0.0557,3.801,
Cora,GraphSAGE,advreg,"{""lam"": 0.5, ""use_lte"": false, ""use_gate"": false, ""beta"": 0.0, ""warmup_epochs"": 5, ""noise_scale"": 0.0}",456,eac9960f8ba0,0.81,0.00144,0.8873,1.0,0.1127,0.879,0.9864,0.6198,0.6122,0.6147,0.5614,0.0,0.0166,0.6147,0.609,0.5192,0.518,0.0092,0.0259,0.0488,2.4852,
Cora,GraphSAGE,advreg,"{""lam"": 0.5, ""use_lte"": false, ""use_gate"": false, ""beta"": 0.0, ""warmup_epochs"": 5, ""noise_scale"": 0.0}",789,eac9960f8ba0,0.81,0.00144,0.8809,1.0,0.1191,0.8662,0.988,0.6026,0.6048,0.6213,0.5762,0.0,0.0203,0.6211,0.602,0.5421,0.5319,0.0065,0.0305,0.0511,2.3588,
Cora,GraphSAGE,advreg,"{""lam"": 0.5, ""use_lte"": false, ""use_gate"": false, ""beta"": 0.0, ""warmup_epochs"": 5, ""noise_scale"": 0.0}",1024,eac9960f8ba0,0.81,0.00144,0.8809,1.0,0.1191,0.8698,0.9827,0.6111,0.6113,0.6119,0.5577,0.0065,0.0259,0.6119,0.5993,0.5519,0.5457,0.0092,0.0259,0.0478,2.3698,
synthetic_low_sparse,GCN,sami_no_lte,"{""lam"": 0.5, ""use_lte"": false, ""use_gate"": true, ""beta"": 0.0, ""warmup_epochs"": 5, ""noise_scale"": 0.25}",42,eac9960f8ba0,0.2982,0.005,0.6875,0.8562,0.1687,0.6876,0.8789,0.5703,0.5875,0.5796,0.5375,0.0,0.0,0.5429,0.5594,0.5458,0.5281,0.0187,0.0187,0.0645,0.2512,
synthetic_low_sparse,GCN,sami_no_lte,"{""lam"": 0.5, ""use_lte"": false, ""use_gate"": true, ""beta"": 0.0, ""warmup_epochs"": 5, ""noise_scale"": 0.25}",123,eac9960f8ba0,0.2982,0.005,0.7375,0.8438,0.1062,0.7391,0.8991,0.5606,0.5563,0.576,0.5437,0.0,0.0,0.5312,0.4906,0.4884,0.4938,0.0125,0.0187,0.1253,0.203,
synthetic_low_sparse,GCN,sami_no_lte,"{""lam"": 0.5, ""use_lte"": false, ""use_gate"": true, ""beta"": 0.0, ""warmup_epochs"": 5, ""noise_scale"": 0.25}",456,eac9960f8ba0,0.2982,0.005,0.7063,0.85,0.1437,0.7013,0.8825,0.6268,0.575,0.5958,0.5625,0.0,0.0,0.5124,0.4969,0.4687,0.5125,0.0063,0.025,0.1075,0.206,
synthetic_low_sparse,GCN,sami_no_lte,"{""lam"": 0.5, ""use_lte"": false, ""use_gate"": true, ""beta"": 0.0, ""warmup_epochs"": 5, ""noise_scale"": 0.25}",789,eac9960f8ba0,0.2982,0.005,0.675,0.7875,0.1125,0.677,0.8745,0.5438,0.5,0.5817,0.5687,0.0,0.0,0.4174,0.4656,0.4625,0.4688,0.0,0.0063,0.0722,0.2075,
synthetic_low_sparse,GCN,sami_no_lte,"{""lam"": 0.5, ""use_lte"": false, ""use_gate"": true, ""beta"": 0.0, ""warmup_epochs"": 5, ""noise_scale"": 0.25}",1024,eac9960f8ba0,0.2982,0.005,0.6188,0.875,0.2562,0.6139,0.8146,0.6249,0.6062,0.6372,0.575,0.0,0.0,0.5018,0.5094,0.5198,0.525,0.0,0.0,0.0899,0.272,
synthetic_low_sparse,GCN,sami_no_adv,"{""lam"": 0.0, ""use_lte"": true, ""use_gate"": true, ""beta"": 0.0, ""warmup_epochs"": 5, ""noise_scale"": 0.25}",42,eac9960f8ba0,0.2982,0.005,0.7625,0.9187,0.1562,0.7625,0.9209,0.5764,0.6125,0.6082,0.5625,0.0,0.0,0.5921,0.5875,0.5236,0.5188,0.0187,0.025,0.0502,0.0864,
synthetic_low_sparse,GCN,sami_no_adv,"{""lam"": 0.0, ""use_lte"": true, ""use_gate"": true, ""beta"": 0.0, ""warmup_epochs"": 5, ""noise_scale"": 0.25}",123,eac9960f8ba0,0.2982,0.005,0.8125,0.9375,0.125,0.8109,0.9359,0.5811,0.5437,0.5893,0.5437,0.0,0.0,0.5689,0.5344,0.481,0.4781,0.0187,0.0187,0.0966,0.0843,
synthetic_low_sparse,GCN,sami_no_adv,"{""lam"": 0.0, ""use_lte"": true, ""use_gate"": true, ""beta"": 0.0, ""warmup_epochs"": 5, ""noise_scale"": 0.25}",456,eac9960f8ba0,0.2982,0.005,0.7875,0.9125,0.125,0.7861,0.9368,0.6143,0.5687,0.5955,0.5563,0.0,0.0,0.5199,0.4938,0.5067,0.5281,0.0,0.025,0.0795,0.0864,
synthetic_low_sparse,GCN,sami_no_adv,"{""lam"": 0.0, ""use_lte"": true, ""use_gate"": true, ""beta"": 0.0, ""warmup_epochs"": 5, ""noise_scale"": 0.25}",789,eac9960f8ba0,0.2982,0.005,0.7688,0.8812,0.1125,0.7695,0.9174,0.574,0.55,0.598,0.5687,0.0,0.0,0.5208,0.4844,0.4613,0.4656,0.0,0.0063,0.0664,0.0858,
synthetic_low_sparse,GCN,sami_no_adv,"{""lam"": 0.0, ""use_lte"": true, ""use_gate"": true, ""beta"": 0.0, ""warmup_epochs"": 5, ""noise_scale"": 0.25}",1024,eac9960f8ba0,0.2982,0.005,0.6813,0.95,0.2687,0.6786,0.8832,0.6288,0.5875,0.6467,0.5813,0.0,0.0,0.5546,0.5437,0.5446,0.55,0.0063,0.0063,0.0721,0.0834,
synthetic_low_sparse,GCN,sami_no_gate,"{""lam"": 0.5, ""use_lte"": true, ""use_gate"": false, ""beta"": 0.0, ""warmup_epochs"": 5, ""noise_scale"": 0.25}",42,eac9960f8ba0,0.2982,0.005,0.725,0.9062,0.1813,0.7248,0.9222,0.5661,0.5687,0.5923,0.55,0.0,0.0,0.5761,0.5563,0.5252,0.5156,0.0187,0.025,0.0853,0.1375,
synthetic_low_sparse,GCN,sami_no_gate,"{""lam"": 0.5, ""use_lte"": true, ""use_gate"": false, ""beta"": 0.0, ""warmup_epochs"": 5, ""noise_scale"": 0.25}",123,eac9960f8ba0,0.2982,0.005,0.8313,0.9313,0.1,0.8313,0.9452,0.5174,0.4813,0.5666,0.5312,0.0,0.0,0.5511,0.5188,0.4759,0.4688,0.0187,0.0187,0.0884,0.1369,
synthetic_low_sparse,GCN,sami_no_gate,"{""lam"": 0.5, ""use_lte"": true, ""use_gate"": false, ""beta"": 0.0, ""warmup_epochs"": 5, ""noise_scale"": 0.25}",456,eac9960f8ba0,0.2982,0.005,0.775,0.9125,0.1375,0.7735,0.9337,0.6057,0.4875,0.5751,0.5437,0.0,0.0,0.519,0.4906,0.4989,0.5281,0.0,0.025,0.0882,0.1459,
synthetic_low_sparse,GCN,sami_no_gate,"{""lam"": 0.5, ""use_lte"": true, ""use_gate"": false, ""beta"": 0.0, ""warmup_epochs"": 5, ""noise_scale"": 0.25}",789,eac9960f8ba0,0.2982,0.005,0.7562,0.875,0.1188,0.7571,0.9198,0.5893,0.5687,0.6068,0.575,0.0,0.0,0.4934,0.4719,0.4767,0.4781,0.0,0.0063,0.0485,0.1391,
synthetic_low_sparse,GCN,sami_no_gate,"{""lam"": 0.5, ""use_lte"": true, ""use_gate"": false, ""beta"": 0.0, ""warmup_epochs"": 5, ""noise_scale"": 0.25}",1024,eac9960f8ba0,0.2982,0.005,0.6937,0.9375,0.2438,0.6909,0.8779,0.6198,0.5687,0.64,0.5813,0.0,0.0,0.5278,0.5469,0.5284,0.5563,0.0063,0.0063,0.0834,0.1361,
synthetic_low_sparse,GCN,sami_temp_only,"{""lam"": 0.0, ""use_lte"": true, ""use_gate"": false, ""beta"": 1.5, ""warmup_epochs"": 5, ""noise_scale"": 0.0}",42,eac9960f8ba0,0.2982,0.005,0.75,0.9437,0.1937,0.7477,0.9709,0.6398,0.5813,0.56,0.55,0.0,0.0,0.5797,0.5281,0.5067,0.4969,0.0125,0.025,0.059,0.0511,
synthetic_low_sparse,GCN,sami_temp_only,"{""lam"": 0.0, ""use_lte"": true, ""use_gate"": false, ""beta"": 1.5, ""warmup_epochs"": 5, ""noise_scale"": 0.0}",123,eac9960f8ba0,0.2982,0.005,0.8313,0.9625,0.1312,0.8294,0.982,0.4937,0.4625,0.5266,0.5062,0.0312,0.0375,0.5611,0.5219,0.4896,0.4906,0.0063,0.0125,0.0315,0.0447,
synthetic_low_sparse,GCN,sami_temp_only,"{""lam"": 0.0, ""use_lte"": true, ""use_gate"": false, ""beta"": 1.5, ""warmup_epochs"": 5, ""noise_scale"": 0.0}",456,eac9960f8ba0,0.2982,0.005,0.7875,0.9688,0.1813,0.7858,0.9707,0.662,0.475,0.5726,0.4938,0.025,0.0312,0.5351,0.5437,0.4928,0.5437,0.0,0.0063,0.0611,0.0451,
synthetic_low_sparse,GCN,sami_temp_only,"{""lam"": 0.0, ""use_lte"": true, ""use_gate"": false, ""beta"": 1.5, ""warmup_epochs"": 5, ""noise_scale"": 0.0}",789,eac9960f8ba0,0.2982,0.005,0.7375,0.9313,0.1937,0.7366,0.9604,0.5556,0.6,0.5978,0.5687,0.0,0.0187,0.5159,0.4813,0.4991,0.4969,0.0,0.0187,0.0282,0.0707,
synthetic_low_sparse,GCN,sami_temp_only,"{""lam"": 0.0, ""use_lte"": true, ""use_gate"": false, ""beta"": 1.5, ""warmup_epochs"": 5, ""noise_scale"": 0.0}",1024,eac9960f8ba0,0.2982,0.005,0.725,0.9563,0.2313,0.7214,0.9532,0.626,0.6125,0.6334,0.5813,0.0,0.025,0.5285,0.5344,0.5515,0.55,0.0375,0.0375,0.0914,0.0439,
synthetic_low_sparse,GCN,advreg,"{""lam"": 0.5, ""use_lte"": false, ""use_gate"": false, ""beta"": 0.0, ""warmup_epochs"": 5, ""noise_scale"": 0.0}",42,eac9960f8ba0,0.2982,0.005,0.7375,0.9563,0.2188,0.7373,0.9714,0.6348,0.5687,0.559,0.525,0.0,0.0,0.5319,0.5062,0.497,0.4781,0.0187,0.0312,0.1392,0.135,
synthetic_low_sparse,GCN,advreg,"{""lam"": 0.5, ""use_lte"": false, ""use_gate"": false, ""beta"": 0.0, ""warmup_epochs"": 5, ""noise_scale"": 0.0}",123,eac9960f8ba0,0.2982,0.005,0.8438,0.9437,0.1,0.8434,0.9799,0.6409,0.6,0.5103,0.4813,0.0,0.0,0.4871,0.5125,0.4954,0.4875,0.0125,0.0125,0.0866,0.1346,
synthetic_low_sparse,GCN,advreg,"{""lam"": 0.5, ""use_lte"": false, ""use_gate"": false, ""beta"": 0.0, ""warmup_epochs"": 5, ""noise_scale"": 0.0}",456,eac9960f8ba0,0.2982,0.005,0.7875,0.9437,0.1562,0.7855,0.968,0.6328,0.4875,0.5714,0.5188,0.0,0.0,0.5307,0.5281,0.4821,0.5344,0.0,0.0125,0.1038,0.1355,
synthetic_low_sparse,GCN,advreg,"{""lam"": 0.5, ""use_lte"": false, ""use_gate"": false, ""beta"": 0.0, ""warmup_epochs"": 5, ""noise_scale"": 0.0}",789,eac9960f8ba0,0.2982,0.005,0.725,0.925,0.2,0.727,0.9572,0.5506,0.5813,0.5955,0.55,0.0,0.0,0.4895,0.4688,0.4757,0.4562,0.0,0.0,0.1279,0.1369,
synthetic_low_sparse,GCN,advreg,"{""lam"": 0.5, ""use_lte"": false, ""use_gate"": false, ""beta"": 0.0, ""warmup_epochs"": 5, ""noise_scale"": 0.0}",1024,eac9960f8ba0,0.2982,0.005,0.7,0.9437,0.2438,0.6966,0.9488,0.6046,0.625,0.6368,0.575,0.025,0.0375,0.5216,0.4688,0.5535,0.5594,0.0375,0.0375,0.1336,0.3422,
synthetic_low_sparse,GraphSAGE,sami_no_lte,"{""lam"": 0.5, ""use_lte"": false, ""use_gate"": true, ""beta"": 0.0, ""warmup_epochs"": 5, ""noise_scale"": 0.25}",42,eac9960f8ba0,0.2982,0.005,0.9062,0.9,-0.0062,0.905,0.9808,0.4907,0.4938,0.4827,0.4688,0.0,0.0,0.437,0.4938,0.5045,0.4844,0.0,0.0187,0.2046,0.1988,
synthetic_low_sparse,GraphSAGE,sami_no_lte,"{""lam"": 0.5, ""use_lte"": false, ""use_gate"": true, ""beta"": 0.0, ""warmup_epochs"": 5, ""noise_scale"": 0.25}",123,eac9960f8ba0,0.2982,0.005,0.8938,0.9187,0.025,0.8964,0.9895,0.5351,0.5375,0.5307,0.5062,0.0,0.0,0.5168,0.5281,0.5179,0.5281,0.0,0.0125,0.1985,0.1987,
synthetic_low_sparse,GraphSAGE,sami_no_lte,"{""lam"": 0.5, ""use_lte"": false, ""use_gate"": true, ""beta"": 0.0, ""warmup_epochs"": 5, ""noise_scale"": 0.25}",456,eac9960f8ba0,0.2982,0.005,0.9125,0.9,-0.0125,0.9071,0.9808,0.5191,0.4813,0.5286,0.5312,0.0,0.0,0.4861,0.4906,0.4938,0.5156,0.0,0.0063,0.2249,0.1999,
synthetic_low_sparse,GraphSAGE,sami_no_lte,"{""lam"": 0.5, ""use_lte"": false, ""use_gate"": true, ""beta"": 0.0, ""warmup_epochs"": 5, ""noise_scale"": 0.25}",789,eac9960f8ba0,0.2982,0.005,0.925,0.9,-0.025,0.9251,0.973,0.4852,0.5,0.4892,0.5,0.0,0.0,0.5126,0.5031,0.4636,0.4781,0.0,0.0063,0.2274,0.198,
synthetic_low_sparse,GraphSAGE,sami_no_lte,"{""lam"": 0.5, ""use_lte"": false, ""use_gate"": true, ""beta"": 0.0, ""warmup_epochs"": 5, ""noise_scale"": 0.25}",1024,eac9960f8ba0,0.2982,0.005,0.9,0.9563,0.0563,0.8971,0.9811,0.5011,0.5062,0.5109,0.5062,0.0,0.0,0.4901,0.5,0.4963,0.5125,0.0,0.0,0.1993,0.212,
synthetic_low_sparse,GraphSAGE,sami_no_adv,"{""lam"": 0.0, ""use_lte"": true, ""use_gate"": true, ""beta"": 0.0, ""warmup_epochs"": 5, ""noise_scale"": 0.25}",42,eac9960f8ba0,0.2982,0.005,0.9812,0.9875,0.0063,0.9804,0.9995,0.4511,0.4813,0.5102,0.4938,0.0,0.0,0.5168,0.5,0.5272,0.5156,0.0,0.0125,0.1605,0.0813,
synthetic_low_sparse,GraphSAGE,sami_no_adv,"{""lam"": 0.0, ""use_lte"": true, ""use_gate"": true, ""beta"": 0.0, ""warmup_epochs"": 5, ""noise_scale"": 0.25}",123,eac9960f8ba0,0.2982,0.005,0.9938,0.9875,-0.0062,0.9944,0.999,0.5508,0.4813,0.5297,0.5437,0.0,0.0,0.5436,0.5312,0.4779,0.4938,0.0,0.0125,0.1801,0.0964,
synthetic_low_sparse,GraphSAGE,sami_no_adv,"{""lam"": 0.0, ""use_lte"": true, ""use_gate"": true, ""beta"": 0.0, ""warmup_epochs"": 5, ""noise_scale"": 0.25}",456,eac9960f8ba0,0.2982,0.005,0.9938,0.9812,-0.0125,0.9926,1.0,0.4707,0.4625,0.5022,0.5188,0.0,0.0,0.5104,0.4938,0.5009,0.5125,0.0,0.0125,0.1746,0.081,
synthetic_low_sparse,GraphSAGE,sami_no_adv,"{""lam"": 0.0, ""use_lte"": true, ""use_gate"": true, ""beta"": 0.0, ""warmup_epochs"": 5, ""noise_scale"": 0.25}",789,eac9960f8ba0,0.2982,0.005,0.9938,0.9812,-0.0125,0.9937,0.9997,0.4904,0.4562,0.4994,0.5125,0.0,0.0,0.4923,0.5094,0.4831,0.4938,0.0,0.0063,0.1728,0.0804,
synthetic_low_sparse,GraphSAGE,sami_no_adv,"{""lam"": 0.0, ""use_lte"": true, ""use_gate"": true, ""beta"": 0.0, ""warmup_epochs"": 5, ""noise_scale"": 0.25}",1024,eac9960f8ba0,0.2982,0.005,0.9812,1.0,0.0188,0.9792,1.0,0.4668,0.4875,0.5092,0.5188,0.0,0.0,0.5078,0.5062,0.547,0.5563,0.0,0.0,0.1519,0.0819,
synthetic_low_sparse,GraphSAGE,sami_no_gate,"{""lam"": 0.5, ""use_lte"": true, ""use_gate"": false, ""beta"": 0.0, ""warmup_epochs"": 5, ""noise_scale"": 0.25}",42,eac9960f8ba0,0.2982,0.005,0.9812,0.9875,0.0063,0.9804,0.9995,0.4511,0.4813,0.5103,0.4938,0.0,0.0,0.5168,0.5,0.5272,0.5156,0.0,0.0125,0.1605,0.1322,
synthetic_low_sparse,GraphSAGE,sami_no_gate,"{""lam"": 0.5, ""use_lte"": true, ""use_gate"": false, ""beta"": 0.0, ""warmup_epochs"": 5, ""noise_scale"": 0.25}",123,eac9960f8ba0,0.2982,0.005,0.9938,0.9875,-0.0062,0.9944,0.999,0.5508,0.4813,0.5297,0.5437,0.0,0.0,0.5434,0.5312,0.4779,0.4938,0.0,0.0125,0.1801,0.1346,
synthetic_low_sparse,GraphSAGE,sami_no_gate,"{""lam"": 0.5, ""use_lte"": true, ""use_gate"": false, ""beta"": 0.0, ""warmup_epochs"": 5, ""noise_scale"": 0.25}",456,eac9960f8ba0,0.2982,0.005,0.9938,0.9812,-0.0125,0.9926,1.0,0.4707,0.4625,0.5022,0.5188,0.0,0.0,0.5104,0.4938,0.5009,0.5125,0.0,0.0125,0.1746,0.1354,
synthetic_low_sparse,GraphSAGE,sami_no_gate,"{""lam"": 0.5, ""use_lte"": true, ""use_gate"": false, ""beta"": 0.0, ""warmup_epochs"": 5, ""noise_scale"": 0.25}",789,eac9960f8ba0,0.2982,0.005,0.9938,0.9812,-0.0125,0.9937,0.9997,0.4902,0.4562,0.4994,0.5125,0.0,0.0,0.4922,0.5094,0.4831,0.4938,0.0,0.0063,0.1728,0.1341,
synthetic_low_sparse,GraphSAGE,sami_no_gate,"{""lam"": 0.5, ""use_lte"": true, ""use_gate"": false, ""beta"": 0.0, ""warmup_epochs"": 5, ""noise_scale"": 0.25}",1024,eac9960f8ba0,0.2982,0.005,0.9812,1.0,0.0188,0.9792,1.0,0.4668,0.4875,0.5092,0.5188,0.0,0.0,0.5078,0.5062,0.547,0.5563,0.0,0.0,0.1519,0.1338,
synthetic_low_sparse,GraphSAGE,sami_temp_only,"{""lam"": 0.0, ""use_lte"": true, ""use_gate"": false, ""beta"": 1.5, ""warmup_epochs"": 5, ""noise_scale"": 0.0}",42,eac9960f8ba0,0.2982,0.005,1.0,1.0,0.0,1.0,1.0,0.5738,0.4813,0.5622,0.55,0.0,0.0,0.5633,0.5,0.5082,0.5125,0.0063,0.0063,0.0008,0.0426,
synthetic_low_sparse,GraphSAGE,sami_temp_only,"{""lam"": 0.0, ""use_lte"": true, ""use_gate"": false, ""beta"": 1.5, ""warmup_epochs"": 5, ""noise_scale"": 0.0}",123,eac9960f8ba0,0.2982,0.005,1.0,1.0,0.0,1.0,1.0,0.5525,0.4813,0.5471,0.55,0.0,0.0,0.5488,0.5,0.4756,0.475,0.0125,0.0187,0.0005,0.0429,
synthetic_low_sparse,GraphSAGE,sami_temp_only,"{""lam"": 0.0, ""use_lte"": true, ""use_gate"": false, ""beta"": 1.5, ""warmup_epochs"": 5, ""noise_scale"": 0.0}",456,eac9960f8ba0,0.2982,0.005,1.0,1.0,0.0,1.0,1.0,0.4894,0.4688,0.4969,0.4906,0.0,0.0,0.4979,0.5,0.4572,0.5188,0.0,0.0063,0.0003,0.0409,
synthetic_low_sparse,GraphSAGE,sami_temp_only,"{""lam"": 0.0, ""use_lte"": true, ""use_gate"": false, ""beta"": 1.5, ""warmup_epochs"": 5, ""noise_scale"": 0.0}",789,eac9960f8ba0,0.2982,0.005,1.0,1.0,0.0,1.0,1.0,0.5762,0.5,0.5789,0.6,0.0,0.0,0.58,0.5,0.5168,0.4938,0.0063,0.0063,0.0011,0.0434,
synthetic_low_sparse,GraphSAGE,sami_temp_only,"{""lam"": 0.0, ""use_lte"": true, ""use_gate"": false, ""beta"": 1.5, ""warmup_epochs"": 5, ""noise_scale"": 0.0}",1024,eac9960f8ba0,0.2982,0.005,1.0,1.0,0.0,1.0,1.0,0.6204,0.4875,0.5834,0.55,0.0,0.0,0.5907,0.5,0.5439,0.5406,0.0063,0.0312,0.0006,0.0421,
synthetic_low_sparse,GraphSAGE,advreg,"{""lam"": 0.5, ""use_lte"": false, ""use_gate"": false, ""beta"": 0.0, ""warmup_epochs"": 5, ""noise_scale"": 0.0}",42,eac9960f8ba0,0.2982,0.005,1.0,1.0,0.0,1.0,1.0,0.585,0.4813,0.5476,0.5,0.0,0.0,0.5807,0.5,0.5061,0.5,0.0,0.0,0.0,0.1324,
synthetic_low_sparse,GraphSAGE,advreg,"{""lam"": 0.5, ""use_lte"": false, ""use_gate"": false, ""beta"": 0.0, ""warmup_epochs"": 5, ""noise_scale"": 0.0}",123,eac9960f8ba0,0.2982,0.005,1.0,1.0,0.0,1.0,1.0,0.5739,0.4813,0.5351,0.5,0.0,0.0,0.4511,0.5,0.4652,0.4719,0.0,0.0,0.0,0.1339,
synthetic_low_sparse,GraphSAGE,advreg,"{""lam"": 0.5, ""use_lte"": false, ""use_gate"": false, ""beta"": 0.0, ""warmup_epochs"": 5, ""noise_scale"": 0.0}",456,eac9960f8ba0,0.2982,0.005,1.0,1.0,0.0,1.0,1.0,0.3696,0.4688,0.5585,0.5,0.0,0.0,0.5679,0.5,0.508,0.525,0.0,0.0,0.0,0.1613,
synthetic_low_sparse,GraphSAGE,advreg,"{""lam"": 0.5, ""use_lte"": false, ""use_gate"": false, ""beta"": 0.0, ""warmup_epochs"": 5, ""noise_scale"": 0.0}",789,eac9960f8ba0,0.2982,0.005,1.0,1.0,0.0,1.0,1.0,0.5554,0.4938,0.5265,0.5,0.0,0.0,0.513,0.5,0.522,0.4969,0.0,0.0125,0.0,0.1344,
synthetic_low_sparse,GraphSAGE,advreg,"{""lam"": 0.5, ""use_lte"": false, ""use_gate"": false, ""beta"": 0.0, ""warmup_epochs"": 5, ""noise_scale"": 0.0}",1024,eac9960f8ba0,0.2982,0.005,1.0,1.0,0.0,1.0,1.0,0.5738,0.4875,0.5302,0.5,0.0,0.0,0.5857,0.5,0.5218,0.5312,0.0,0.0375,0.0,0.1934,
