dataset,model,defense,defense_params,seed,homophily,density,train_time_seconds,test_accuracy,test_f1,test_auroc,train_ego_gap,train_ego_gap_std,test_ego_gap,test_ego_gap_std,ego_gap_diff,conf_attack_auc,conf_attack_acc,conf_attack_tpr01,conf_attack_tpr05,conf_attack_adv,threshold_attack_auc,threshold_attack_acc,threshold_attack_tpr01,threshold_attack_tpr05,threshold_attack_adv,shadow_attack_auc,shadow_attack_acc,shadow_attack_tpr01,shadow_attack_tpr05,shadow_attack_adv,label_only_attack_auc,label_only_attack_acc,label_only_attack_tpr01,label_only_attack_tpr05,label_only_attack_adv,label_only_flip_rate,ece_test,actual_dp_epsilon,dp_delta,dp_clip_norm,dp_noise_multiplier,lambda_epsd,epsd_ablation,model_sha256,prediction_sha256,normal_loss_ep1,epsd_kl_loss_ep1,total_loss_ep1,normal_loss_final,epsd_kl_loss_final,total_loss_final
Cora,LogReg,none,{},42,0.81,0.00144,0.0302,0.7341,0.718,0.9447,,,,,,0.7272,0.6921,0.0423,0.1408,0.3943,0.6761,0.6143,0.0078,0.0529,0.3795,0.7295,0.6843,0.0264,0.1205,0.3849,,,,,,,0.0176,,,,,0.0,none,N/A,307843f7cb85e25b3064c809a24b0c387be79617195fc908d14ceeca50fe3493,,,,,,
Cora,LogReg,none,{},123,0.81,0.00144,0.0252,0.7607,0.7439,0.9466,,,,,,0.729,0.6591,0.0433,0.1453,0.3422,0.6576,0.6012,0.0114,0.0563,0.3501,0.7186,0.6731,0.0434,0.1096,0.3531,,,,,,,0.026,,,,,0.0,none,N/A,24687177a33b4e2b2a74967d7ecfb65e9cfd42ce526970509916b3787c920d80,,,,,,
Cora,LogReg,none,{},456,0.81,0.00144,0.0224,0.7548,0.7375,0.948,,,,,,0.7219,0.6954,0.0365,0.1201,0.4079,0.6836,0.6272,0.0158,0.057,0.3833,0.7488,0.695,0.018,0.1133,0.3946,,,,,,,0.0351,,,,,0.0,none,N/A,ad621d6407971f480a45c96a337160df53a0133a8baaa7ed74365766bd1de11b,,,,,,
Cora,LogReg,none,{},789,0.81,0.00144,0.0254,0.7415,0.7203,0.9453,,,,,,0.7695,0.6977,0.053,0.2025,0.4043,0.6742,0.6219,0.0094,0.0375,0.375,0.7528,0.6859,0.0461,0.1742,0.3867,,,,,,,0.0339,,,,,0.0,none,N/A,8396adc3158dadd0c52e2f806aa117896e64b9a2b24a9fbf9b020f3370189530,,,,,,
Cora,LogReg,none,{},1024,0.81,0.00144,0.0247,0.7216,0.6946,0.94,,,,,,0.7643,0.7014,0.0378,0.1498,0.4189,0.6721,0.6078,0.0046,0.0465,0.3998,0.7635,0.6965,0.0503,0.1752,0.3976,,,,,,,0.0223,,,,,0.0,none,N/A,7785fb08fffdcb1486c20ebdf35b208e61dbcbfb0df6e87cd94e77b46301569b,,,,,,
Cora,LogReg,none,{},2024,0.81,0.00144,0.0248,0.7504,0.724,0.9456,,,,,,0.7338,0.6712,0.0543,0.1252,0.3764,0.6634,0.5986,0.0113,0.0567,0.3515,0.7231,0.6765,0.0393,0.1028,0.3621,,,,,,,0.0235,,,,,0.0,none,N/A,eded9b270e340626fc27035caed13965e71346d06b91303e448d82208cc37555,,,,,,
Cora,LogReg,none,{},3141,0.81,0.00144,0.0221,0.7452,0.718,0.9477,,,,,,0.7253,0.6736,0.0189,0.1336,0.3628,0.6732,0.6125,0.007,0.0456,0.3712,0.7391,0.6814,0.0201,0.1183,0.3813,,,,,,,0.0309,,,,,0.0,none,N/A,9ec8bc79f0462623a09f6761e2594b2da973d34543f3666bcaa5ac50561dbc35,,,,,,
Cora,LogReg,none,{},5000,0.81,0.00144,0.0238,0.7341,0.7053,0.9415,,,,,,0.7485,0.6916,0.0437,0.1828,0.3952,0.6759,0.6199,0.0101,0.053,0.3731,0.7363,0.6881,0.0405,0.1456,0.3808,,,,,,,0.024,,,,,0.0,none,N/A,6c70eea11c71c0cc780a4631a3940c04f62261f575ee1cba1a08c547d84e8817,,,,,,
Cora,LogReg,none,{},7777,0.81,0.00144,0.0242,0.7393,0.7137,0.9454,,,,,,0.7406,0.7046,0.0221,0.1132,0.4009,0.6883,0.6315,0.0234,0.0573,0.3926,0.7504,0.6903,0.0151,0.1319,0.3994,,,,,,,0.0317,,,,,0.0,none,N/A,e24d425cfa0becc6521077835141181299c713cced9fb885fbb5052cab2bb690,,,,,,
Cora,LogReg,none,{},9999,0.81,0.00144,0.0237,0.7378,0.7161,0.9441,,,,,,0.727,0.6844,0.0144,0.1326,0.387,0.6844,0.6211,0.0123,0.0671,0.3889,0.7438,0.6952,0.0247,0.1304,0.3927,,,,,,,0.0337,,,,,0.0,none,N/A,c8fdc89260bdb5adc2ed86eccfa618b5ea1379d8f51decdabe16db5276aa1dac,,,,,,
Cora,MLP,none,{},42,0.81,0.00144,0.3203,0.7127,0.6905,0.9285,,,,,,0.7697,0.7418,0.0219,0.0767,0.5323,0.7648,0.6952,0.0,0.0754,0.5389,0.7635,0.7551,0.0171,0.0785,0.5365,,,,,,,0.1737,,,,,0.0,none,N/A,9e094b0896ea74cb8cd14fe91667256b4adfa44d768c8f6064db7edcc4884e90,,,,,,
Cora,MLP,none,{},123,0.81,0.00144,0.3218,0.7459,0.7233,0.9331,,,,,,0.7495,0.7352,0.0108,0.0665,0.5124,0.755,0.6857,0.0,0.0738,0.5228,0.7538,0.7451,0.0114,0.0738,0.5213,,,,,,,0.1474,,,,,0.0,none,N/A,d0193e37df3fb9a4f8942004b1c3ad6efe8056169f89fac0bbb64744cd2d153c,,,,,,
Cora,MLP,none,{},456,0.81,0.00144,0.3223,0.7422,0.7235,0.9341,,,,,,0.7828,0.7569,0.0106,0.0851,0.5692,0.7832,0.7239,0.0,0.0848,0.5694,0.782,0.7663,0.0128,0.0848,0.5649,,,,,,,0.1453,,,,,0.0,none,N/A,63d2b5692ab688d65ad328a4c4131c1045a2e5643b60cc7b4a3d0f613404d7db,,,,,,
Cora,MLP,none,{},789,0.81,0.00144,0.36,0.7267,0.7022,0.93,,,,,,0.7831,0.7555,0.0202,0.0779,0.5741,0.765,0.7016,0.0,0.0664,0.5344,0.7639,0.7523,0.0109,0.0672,0.5305,,,,,,,0.1634,,,,,0.0,none,N/A,a96e797186f697cebde10ab44e541f06eb4e52aafd8c1e493e5daad6657f0de4,,,,,,
Cora,MLP,none,{},1024,0.81,0.00144,0.3336,0.7282,0.6985,0.9231,,,,,,0.7788,0.7654,0.0091,0.059,0.5684,0.7689,0.7022,0.0053,0.064,0.5514,0.7678,0.7635,0.0069,0.0655,0.5468,,,,,,,0.1572,,,,,0.0,none,N/A,f233e98f56a1a4382d21bf8a043dedbb15f9b3408130a0826b719d8d7beba6c6,,,,,,
Cora,MLP,none,{},2024,0.81,0.00144,0.3176,0.7194,0.6885,0.9227,,,,,,0.757,0.7339,0.0241,0.0724,0.5217,0.7632,0.6969,0.0,0.0748,0.5291,0.7619,0.7475,0.0166,0.0771,0.5276,,,,,,,0.1818,,,,,0.0,none,N/A,6e33b79712c55a4b7f2a37f33d47b0a621a868a417d847ecc7a9ffa988bac1d4,,,,,,
Cora,MLP,none,{},3141,0.81,0.00144,0.354,0.7349,0.7095,0.9313,,,,,,0.7457,0.7193,0.0094,0.0535,0.5001,0.7562,0.6829,0.0,0.0889,0.5097,0.7549,0.7456,0.0108,0.0866,0.5058,,,,,,,0.1628,,,,,0.0,none,N/A,8ba332270db2e63e2caae87a43c94c90fb9c8ef631377cbc1651b59ea62eb88e,,,,,,
Cora,MLP,none,{},5000,0.81,0.00144,0.3399,0.7208,0.6951,0.9258,,,,,,0.7918,0.757,0.0141,0.1031,0.5835,0.7823,0.7212,0.0,0.0779,0.5654,0.7808,0.7625,0.0125,0.0787,0.5615,,,,,,,0.1708,,,,,0.0,none,N/A,08c832cc2bcd3352c22ddac05254d2f5c0f568ecc0a34157e1b9352e6192fe87,,,,,,
Cora,MLP,none,{},7777,0.81,0.00144,0.3957,0.7223,0.6977,0.9325,,,,,,0.7672,0.7521,0.0191,0.0721,0.537,0.7731,0.7069,0.0,0.0806,0.5479,0.7722,0.7607,0.0211,0.0806,0.5441,,,,,,,0.163,,,,,0.0,none,N/A,7ff04c9bd252cd3d46637ff4587a9a67c6a33339e921eefeec83b1d453622365,,,,,,
Cora,MLP,none,{},9999,0.81,0.00144,0.3485,0.7201,0.6969,0.929,,,,,,0.7664,0.7546,0.0112,0.0751,0.5554,0.7739,0.7076,0.0,0.0826,0.5625,0.773,0.7658,0.017,0.0833,0.5594,,,,,,,0.1662,,,,,0.0,none,N/A,5abb0434bcc4763edbb20da0149ac356959a51e06cc495da025737cafdc1a309,,,,,,
Cora,GCN,none,{},42,0.81,0.00144,0.0,0.8685,0.8598,0.982,0.029,0.1086,0.0196,0.0553,0.0093,0.5701,0.5451,0.0282,0.0626,0.1242,0.5518,0.5295,0.0078,0.0591,0.1205,0.5668,0.5587,0.021,0.0599,0.1213,,,,,,,0.0485,,,,,0.0,none,bfab41eeac5b7c5f12d9c178b617532a734144cfb39e1d14d8ed0e14d3c492aa,8f793798f148cdd5041348fabb9b283f52f338f94cbef93acb2d7cf198eb08a6,1.9676,0.0,1.9676,0.1072,0.0,0.1072
Cora,GCN,none,{},123,0.81,0.00144,0.0,0.87,0.8635,0.9805,0.028,0.1029,0.0215,0.0572,0.0065,0.5805,0.5571,0.0139,0.051,0.1456,0.5586,0.5304,0.0038,0.0647,0.137,0.5705,0.5658,0.0084,0.0715,0.1393,,,,,,,0.0379,,,,,0.0,none,2cbfdb2bd5c6a22c46002299da2b5d83ff92c6726b34ea06d57623d2da0a169a,be9a45d1a1e604573855e59b65ba164ca79a4f66234e4821eb875d4a26413460,1.9641,0.0,1.9641,0.1148,0.0,0.1148
Cora,GCN,none,{},456,0.81,0.00144,0.0,0.8752,0.865,0.9847,0.033,0.1094,0.0175,0.0437,0.0155,0.5689,0.5626,0.0137,0.0456,0.1477,0.5536,0.5338,0.0053,0.0413,0.123,0.5546,0.5589,0.006,0.0675,0.1238,,,,,,,0.0257,,,,,0.0,none,856ea1a0d46239df5244c4c095806df5b1fa7383df2c206afb41b97d77261960,a4f0ca6cd55d4e7309776100fec76804df7aa6461760af4df5da2c1fcd9bca6d,1.9655,0.0,1.9655,0.1237,0.0,0.1237
Cora,GCN,none,{},789,0.81,0.00144,0.0,0.8752,0.861,0.9875,0.027,0.094,0.0199,0.0521,0.0071,0.5425,0.55,0.0187,0.0561,0.1192,0.5568,0.5359,0.0039,0.0547,0.1148,0.5488,0.5523,0.0102,0.0719,0.1148,,,,,,,0.0218,,,,,0.0,none,93e21c61fc47e8d7ad14e5f2a48de6cf6d6335ccccd5911d842f4f19a1a8e420,2e79f37c847fbcaedf08e7f91263cffcfccf87c2a904e7e85427fa6c2b98a828,1.9577,0.0,1.9577,0.1255,0.0,0.1255
Cora,GCN,none,{},1024,0.81,0.00144,0.0,0.8671,0.8583,0.9839,0.0324,0.1223,0.0191,0.049,0.0133,0.5902,0.5727,0.0106,0.0545,0.1496,0.5443,0.5164,0.0076,0.0411,0.131,0.5761,0.5598,0.0198,0.0724,0.131,,,,,,,0.0388,,,,,0.0,none,8db3c38ddfead974e379d0aeb9bb3acd89db37935778b401e1f772cf2d2ad7eb,da2eb64a6172f0797f6cdcb815687a2aa54546de930882daaa186ac268bc5f92,1.9539,0.0,1.9539,0.1127,0.0,0.1127
Cora,GCN,none,{},2024,0.81,0.00144,0.0,0.89,0.8798,0.9846,0.0288,0.1035,0.0204,0.0547,0.0084,0.5742,0.5737,0.0181,0.0377,0.1459,0.559,0.5389,0.0038,0.0612,0.1194,0.5593,0.554,0.0144,0.0574,0.1149,,,,,,,0.0231,,,,,0.0,none,6dc28a3722f6645d52159d6baa7b09d39b4925041ad3e437c624519b053a9749,a7e6a787bf5ecb1067f3e015148174e90b2d12f085c880d1b4f363b37a8d822e,1.9442,0.0,1.9442,0.1136,0.0,0.1136
Cora,GCN,none,{},3141,0.81,0.00144,0.0,0.8774,0.8641,0.9818,0.0301,0.115,0.0191,0.0535,0.011,0.561,0.5545,0.0063,0.0582,0.1238,0.56,0.5321,0.0124,0.0619,0.1338,0.5717,0.5576,0.0101,0.0487,0.1245,,,,,,,0.0385,,,,,0.0,none,cae17272edfa155126933e80ad5f23385a471cefbcdd225186540985a1879e29,5d80661db120cfc380815851cae06f9b9b9ee55027126af6ed08a71099587ae0,1.9459,0.0,1.9459,0.1034,0.0,0.1034
Cora,GCN,none,{},5000,0.81,0.00144,0.0,0.873,0.8653,0.9816,0.0313,0.1069,0.0195,0.0527,0.0118,0.5396,0.5514,0.0063,0.0312,0.1194,0.5526,0.5296,0.0156,0.06,0.1137,0.5563,0.5526,0.0117,0.0662,0.1121,,,,,,,0.0354,,,,,0.0,none,c383e75ac9babfad212aee463ff66386a791e1fc00f105d5138b54aac2c7dc2f,1ca43bc2a508af898de0678d07216d11fdedf0a08f7a006b5330d3732764ee0f,1.9296,0.0,1.9296,0.1232,0.0,0.1232
Cora,GCN,none,{},7777,0.81,0.00144,0.0,0.8671,0.8555,0.9829,0.0274,0.0948,0.0194,0.0553,0.008,0.5721,0.5592,0.0074,0.0544,0.1239,0.5644,0.5335,0.0075,0.061,0.1236,0.5653,0.5584,0.009,0.0588,0.1258,,,,,,,0.0329,,,,,0.0,none,f5ce809395e3a129fe96c16a9c5e3d32afe3b19c7ada91981eaa93b216330e4a,b15f4e95499798264be5776dc9bcb8226d3fb961a5b2218dce2e418362fd6d84,1.9319,0.0,1.9319,0.1092,0.0,0.1092
Cora,GCN,none,{},9999,0.81,0.00144,0.0,0.884,0.8783,0.9839,0.0321,0.1106,0.02,0.0548,0.0121,0.5634,0.5532,0.0128,0.0495,0.146,0.5621,0.5316,0.0131,0.064,0.1373,0.5854,0.5598,0.0177,0.0849,0.1397,,,,,,,0.0275,,,,,0.0,none,32eec7b2344756c649f8b63eaa53d9bd65ac4204770932b485ec3ab2d93e97b8,bd57b3cd193693c3b396a7b5531901af1e632e422a4156c1c9736c3f54a446db,1.942,0.0,1.942,0.1108,0.0,0.1108
Cora,GCN,dropedge,"{""rate"": 0.3}",42,0.81,0.00144,0.0,0.8693,0.863,0.983,0.0265,0.0786,0.0187,0.0487,0.0078,0.555,0.5435,0.0141,0.0642,0.1091,0.5565,0.5264,0.0101,0.0599,0.1089,0.5621,0.5513,0.014,0.0607,0.1081,,,,,,,0.0366,,,,,0.0,none,62894b69758093091706754377da818132328d55844fb4dd744b3ad917e8c835,37c47cdef6ed818d23935e78ca2c298fcd2037f9eaaf7ee69a6183374cc85252,1.9689,0.0,1.9689,0.17,0.0,0.17
Cora,GCN,dropedge,"{""rate"": 0.3}",123,0.81,0.00144,0.0,0.8737,0.8643,0.9806,0.025,0.075,0.0204,0.0515,0.0046,0.5802,0.5548,0.0155,0.0665,0.1391,0.5639,0.5358,0.0053,0.0647,0.1233,0.5652,0.5548,0.0167,0.054,0.121,,,,,,,0.0273,,,,,0.0,none,4f981b5f8a91d81aff833113349e78d685daf8a6aab7ed1bc7dc04e7ca7deb72,75a1c23d63f66083213a143b22223115dc1b54f5462b801d61aba6c27ff27bbf,1.9626,0.0,1.9626,0.1579,0.0,0.1579
Cora,GCN,dropedge,"{""rate"": 0.3}",456,0.81,0.00144,0.0,0.8818,0.8711,0.9856,0.0293,0.0786,0.0168,0.0394,0.0125,0.5487,0.5611,0.0076,0.0426,0.1345,0.5584,0.5409,0.0038,0.0443,0.114,0.5584,0.5398,0.0038,0.0443,0.1125,,,,,,,0.0151,,,,,0.0,none,e27c0ac2af33fbe5570f815dc8fa213c45fd895ca980e1a31ca12d63e9365322,ba7e952dfcfdc32d30de09afcbb76c53e53434610edc214e5368a60c964af2c9,1.9743,0.0,1.9743,0.1779,0.0,0.1779
Cora,GCN,dropedge,"{""rate"": 0.3}",789,0.81,0.00144,0.0,0.8796,0.868,0.9877,0.0244,0.0691,0.0188,0.0441,0.0056,0.56,0.5367,0.0078,0.0545,0.0943,0.5633,0.5461,0.0039,0.0602,0.1,0.5623,0.5449,0.0039,0.0602,0.1023,,,,,,,0.0165,,,,,0.0,none,560009b5797781c56895f2856a820305be8a71bf54dfa5a450d9d09adf260ac9,9152d636a228cb2b875913e6534df016170d897925c1479531a541c9da9e7efe,1.9568,0.0,1.9568,0.1911,0.0,0.1911
Cora,GCN,dropedge,"{""rate"": 0.3}",1024,0.81,0.00144,0.0,0.8663,0.8559,0.9849,0.0282,0.0858,0.0186,0.0475,0.0096,0.575,0.5674,0.0106,0.059,0.1398,0.5491,0.5209,0.0069,0.0465,0.1234,0.5502,0.5487,0.0198,0.0533,0.1219,,,,,,,0.0208,,,,,0.0,none,b69839b54e33068e0d45f287733b5d8db593a652930d3b20828d5358b674abe2,7549fc55b47e92125f5bc3a1d18e65fbdf58bea474bcca6df55e9c61630f5fc1,1.9574,0.0,1.9574,0.165,0.0,0.165
Cora,GCN,dropedge,"{""rate"": 0.3}",2024,0.81,0.00144,0.0,0.8877,0.876,0.9842,0.0267,0.0782,0.0192,0.0475,0.0075,0.5817,0.5563,0.0075,0.0588,0.1453,0.5676,0.548,0.0015,0.0499,0.1217,0.5675,0.551,0.0015,0.0514,0.1209,,,,,,,0.0194,,,,,0.0,none,79203d97658c83b2ed0bf16ff51f9de843dfe02e6f9cce4c09fa192d2a6e7a56,fdf8f4d5e1039d5802279294a7c164cdb36109db7958d4242f7634a40b4c46f4,1.9481,0.0,1.9481,0.1825,0.0,0.1825
Cora,GCN,dropedge,"{""rate"": 0.3}",3141,0.81,0.00144,0.0,0.8715,0.8605,0.9821,0.026,0.0808,0.0181,0.0474,0.0079,0.5712,0.5553,0.0126,0.0723,0.1307,0.5684,0.5476,0.0147,0.0665,0.1261,0.5747,0.5626,0.0162,0.0704,0.1408,,,,,,,0.0282,,,,,0.0,none,8a2b779bcb04d9e782cea9d7d9d05b0d8fe896fa6b35be1660f43c53020a01a3,d6f865b0c124a101c4de0d194a0eff500798436bfe8319e4c86c4b42d6ebc1c1,1.9464,0.0,1.9464,0.1565,0.0,0.1565
Cora,GCN,dropedge,"{""rate"": 0.3}",5000,0.81,0.00144,0.0,0.8774,0.8721,0.9831,0.0257,0.0657,0.0182,0.0464,0.0076,0.5695,0.5514,0.0047,0.0641,0.1127,0.5555,0.5312,0.0132,0.06,0.1028,0.5533,0.5483,0.0132,0.06,0.1028,,,,,,,0.0206,,,,,0.0,none,42d12a9df5a5b6d6126775c9ebe3389ff73fc6597664ba272a491478ffd5b475,a43ffcb00a6dae6997d80daad5b587bb4d3a650644636e49540edc13ab7cc164,1.9272,0.0,1.9272,0.1824,0.0,0.1824
Cora,GCN,dropedge,"{""rate"": 0.3}",7777,0.81,0.00144,0.0,0.8656,0.8564,0.9831,0.0251,0.0671,0.0179,0.0472,0.0071,0.577,0.5667,0.0074,0.0515,0.1282,0.5719,0.5463,0.0075,0.0573,0.1206,0.5719,0.5528,0.0075,0.0573,0.1198,,,,,,,0.0255,,,,,0.0,none,85af3f2a03114e0d2e4ed7c1e2249f0e5d9264b4249d8c2aedbcdcc555b6463f,37ab108baaf8b0e4d16c7f79947b55352327340176448a4af2abaa5cea8cb353,1.9316,0.0,1.9316,0.173,0.0,0.173
Cora,GCN,dropedge,"{""rate"": 0.3}",9999,0.81,0.00144,0.0,0.8781,0.8713,0.9842,0.0275,0.0773,0.019,0.0505,0.0084,0.5691,0.5471,0.0096,0.0447,0.131,0.5682,0.5394,0.0123,0.0532,0.1204,0.5687,0.559,0.0162,0.0532,0.1265,,,,,,,0.0192,,,,,0.0,none,573ea4af2ebb6d812a1a5d4175dfd1181909f6db33a24c35ee635db35cbd5d10,9c2077689f2d535db6e361cff10fa480b83a51fb8017e65bcfa1060701ea0baf,1.9491,0.0,1.9491,0.1638,0.0,0.1638
Cora,GCN,label_smoothing,"{""alpha"": 0.1}",42,0.81,0.00144,0.0,0.8722,0.864,0.9804,0.0334,0.0724,0.0229,0.0489,0.0105,0.5513,0.5583,0.0,0.0407,0.1248,0.5585,0.5404,0.0062,0.0397,0.1283,0.5591,0.5603,0.0124,0.0467,0.1275,,,,,,,0.0802,,,,,0.0,none,60959d2cb27568cbf03e46721df6a8fb55fb0d9a74e2fdda651b441fa5bb4f83,354ccee5042ff6e54cc4e1c034ecd9cfd006a73bf8da9b86cdaee081dde38c03,1.9657,0.0,1.9657,0.5795,0.0,0.5795
Cora,GCN,label_smoothing,"{""alpha"": 0.1}",123,0.81,0.00144,0.0,0.8759,0.8699,0.9787,0.0308,0.0656,0.0239,0.0486,0.0068,0.6156,0.5715,0.017,0.0881,0.1828,0.5729,0.5472,0.0038,0.0411,0.1522,0.5721,0.5723,0.0053,0.0411,0.1484,,,,,,,0.0945,,,,,0.0,none,8e7519a4f95fefe08b1af8b6dc2a302342c9cdc770e5a38d564e6ba05bd9e5fb,2f19120985ce83f110beba6f7efb322bdd50e91c90adc1cea2b1fcafba42f045,1.9627,0.0,1.9627,0.5825,0.0,0.5825
Cora,GCN,label_smoothing,"{""alpha"": 0.1}",456,0.81,0.00144,0.0,0.8708,0.8613,0.9819,0.0358,0.0782,0.0213,0.0434,0.0145,0.6113,0.5664,0.0091,0.0699,0.1742,0.5663,0.5611,0.0038,0.0285,0.144,0.612,0.563,0.024,0.0915,0.1575,,,,,,,0.0905,,,,,0.0,none,591977c504e767e43c59ab36bc9d5ff0aafb45a7ea976c1f580b215a238601d7,04ba52802c2aa5c5d07bfa1a6300160afa4557480ae6c7adbf9194086f3e2618,1.9639,0.0,1.9639,0.5883,0.0,0.5883
Cora,GCN,label_smoothing,"{""alpha"": 0.1}",789,0.81,0.00144,0.0,0.8789,0.8668,0.9864,0.0316,0.0706,0.023,0.0463,0.0086,0.5645,0.5602,0.0016,0.0421,0.1253,0.5675,0.5508,0.0039,0.0383,0.1352,0.5688,0.559,0.0086,0.0406,0.1383,,,,,,,0.0964,,,,,0.0,none,8cd3cc48177c81ac8770566fd8f58b88c8de1b2596d44545f9cb6d4188cf68dd,05d0d8309a1ecb2f880f9caa51256ade7c90c00c22cb952f981c34ca3194abcf,1.9567,0.0,1.9567,0.5946,0.0,0.5946
Cora,GCN,label_smoothing,"{""alpha"": 0.1}",1024,0.81,0.00144,0.0,0.8641,0.8557,0.9821,0.0339,0.0744,0.0231,0.0481,0.0108,0.6017,0.5933,0.0106,0.0711,0.2049,0.5566,0.5385,0.003,0.0236,0.1432,0.6037,0.567,0.0137,0.0746,0.1645,,,,,,,0.0801,,,,,0.0,none,0742c9eef38be3a32070e18a7cd2b71bc77a753df69784488c44d86368e9c52b,29fd1fbabde8b1a0c50fa0545b40f1d154a4d397d7e6d1b3cf1448ae45c9462c,1.9533,0.0,1.9533,0.5828,0.0,0.5828
Cora,GCN,label_smoothing,"{""alpha"": 0.1}",2024,0.81,0.00144,0.0,0.887,0.8734,0.9818,0.0328,0.0718,0.0235,0.0499,0.0093,0.6248,0.5729,0.0136,0.0769,0.1923,0.5703,0.5563,0.0038,0.034,0.1398,0.5798,0.5612,0.0091,0.0416,0.1481,,,,,,,0.1016,,,,,0.0,none,2bd7e0e91d20bfcc425530d98acc28d4e1e77597a927328ccc078b7a61175d1e,1da83dc34c8bde440b0caca6a588aeef862ad75c19384fdabd3b88be3429b263,1.9446,0.0,1.9446,0.5816,0.0,0.5816
Cora,GCN,label_smoothing,"{""alpha"": 0.1}",3141,0.81,0.00144,0.0,0.8752,0.8633,0.9775,0.0334,0.0769,0.0233,0.0485,0.0102,0.5975,0.5545,0.0252,0.0975,0.1495,0.5775,0.5592,0.0031,0.0363,0.1555,0.5835,0.5708,0.0124,0.0657,0.1647,,,,,,,0.0813,,,,,0.0,none,c6e8f8b9d94a03e2bca038502421af7c864f66057076d92bd9f2e80876e97a33,0acfb6ecc8c6f8f3bc53b8fed7d1d53afaa95cc44408b8c9842f21794e4290f4,1.9464,0.0,1.9464,0.5724,0.0,0.5724
Cora,GCN,label_smoothing,"{""alpha"": 0.1}",5000,0.81,0.00144,0.0,0.8774,0.871,0.9797,0.0342,0.0716,0.0222,0.0473,0.012,0.6093,0.56,0.0359,0.0797,0.1677,0.5654,0.5514,0.0078,0.0413,0.1402,0.5656,0.5689,0.0078,0.0405,0.1394,,,,,,,0.0982,,,,,0.0,none,b080b4f2a235f30c8fdf9c5d8128f460f72ee753556f34e2c31ab75d411ffe33,159196d90407aec6522cd2b70622255c3ffb4849d70d534d6450c52053105254,1.9315,0.0,1.9315,0.5891,0.0,0.5891
Cora,GCN,label_smoothing,"{""alpha"": 0.1}",7777,0.81,0.00144,0.0,0.8641,0.8544,0.9822,0.0338,0.0679,0.0214,0.0474,0.0124,0.5767,0.5727,0.0103,0.0559,0.1597,0.5728,0.5546,0.0075,0.0392,0.15,0.5692,0.5705,0.0038,0.0362,0.1575,,,,,,,0.0857,,,,,0.0,none,35eb8b958dacad330f9a2ca94f25d11fda5c0cb229fcc7356e2a1200aaf3a905,0968ba63cb3ee0d0c301e4b119153f7d22587837b30a6223e923130af0187bad,1.9336,0.0,1.9336,0.5795,0.0,0.5795
Cora,GCN,label_smoothing,"{""alpha"": 0.1}",9999,0.81,0.00144,0.0,0.8759,0.8695,0.9807,0.0334,0.0714,0.0228,0.0475,0.0106,0.6171,0.5656,0.0096,0.0767,0.1788,0.5695,0.5486,0.0093,0.0332,0.1543,0.5693,0.5691,0.0093,0.0316,0.1528,,,,,,,0.0946,,,,,0.0,none,db9b690e82f0a34ebd8adbadbb24558430e64a65051ad8bbe4897c10eb941e5b,ca5387f3f330e10186d25815e24b3ab652c400015f4cac87cf3ba8535734611f,1.9427,0.0,1.9427,0.5791,0.0,0.5791
Cora,GCN,early_stopping,"{""patience"": 15}",42,0.81,0.00144,0.0,0.8685,0.8598,0.982,0.029,0.1086,0.0196,0.0553,0.0093,0.5701,0.5451,0.0282,0.0626,0.1242,0.5518,0.5295,0.0078,0.0591,0.1205,0.5668,0.5587,0.021,0.0599,0.1213,,,,,,,0.0485,,,,,0.0,none,bfab41eeac5b7c5f12d9c178b617532a734144cfb39e1d14d8ed0e14d3c492aa,8f793798f148cdd5041348fabb9b283f52f338f94cbef93acb2d7cf198eb08a6,1.9676,0.0,1.9676,0.1072,0.0,0.1072
Cora,GCN,early_stopping,"{""patience"": 15}",123,0.81,0.00144,0.0,0.87,0.8635,0.9805,0.028,0.1029,0.0215,0.0572,0.0065,0.5805,0.5571,0.0139,0.051,0.1456,0.5586,0.5304,0.0038,0.0647,0.137,0.5705,0.5658,0.0084,0.0715,0.1393,,,,,,,0.0379,,,,,0.0,none,2cbfdb2bd5c6a22c46002299da2b5d83ff92c6726b34ea06d57623d2da0a169a,be9a45d1a1e604573855e59b65ba164ca79a4f66234e4821eb875d4a26413460,1.9641,0.0,1.9641,0.1148,0.0,0.1148
Cora,GCN,early_stopping,"{""patience"": 15}",456,0.81,0.00144,0.0,0.8752,0.865,0.9847,0.033,0.1094,0.0175,0.0437,0.0155,0.5689,0.5626,0.0137,0.0456,0.1477,0.5536,0.5338,0.0053,0.0413,0.123,0.5546,0.5589,0.006,0.0675,0.1238,,,,,,,0.0257,,,,,0.0,none,856ea1a0d46239df5244c4c095806df5b1fa7383df2c206afb41b97d77261960,a4f0ca6cd55d4e7309776100fec76804df7aa6461760af4df5da2c1fcd9bca6d,1.9655,0.0,1.9655,0.1237,0.0,0.1237
Cora,GCN,early_stopping,"{""patience"": 15}",789,0.81,0.00144,0.0,0.8752,0.861,0.9875,0.027,0.094,0.0199,0.0521,0.0071,0.5425,0.55,0.0187,0.0561,0.1192,0.5568,0.5359,0.0039,0.0547,0.1148,0.5488,0.5523,0.0102,0.0719,0.1148,,,,,,,0.0218,,,,,0.0,none,93e21c61fc47e8d7ad14e5f2a48de6cf6d6335ccccd5911d842f4f19a1a8e420,2e79f37c847fbcaedf08e7f91263cffcfccf87c2a904e7e85427fa6c2b98a828,1.9577,0.0,1.9577,0.1255,0.0,0.1255
Cora,GCN,early_stopping,"{""patience"": 15}",1024,0.81,0.00144,0.0,0.8671,0.8583,0.9839,0.0324,0.1223,0.0191,0.049,0.0133,0.5902,0.5727,0.0106,0.0545,0.1496,0.5443,0.5164,0.0076,0.0411,0.131,0.5761,0.5598,0.0198,0.0724,0.131,,,,,,,0.0388,,,,,0.0,none,8db3c38ddfead974e379d0aeb9bb3acd89db37935778b401e1f772cf2d2ad7eb,da2eb64a6172f0797f6cdcb815687a2aa54546de930882daaa186ac268bc5f92,1.9539,0.0,1.9539,0.1127,0.0,0.1127
Cora,GCN,early_stopping,"{""patience"": 15}",2024,0.81,0.00144,0.0,0.89,0.8798,0.9846,0.0288,0.1035,0.0204,0.0547,0.0084,0.5742,0.5737,0.0181,0.0377,0.1459,0.559,0.5389,0.0038,0.0612,0.1194,0.5593,0.554,0.0144,0.0574,0.1149,,,,,,,0.0231,,,,,0.0,none,6dc28a3722f6645d52159d6baa7b09d39b4925041ad3e437c624519b053a9749,a7e6a787bf5ecb1067f3e015148174e90b2d12f085c880d1b4f363b37a8d822e,1.9442,0.0,1.9442,0.1136,0.0,0.1136
Cora,GCN,early_stopping,"{""patience"": 15}",3141,0.81,0.00144,0.0,0.8774,0.8641,0.9818,0.0301,0.115,0.0191,0.0535,0.011,0.561,0.5545,0.0063,0.0582,0.1238,0.56,0.5321,0.0124,0.0619,0.1338,0.5717,0.5576,0.0101,0.0487,0.1245,,,,,,,0.0385,,,,,0.0,none,cae17272edfa155126933e80ad5f23385a471cefbcdd225186540985a1879e29,5d80661db120cfc380815851cae06f9b9b9ee55027126af6ed08a71099587ae0,1.9459,0.0,1.9459,0.1034,0.0,0.1034
Cora,GCN,early_stopping,"{""patience"": 15}",5000,0.81,0.00144,0.0,0.873,0.8653,0.9816,0.0313,0.1069,0.0195,0.0527,0.0118,0.5396,0.5514,0.0063,0.0312,0.1194,0.5526,0.5296,0.0156,0.06,0.1137,0.5563,0.5526,0.0117,0.0662,0.1121,,,,,,,0.0354,,,,,0.0,none,c383e75ac9babfad212aee463ff66386a791e1fc00f105d5138b54aac2c7dc2f,1ca43bc2a508af898de0678d07216d11fdedf0a08f7a006b5330d3732764ee0f,1.9296,0.0,1.9296,0.1232,0.0,0.1232
Cora,GCN,early_stopping,"{""patience"": 15}",7777,0.81,0.00144,0.0,0.8671,0.8555,0.9829,0.0274,0.0948,0.0194,0.0553,0.008,0.5721,0.5592,0.0074,0.0544,0.1239,0.5644,0.5335,0.0075,0.061,0.1236,0.5653,0.5584,0.009,0.0588,0.1258,,,,,,,0.0329,,,,,0.0,none,f5ce809395e3a129fe96c16a9c5e3d32afe3b19c7ada91981eaa93b216330e4a,b15f4e95499798264be5776dc9bcb8226d3fb961a5b2218dce2e418362fd6d84,1.9319,0.0,1.9319,0.1092,0.0,0.1092
Cora,GCN,early_stopping,"{""patience"": 15}",9999,0.81,0.00144,0.0,0.884,0.8783,0.9839,0.0321,0.1106,0.02,0.0548,0.0121,0.5634,0.5532,0.0128,0.0495,0.146,0.5621,0.5316,0.0131,0.064,0.1373,0.5854,0.5598,0.0177,0.0849,0.1397,,,,,,,0.0275,,,,,0.0,none,32eec7b2344756c649f8b63eaa53d9bd65ac4204770932b485ec3ab2d93e97b8,bd57b3cd193693c3b396a7b5531901af1e632e422a4156c1c9736c3f54a446db,1.942,0.0,1.942,0.1108,0.0,0.1108
Cora,GCN,confidence_masking,"{""top_k"": 2}",42,0.81,0.00144,0.0,0.8685,0.8598,0.9686,0.029,0.1086,0.0196,0.0553,0.0093,0.5661,0.5482,0.0141,0.0829,0.1185,0.5518,0.5264,0.0086,0.0575,0.119,0.5633,0.5568,0.0093,0.0645,0.119,,,,,,,0.0657,,,,,0.0,none,bfab41eeac5b7c5f12d9c178b617532a734144cfb39e1d14d8ed0e14d3c492aa,8f793798f148cdd5041348fabb9b283f52f338f94cbef93acb2d7cf198eb08a6,1.9676,0.0,1.9676,0.1072,0.0,0.1072
Cora,GCN,confidence_masking,"{""top_k"": 2}",123,0.81,0.00144,0.0,0.87,0.8635,0.9653,0.028,0.1029,0.0215,0.0572,0.0065,0.5854,0.5601,0.0015,0.0479,0.1435,0.5556,0.5259,0.0023,0.0586,0.1317,0.5779,0.5651,0.0205,0.0624,0.1339,,,,,,,0.0556,,,,,0.0,none,2cbfdb2bd5c6a22c46002299da2b5d83ff92c6726b34ea06d57623d2da0a169a,be9a45d1a1e604573855e59b65ba164ca79a4f66234e4821eb875d4a26413460,1.9641,0.0,1.9641,0.1148,0.0,0.1148
Cora,GCN,confidence_masking,"{""top_k"": 2}",456,0.81,0.00144,0.0,0.8752,0.865,0.9681,0.033,0.1094,0.0175,0.0437,0.0155,0.5685,0.5626,0.0061,0.0426,0.1459,0.5524,0.5371,0.0068,0.0435,0.1193,0.5589,0.5548,0.0075,0.0473,0.123,,,,,,,0.0526,,,,,0.0,none,856ea1a0d46239df5244c4c095806df5b1fa7383df2c206afb41b97d77261960,a4f0ca6cd55d4e7309776100fec76804df7aa6461760af4df5da2c1fcd9bca6d,1.9655,0.0,1.9655,0.1237,0.0,0.1237
Cora,GCN,confidence_masking,"{""top_k"": 2}",789,0.81,0.00144,0.0,0.8752,0.861,0.9677,0.027,0.094,0.0199,0.0521,0.0071,0.5419,0.5563,0.0078,0.0607,0.113,0.5571,0.5367,0.0039,0.0523,0.1125,0.5514,0.5496,0.0094,0.0633,0.1125,,,,,,,0.0492,,,,,0.0,none,93e21c61fc47e8d7ad14e5f2a48de6cf6d6335ccccd5911d842f4f19a1a8e420,2e79f37c847fbcaedf08e7f91263cffcfccf87c2a904e7e85427fa6c2b98a828,1.9577,0.0,1.9577,0.1255,0.0,0.1255
Cora,GCN,confidence_masking,"{""top_k"": 2}",1024,0.81,0.00144,0.0,0.8671,0.8583,0.9584,0.0324,0.1223,0.0191,0.049,0.0133,0.5852,0.5743,0.0227,0.0605,0.1481,0.5456,0.5232,0.0091,0.0442,0.128,0.5777,0.5586,0.0107,0.0625,0.128,,,,,,,0.0609,,,,,0.0,none,8db3c38ddfead974e379d0aeb9bb3acd89db37935778b401e1f772cf2d2ad7eb,da2eb64a6172f0797f6cdcb815687a2aa54546de930882daaa186ac268bc5f92,1.9539,0.0,1.9539,0.1127,0.0,0.1127
Cora,GCN,confidence_masking,"{""top_k"": 2}",2024,0.81,0.00144,0.0,0.89,0.8798,0.9674,0.0288,0.1035,0.0204,0.0547,0.0084,0.5665,0.5601,0.0075,0.0724,0.1383,0.5575,0.5359,0.0045,0.0567,0.1141,0.5546,0.5503,0.0121,0.0582,0.1134,,,,,,,0.0399,,,,,0.0,none,6dc28a3722f6645d52159d6baa7b09d39b4925041ad3e437c624519b053a9749,a7e6a787bf5ecb1067f3e015148174e90b2d12f085c880d1b4f363b37a8d822e,1.9442,0.0,1.9442,0.1136,0.0,0.1136
Cora,GCN,confidence_masking,"{""top_k"": 2}",3141,0.81,0.00144,0.0,0.8774,0.8641,0.9655,0.0301,0.115,0.0191,0.0535,0.011,0.5486,0.5468,0.0079,0.044,0.1285,0.5572,0.529,0.0116,0.0634,0.1245,0.5722,0.5592,0.0155,0.0704,0.123,,,,,,,0.0579,,,,,0.0,none,cae17272edfa155126933e80ad5f23385a471cefbcdd225186540985a1879e29,5d80661db120cfc380815851cae06f9b9b9ee55027126af6ed08a71099587ae0,1.9459,0.0,1.9459,0.1034,0.0,0.1034
Cora,GCN,confidence_masking,"{""top_k"": 2}",5000,0.81,0.00144,0.0,0.873,0.8653,0.964,0.0313,0.1069,0.0195,0.0527,0.0118,0.5357,0.5537,0.0078,0.0484,0.1178,0.5526,0.5327,0.0156,0.06,0.1145,0.5555,0.553,0.0117,0.0444,0.1145,,,,,,,0.0556,,,,,0.0,none,c383e75ac9babfad212aee463ff66386a791e1fc00f105d5138b54aac2c7dc2f,1ca43bc2a508af898de0678d07216d11fdedf0a08f7a006b5330d3732764ee0f,1.9296,0.0,1.9296,0.1232,0.0,0.1232
Cora,GCN,confidence_masking,"{""top_k"": 2}",7777,0.81,0.00144,0.0,0.8671,0.8555,0.97,0.0274,0.0948,0.0194,0.0553,0.008,0.5507,0.5659,0.0162,0.0588,0.1304,0.5639,0.5298,0.0068,0.0558,0.1236,0.5591,0.5599,0.0211,0.0663,0.1236,,,,,,,0.0604,,,,,0.0,none,f5ce809395e3a129fe96c16a9c5e3d32afe3b19c7ada91981eaa93b216330e4a,b15f4e95499798264be5776dc9bcb8226d3fb961a5b2218dce2e418362fd6d84,1.9319,0.0,1.9319,0.1092,0.0,0.1092
Cora,GCN,confidence_masking,"{""top_k"": 2}",9999,0.81,0.00144,0.0,0.884,0.8783,0.9678,0.0321,0.1106,0.02,0.0548,0.0121,0.5867,0.5502,0.016,0.0783,0.1535,0.5611,0.5282,0.0139,0.0594,0.1258,0.5655,0.5583,0.0069,0.0579,0.1211,,,,,,,0.0413,,,,,0.0,none,32eec7b2344756c649f8b63eaa53d9bd65ac4204770932b485ec3ab2d93e97b8,bd57b3cd193693c3b396a7b5531901af1e632e422a4156c1c9736c3f54a446db,1.942,0.0,1.942,0.1108,0.0,0.1108
Cora,GCN,edge_sparsification,"{""rate"": 0.2}",42,0.81,0.00144,0.0,0.8619,0.8483,0.979,0.0301,0.1046,0.0194,0.0515,0.0108,0.5728,0.5552,0.0125,0.0689,0.1315,0.5744,0.5389,0.0132,0.077,0.1337,0.5744,0.5564,0.0132,0.077,0.133,,,,,,,0.0476,,,,,0.0,none,08db4bc328a8f24d877d5fffdf8b3bc2d972b924046c75a140d97c15c6149ad7,7dfc78a240590a1682ab8dbe55aac7ac72df95d4dab99bf9bb2e4ee63331544d,1.9667,0.0,1.9667,0.1106,0.0,0.1106
Cora,GCN,edge_sparsification,"{""rate"": 0.2}",123,0.81,0.00144,0.0,0.8641,0.8597,0.9748,0.0277,0.0988,0.022,0.0612,0.0057,0.5615,0.5578,0.017,0.0526,0.1432,0.5697,0.5327,0.0061,0.0586,0.1461,0.5696,0.5738,0.0053,0.0586,0.156,,,,,,,0.0473,,,,,0.0,none,c8b3df61bdc56cbb50f64b6303b2463b5ba79947ae338f51193f5ac75add3810,08119d7ff7a0f64d07552566b82f748c78ede135fea5aaee431a30d29f42e751,1.964,0.0,1.964,0.1047,0.0,0.1047
Cora,GCN,edge_sparsification,"{""rate"": 0.2}",456,0.81,0.00144,0.0,0.8693,0.8592,0.9811,0.0333,0.1058,0.0181,0.0471,0.0152,0.5996,0.5761,0.0122,0.0623,0.1766,0.5752,0.5439,0.0075,0.0503,0.1545,0.5739,0.5739,0.0075,0.0495,0.1538,,,,,,,0.0289,,,,,0.0,none,703b74c1618028581272d889f3a3892f8d01f7520a071a16334f0f29ebbdc8ae,8b0c350859b2b288c15bf928c2802b4aa99208500c18026a0c449f3d5bd2a571,1.9675,0.0,1.9675,0.1053,0.0,0.1053
Cora,GCN,edge_sparsification,"{""rate"": 0.2}",789,0.81,0.00144,0.0,0.8678,0.8548,0.9835,0.0269,0.0889,0.0199,0.0541,0.007,0.574,0.557,0.0125,0.0576,0.1288,0.5777,0.5531,0.0023,0.0594,0.1305,0.5472,0.5578,0.0063,0.0391,0.1234,,,,,,,0.0361,,,,,0.0,none,fc5922e135a1d1339a528a16a566f7263e5a5389bc220b5e07c6851b0d921f30,1312902d34df3d8ef1d44c279b29d3323b3353562b8d5db9b002b60ecf338390,1.9543,0.0,1.9543,0.1094,0.0,0.1094
Cora,GCN,edge_sparsification,"{""rate"": 0.2}",1024,0.81,0.00144,0.0,0.856,0.849,0.9767,0.032,0.1156,0.0196,0.0535,0.0124,0.5807,0.5743,0.0045,0.056,0.1692,0.5659,0.5339,0.0107,0.048,0.1561,0.5657,0.5754,0.0107,0.0472,0.1584,,,,,,,0.0516,,,,,0.0,none,d4e8a577193e7620cb9424a8359475f43b6fa0a4e5bfc9587e73b46ed37a306e,fb22046a4a6c224cde17a246cbcf700ad905a206cf26a6a17e2902d592576ffc,1.9527,0.0,1.9527,0.0991,0.0,0.0991
Cora,GCN,edge_sparsification,"{""rate"": 0.2}",2024,0.81,0.00144,0.0,0.8648,0.8504,0.9771,0.029,0.0999,0.0205,0.0531,0.0085,0.6054,0.5745,0.0196,0.0784,0.1683,0.5787,0.551,0.0068,0.0559,0.1474,0.5894,0.5688,0.0174,0.0582,0.1429,,,,,,,0.0379,,,,,0.0,none,50d85aafbe772e607da9af52435367d1f2b34213db61e804bc46de9b8d4abc85,7b2fd8c42f57ba964eaf02fcb75a41bc80dc331208ede75303b6fdd7d531f298,1.9457,0.0,1.9457,0.1086,0.0,0.1086
Cora,GCN,edge_sparsification,"{""rate"": 0.2}",3141,0.81,0.00144,0.0,0.8722,0.8633,0.9766,0.0293,0.1129,0.0188,0.0521,0.0105,0.5775,0.5607,0.0252,0.0723,0.1512,0.5792,0.5391,0.0186,0.0603,0.1585,0.5806,0.5762,0.0186,0.0596,0.1578,,,,,,,0.047,,,,,0.0,none,beedd421fb348278fb2bc8f721279350c793f154eb26e0df49c81928b1abb486,c4831b1ab7f5d67420de66e94603e67e3b17760e683d698a5a95d7bda0268c43,1.9513,0.0,1.9513,0.0947,0.0,0.0947
Cora,GCN,edge_sparsification,"{""rate"": 0.2}",5000,0.81,0.00144,0.0,0.8589,0.8523,0.9784,0.0297,0.0936,0.0195,0.0591,0.0103,0.5606,0.5545,0.0047,0.0516,0.1472,0.5679,0.5382,0.0202,0.06,0.1371,0.589,0.5565,0.0226,0.0888,0.1394,,,,,,,0.0468,,,,,0.0,none,0cfc90feac9e03f3430dd82332d6a34e79389b6854b03f05f94d8fcb6fdf4ceb,0499d6b2bd147f8c217051b33774dbc3d4768c0cd7a5946803dc394734beb0c3,1.9335,0.0,1.9335,0.1187,0.0,0.1187
Cora,GCN,edge_sparsification,"{""rate"": 0.2}",7777,0.81,0.00144,0.0,0.8493,0.8364,0.9803,0.0269,0.088,0.0199,0.0602,0.007,0.5869,0.5697,0.0044,0.0647,0.1602,0.5821,0.5486,0.0113,0.0543,0.1507,0.583,0.5708,0.0113,0.0543,0.1515,,,,,,,0.0492,,,,,0.0,none,4303ef15403caa5dfbe4f39be41381b458586b25ebb22b09c15ea309076db546,b193ad02970ff30fef4e2a34896d73e3f084cd4d029e080aec66fcf5ec75233b,1.9305,0.0,1.9305,0.1116,0.0,0.1116
Cora,GCN,edge_sparsification,"{""rate"": 0.2}",9999,0.81,0.00144,0.0,0.8671,0.8576,0.9808,0.0311,0.0971,0.0201,0.0561,0.011,0.5826,0.5718,0.008,0.0415,0.1719,0.5817,0.5417,0.0123,0.0494,0.1605,0.5837,0.5779,0.0123,0.0494,0.1613,,,,,,,0.0241,,,,,0.0,none,16c32062306a02b01310cb182507d39086aed4a7f197f12a893af65780fa5bad,83d0cc70f8a244d1b08947e0273fc3fdd7d21dcee36c3ef2071973052d046cda,1.945,0.0,1.945,0.1176,0.0,0.1176
Cora,GCN,epsd_tuned,"{""lambda_epsd"": 1.0}",42,0.81,0.00144,0.0,0.87,0.8619,0.9823,0.0179,0.0552,0.0184,0.0519,-0.0005,0.558,0.5467,0.0156,0.0595,0.1126,0.5497,0.5257,0.0109,0.0645,0.1135,0.5575,0.5525,0.0101,0.0583,0.1151,,,,,,,0.0518,,,,,1.0,none,9625930675758f349f5bb007f7303b5d0a8400e05a20e79aac3d10d0da29b6d4,4abec21e20a1fd238d6929bd80028f0f66d5e98bef179cfa31e8f4d2d57bd44a,1.9676,0.0015,1.969,0.1098,0.0513,0.1611
Cora,GCN,epsd_tuned,"{""lambda_epsd"": 1.0}",123,0.81,0.00144,0.0,0.8685,0.8606,0.9809,0.0179,0.0536,0.0202,0.0532,-0.0023,0.5793,0.5495,0.0108,0.0526,0.1417,0.5597,0.5312,0.0053,0.0548,0.1233,0.5663,0.5575,0.0091,0.0533,0.1248,,,,,,,0.0425,,,,,1.0,none,7c982b9c705b5e8f2b1518cc567938e6abd71f9558439b2c4cbcdfa3e6de3f2e,9b1d4a4b65f3c4120d4c21a82a12a195e2b1c2fe3035fc0486894c2e3bdbd6f9,1.9641,0.0016,1.9657,0.1081,0.0508,0.1589
Cora,GCN,epsd_tuned,"{""lambda_epsd"": 1.0}",456,0.81,0.00144,0.0,0.8818,0.8733,0.9848,0.0203,0.0536,0.0164,0.0419,0.0039,0.5518,0.5514,0.0106,0.0426,0.1369,0.5515,0.5326,0.0068,0.042,0.1118,0.5514,0.5446,0.012,0.0578,0.1118,,,,,,,0.0291,,,,,1.0,none,f5dc0a821d57115cf94e5c1ad016b2a94eb9f5b69491b639a756198633c75d67,d8e506ce3d768588f91837b80a373fd1fc9e2c8a32c547cba5d02b808f1adace,1.9655,0.0015,1.9669,0.1194,0.052,0.1714
Cora,GCN,epsd_tuned,"{""lambda_epsd"": 1.0}",789,0.81,0.00144,0.0,0.8796,0.8664,0.9873,0.018,0.0529,0.0186,0.0498,-0.0006,0.5365,0.5437,0.0202,0.0358,0.0977,0.5571,0.5437,0.0039,0.0563,0.1023,0.5417,0.5465,0.0133,0.0633,0.1039,,,,,,,0.0229,,,,,1.0,none,d4fe9e68ec96935d28cdb724703ace672c933e6e03fc6ea930bbd5d2ea362b70,a41702d53265aaa288a60da59a9ee70d02ca31a80ead540cc2fd9607ee7a4f10,1.9577,0.0014,1.959,0.1176,0.0525,0.1701
Cora,GCN,epsd_tuned,"{""lambda_epsd"": 1.0}",1024,0.81,0.00144,0.0,0.8634,0.8557,0.9842,0.0197,0.0579,0.0185,0.0494,0.0011,0.5688,0.5628,0.0121,0.0514,0.1311,0.5446,0.5209,0.0084,0.0381,0.1196,0.5656,0.5522,0.0137,0.0632,0.1181,,,,,,,0.0453,,,,,1.0,none,153e1f453ba9f3fbcaf1a08cb6a88749956dcd87273d8279e47d4d6e202d2ca3,5358e9cf6af8d63e8adbb8bfb4251e972a628f9d0156e42e648a6bf31cc77c07,1.9539,0.0015,1.9554,0.1117,0.0557,0.1674
Cora,GCN,epsd_tuned,"{""lambda_epsd"": 1.0}",2024,0.81,0.00144,0.0,0.8929,0.8824,0.9834,0.0183,0.0508,0.0196,0.0525,-0.0013,0.5735,0.5608,0.006,0.0649,0.1303,0.5574,0.5382,0.003,0.0529,0.1043,0.5499,0.5469,0.0121,0.0544,0.1036,,,,,,,0.0311,,,,,1.0,none,0f97c5db987b4726fc92de00468eaf6d9615483bced5004c9435c1776a69dd03,80a9203a0e77f472115c8261a53c324053d3140e55bd40742dcba41038ae1e77,1.9442,0.0014,1.9456,0.1109,0.0474,0.1582
Cora,GCN,epsd_tuned,"{""lambda_epsd"": 1.0}",3141,0.81,0.00144,0.0,0.8767,0.8643,0.9823,0.018,0.0518,0.018,0.0524,-0.0001,0.5552,0.5437,0.0094,0.066,0.1133,0.5608,0.5344,0.0131,0.0619,0.116,0.5515,0.553,0.0101,0.0464,0.1114,,,,,,,0.0379,,,,,1.0,none,5fd9243d1d5b30c10127d77cf9a629ce8690e126312bbe7dbf34d038f7eef06c,ab0e6d85b50fdf36574d22d03e2d44d3776aed769a37c6bb52cd9ecb8edd5455,1.9459,0.0016,1.9475,0.1045,0.0503,0.1548
Cora,GCN,epsd_tuned,"{""lambda_epsd"": 1.0}",5000,0.81,0.00144,0.0,0.8804,0.8746,0.9823,0.0193,0.0542,0.0184,0.0499,0.0009,0.5419,0.5452,0.0,0.0437,0.1068,0.5514,0.53,0.0164,0.0631,0.109,0.5457,0.5479,0.0164,0.0732,0.1098,,,,,,,0.0359,,,,,1.0,none,d4a3b731547e8d51330317a1288db2828b7fb8efebc13a4fca01a173da912b11,28eca7042186be96e655fdc2bc8a9abf1e9f7e6a2585b2b03390b42825c98a4c,1.9296,0.0017,1.9313,0.1217,0.0484,0.1702
Cora,GCN,epsd_tuned,"{""lambda_epsd"": 1.0}",7777,0.81,0.00144,0.0,0.8671,0.8572,0.9828,0.0177,0.0488,0.0187,0.0544,-0.001,0.551,0.5569,0.0147,0.0426,0.1243,0.5651,0.5381,0.0075,0.0648,0.1221,0.5656,0.5561,0.0053,0.0558,0.1213,,,,,,,0.0429,,,,,1.0,none,70dc9d37cf071c7e7baaee74814a2343a0accf3c6f45524cc395fd61033ba20b,f270397ea89bd7a7e2f3f79dab0398fd02d86a217a15315f3aed2a3d7d39d220,1.9319,0.0017,1.9335,0.1115,0.0516,0.1631
Cora,GCN,epsd_tuned,"{""lambda_epsd"": 1.0}",9999,0.81,0.00144,0.0,0.8811,0.8743,0.9838,0.0194,0.0541,0.0186,0.0528,0.0008,0.566,0.5548,0.0112,0.0367,0.1363,0.5624,0.5255,0.0139,0.0517,0.1258,0.5695,0.5552,0.0108,0.061,0.1227,,,,,,,0.0277,,,,,1.0,none,fffb7b54342bc9f65a5547eb46ba849f295bd1025159fa3d82b3999b805f3803,42a348a145ecdf2d2bf821a3fa234de61d892a8e200db7f2874de41f23b3cf70,1.942,0.0019,1.9439,0.1148,0.0501,0.1649
Cora,GraphSAGE,none,{},42,0.81,0.00144,0.0,0.8796,0.8751,0.9808,0.1336,0.3866,0.0845,0.2072,0.0491,0.6142,0.6182,0.0078,0.0657,0.2561,0.6151,0.5622,0.0062,0.0443,0.2659,0.6151,0.6287,0.007,0.0443,0.2659,,,,,,,0.0588,,,,,0.0,none,232c808bd463be74fd33d263392866b39996ee4b9075a4e57f7cd6c0f539883f,26cc6c96b7c458d6f6eb15be8211f0446b177cb5a2019dcc698544abc3fd407e,1.9441,0.0,1.9441,0.0202,0.0,0.0202
Cora,GraphSAGE,none,{},123,0.81,0.00144,0.0,0.8781,0.8698,0.9816,0.1207,0.3774,0.0859,0.2128,0.0348,0.6165,0.6088,0.0108,0.0495,0.2388,0.62,0.5731,0.0114,0.0479,0.2595,0.6199,0.6233,0.0122,0.0479,0.2572,,,,,,,0.0593,,,,,0.0,none,111c6029b063fcf50bb6153f8f8bca6be964d1af1a6b9b359e49fadd8b133970,71ef51bb175d2500ce4682c6db806493ad4aa810132474fc416e2ea075de6f8c,1.9426,0.0,1.9426,0.0246,0.0,0.0246
Cora,GraphSAGE,none,{},456,0.81,0.00144,0.0,0.8855,0.8767,0.9864,0.1471,0.4222,0.0925,0.2174,0.0546,0.6353,0.6287,0.0137,0.0729,0.2756,0.6259,0.5686,0.0135,0.0675,0.2558,0.6258,0.6212,0.0135,0.0675,0.2543,,,,,,,0.0414,,,,,0.0,none,26ff2f77143e9680529bd3f25e06f2082da815175069435928b19c7f8131bffb,f21952f7281a7626050fcc7c8fc805b1334ad401a4e1e27c3638e40ae81126c7,1.9446,0.0,1.9446,0.0274,0.0,0.0274
Cora,GraphSAGE,none,{},789,0.81,0.00144,0.0,0.8818,0.8671,0.9877,0.1502,0.4483,0.1018,0.2328,0.0484,0.6397,0.6266,0.0187,0.0841,0.2669,0.6323,0.5734,0.0148,0.0719,0.2602,0.6318,0.6238,0.0164,0.0711,0.2531,,,,,,,0.0435,,,,,0.0,none,3aaf9eac7438fbd896a9e31b6e996cc88a8ca8da65966be957ec4c60b4d55661,f93485bffb2570aae6ac4497416a09c4a8ada89c7d271c5f43563cb1c7f142d0,1.9348,0.0,1.9348,0.0232,0.0,0.0232
Cora,GraphSAGE,none,{},1024,0.81,0.00144,0.0,0.873,0.8577,0.9839,0.1385,0.4343,0.0922,0.2152,0.0464,0.6469,0.6504,0.0197,0.0787,0.3183,0.6279,0.5628,0.0198,0.0724,0.2932,0.6279,0.642,0.0198,0.0716,0.2894,,,,,,,0.0518,,,,,0.0,none,88c7edd53d9d01a048a45f9131d5aaeb24e723b222fdf27d446095c4219c5228,d6cff3dfc779d532b6eaa94a3a0e9b18add1b4db71e27bed8e38310e5b353083,1.9417,0.0,1.9417,0.025,0.0,0.025
Cora,GraphSAGE,none,{},2024,0.81,0.00144,0.0,0.884,0.8726,0.9837,0.1404,0.4206,0.1039,0.2458,0.0365,0.6362,0.6395,0.0166,0.0664,0.2897,0.6327,0.5745,0.0144,0.0627,0.2902,0.6322,0.6429,0.0166,0.0642,0.2865,,,,,,,0.045,,,,,0.0,none,e5546cb1f37b81af1ae969caeba440f200d9d078ef9f57cccb7230042d750d85,9bc1e0983fa25a3bacb9c9b17d972f31858a56f67002f88ae7bcb7781f490b81,1.9534,0.0,1.9534,0.022,0.0,0.022
Cora,GraphSAGE,none,{},3141,0.81,0.00144,0.0,0.8855,0.8758,0.9829,0.139,0.4306,0.0951,0.2457,0.0439,0.6082,0.611,0.0173,0.0519,0.2452,0.6111,0.5599,0.0139,0.0534,0.2552,0.611,0.623,0.0139,0.0534,0.2521,,,,,,,0.0542,,,,,0.0,none,8f5ee5325bf6fcb3c6dbca20b6579af376ea020c62669978ad0b1f8e46c29e60,6cf46d30b5247c331e75b9b9558b0183f43164471edfe84331d155b9b5aaf093,1.9533,0.0,1.9533,0.0227,0.0,0.0227
Cora,GraphSAGE,none,{},5000,0.81,0.00144,0.0,0.8818,0.8747,0.9843,0.1442,0.411,0.109,0.2675,0.0352,0.6421,0.6238,0.0078,0.075,0.2667,0.6278,0.5701,0.0086,0.0818,0.257,0.6274,0.6219,0.0086,0.0833,0.2562,,,,,,,0.0506,,,,,0.0,none,ed94cebe99022e32d14b38caba716a79b44729c95018b9cbe0a60572053b1253,9dd65dc89d2a1c1714255ea9675fa1f319d04a0551c4c68bbb8e69dd480c0d53,1.9458,0.0,1.9458,0.0231,0.0,0.0231
Cora,GraphSAGE,none,{},7777,0.81,0.00144,0.0,0.8781,0.868,0.9834,0.1379,0.4223,0.1011,0.2241,0.0368,0.6552,0.6451,0.0191,0.0794,0.2869,0.6416,0.5787,0.0128,0.0603,0.2811,0.6416,0.6375,0.0128,0.0603,0.2758,,,,,,,0.0417,,,,,0.0,none,79d711f9a67eb23e22092ff2d219b9ccf46841f780642f4dd6b99b48ef563c58,86bd8bbea256c14e49300cef800b2481f730614bdbe8723c802db72d0bd5bd58,1.9472,0.0,1.9472,0.0255,0.0,0.0255
Cora,GraphSAGE,none,{},9999,0.81,0.00144,0.0,0.8774,0.8753,0.9848,0.1395,0.4091,0.0953,0.216,0.0442,0.6236,0.6196,0.0064,0.0671,0.2714,0.6318,0.571,0.0154,0.0841,0.287,0.6317,0.6304,0.0154,0.0864,0.2847,,,,,,,0.0502,,,,,0.0,none,68c25709ab45f6a004f714ff3154c23e182d9450173c6b5fd32b076e7fe042ab,73fc434321110d628f1bcc92d2bc44d46fa748627a558b4bc49ee32345de12e2,1.9366,0.0,1.9366,0.0274,0.0,0.0274
Cora,GraphSAGE,dropedge,"{""rate"": 0.3}",42,0.81,0.00144,0.0,0.8619,0.8538,0.9818,0.1856,0.4079,0.1642,0.3331,0.0215,0.6538,0.6415,0.0203,0.072,0.3064,0.6542,0.5902,0.0117,0.0607,0.3009,0.6538,0.6407,0.014,0.0622,0.2986,,,,,,,0.0663,,,,,0.0,none,6665555ec1f4c65150c7c206658db315db4b441ecb6ff333cf779aeae7c4f868,f200bdbf3c5e123de1925cc4b69e6b98f98d379d3d24570bd379d45e35a84af9,1.9457,0.0,1.9457,0.0527,0.0,0.0527
Cora,GraphSAGE,dropedge,"{""rate"": 0.3}",123,0.81,0.00144,0.0,0.8796,0.8715,0.9818,0.1666,0.3874,0.1649,0.3255,0.0018,0.6464,0.6339,0.0124,0.0618,0.277,0.6506,0.5951,0.0122,0.0632,0.2915,0.6504,0.6438,0.0145,0.0639,0.2915,,,,,,,0.0568,,,,,0.0,none,4d0e6296316aa98a7b87582f2a96aa52fc1218069b573f6c11ced88c17c0e70e,d3234499e7071dade22fc387a6fe94329f09779b0bbf9fdcb8a661bf71c3a32d,1.9471,0.0,1.9471,0.0545,0.0,0.0545
Cora,GraphSAGE,dropedge,"{""rate"": 0.3}",456,0.81,0.00144,0.0,0.884,0.8722,0.9858,0.2217,0.4694,0.1833,0.346,0.0384,0.6761,0.6519,0.0061,0.0684,0.3185,0.6666,0.6114,0.0143,0.0705,0.2926,0.666,0.6418,0.0158,0.0705,0.2896,,,,,,,0.04,,,,,0.0,none,6fa1222d939d9610790370f772e60924c626a3bb87928f673aeb637fd691d225,83d2f2472c60578e861fc15292a0bb9cb5d8207c9a9d85228fddee74679ade3d,1.9461,0.0,1.9461,0.0522,0.0,0.0522
Cora,GraphSAGE,dropedge,"{""rate"": 0.3}",789,0.81,0.00144,0.0,0.8759,0.8621,0.9872,0.2044,0.439,0.1894,0.3619,0.015,0.6833,0.65,0.0312,0.0826,0.3156,0.6707,0.6102,0.0172,0.0711,0.3031,0.6703,0.6492,0.018,0.0727,0.3008,,,,,,,0.0405,,,,,0.0,none,ee3ae16a877bc15ea835b2bbaca532dd43229b19db6e394845938337d4f2f6db,b37d938b4042d2241cbacd248ac569dc9b9cfb3479bdc35e76e0c9a14e48919a,1.9371,0.0,1.9371,0.0523,0.0,0.0523
Cora,GraphSAGE,dropedge,"{""rate"": 0.3}",1024,0.81,0.00144,0.0,0.8663,0.8524,0.984,0.1882,0.4152,0.1853,0.3564,0.0029,0.6749,0.671,0.0166,0.0787,0.3427,0.6589,0.5986,0.0122,0.0693,0.3222,0.6588,0.6615,0.0122,0.0685,0.3237,,,,,,,0.0659,,,,,0.0,none,4c46d1290d93433d60670c13ab817ad9e2aa9443480d3c9beb31435c848c93aa,47c13245578e233e3c324405ae7f3a335e2c0fdf1fd790d2aa1e1180ea36df1e,1.9398,0.0,1.9398,0.0459,0.0,0.0459
Cora,GraphSAGE,dropedge,"{""rate"": 0.3}",2024,0.81,0.00144,0.0,0.8752,0.8616,0.9842,0.189,0.4363,0.1897,0.3466,-0.0007,0.6604,0.6447,0.0151,0.0709,0.302,0.6578,0.6024,0.0166,0.0688,0.3008,0.6572,0.6466,0.0174,0.0665,0.2986,,,,,,,0.0478,,,,,0.0,none,968d09564cef257537dd99bd164e24eb6e7be2796c875d789de38c2bb6521575,0183d8734b274ea2103e5d254b336057c9029a49ac6f582f32826885b1ac0b01,1.9562,0.0,1.9562,0.0454,0.0,0.0454
Cora,GraphSAGE,dropedge,"{""rate"": 0.3}",3141,0.81,0.00144,0.0,0.8722,0.8627,0.9813,0.1808,0.4131,0.1659,0.3437,0.0149,0.6461,0.6381,0.0126,0.0645,0.2928,0.6501,0.5901,0.0116,0.0603,0.3039,0.6499,0.6493,0.0131,0.0611,0.3039,,,,,,,0.0613,,,,,0.0,none,8120d18db307342e934c1864d7eb9f351f184d82e4b038ed26666b6069e4b4c5,070581b78415aa10f758ba0fb93089b22366de66c88d9639ad7cb4eb022754ba,1.954,0.0,1.954,0.0438,0.0,0.0438
Cora,GraphSAGE,dropedge,"{""rate"": 0.3}",5000,0.81,0.00144,0.0,0.8752,0.8665,0.9841,0.2032,0.4158,0.1936,0.3908,0.0096,0.6764,0.6456,0.0078,0.0703,0.3008,0.6612,0.6067,0.0101,0.0802,0.2882,0.6609,0.6386,0.0101,0.0802,0.2874,,,,,,,0.0541,,,,,0.0,none,948389c8afc7718703e28bc5ef63cfe4056205e6bfae678ca4e0e916a7843780,7b8909623121095ef7f4734b1853975a2cc7b588436a01195144fea6aa459718,1.9439,0.0,1.9439,0.0459,0.0,0.0459
Cora,GraphSAGE,dropedge,"{""rate"": 0.3}",7777,0.81,0.00144,0.0,0.8685,0.858,0.9832,0.188,0.4122,0.1978,0.3519,-0.0098,0.6832,0.6624,0.0265,0.0824,0.3278,0.6758,0.6119,0.0113,0.0663,0.3361,0.6755,0.662,0.0151,0.0686,0.3338,,,,,,,0.0464,,,,,0.0,none,9248f7584a56d360da69a8db8b91a83131bea1cbffd2d6cef9b5c42627d95898,ebe9952ba51b68ad8c770ddd256ee1a13ba8c78ca14cfc24a49d7b4828a6c11c,1.9474,0.0,1.9474,0.0528,0.0,0.0528
Cora,GraphSAGE,dropedge,"{""rate"": 0.3}",9999,0.81,0.00144,0.0,0.8789,0.8762,0.9846,0.1905,0.4079,0.1756,0.3269,0.0149,0.6626,0.6373,0.0016,0.0623,0.3144,0.6696,0.6019,0.0255,0.0802,0.3202,0.6692,0.6574,0.0255,0.0802,0.3187,,,,,,,0.0426,,,,,0.0,none,3143735fd4c0213d02e7df1eb01603bdd62ebe407cfb482639e6836d3841c4c8,78bb8a809ffe4e2104f9604ce6ba37b1fbf1209bd22dff4d62e7ed5967bd7851,1.9393,0.0,1.9393,0.045,0.0,0.045
Cora,GraphSAGE,label_smoothing,"{""alpha"": 0.1}",42,0.81,0.00144,0.0,0.8767,0.869,0.9799,0.1315,0.1948,0.069,0.079,0.0625,0.658,0.6602,0.0,0.0156,0.3391,0.6636,0.6182,0.0,0.0109,0.3476,0.6645,0.6695,0.0,0.0109,0.3445,,,,,,,0.0912,,,,,0.0,none,be7f1122b806b6fcb4775b9c02c2a2b6714dc1c86bc6ac00629991fc238c7da7,041a454688a94c98c87ea39e66feff7396b6884c972f699bb03258fa9cdbd174,1.9444,0.0,1.9444,0.5036,0.0,0.5036
Cora,GraphSAGE,label_smoothing,"{""alpha"": 0.1}",123,0.81,0.00144,0.0,0.8781,0.8702,0.98,0.1204,0.1852,0.068,0.0759,0.0524,0.6795,0.6697,0.0015,0.0124,0.3606,0.6765,0.6347,0.0015,0.0122,0.3661,0.6769,0.6788,0.0015,0.0122,0.3638,,,,,,,0.0998,,,,,0.0,none,52819a746e9db670ffc29b4f3067df51f11a11391028fbffaac98e40f80fc456,7b98d8e1c859a720d9d9ec83a013c01353afb25dd13a70736eb380de02623a3d,1.943,0.0,1.943,0.504,0.0,0.504
Cora,GraphSAGE,label_smoothing,"{""alpha"": 0.1}",456,0.81,0.00144,0.0,0.8863,0.8752,0.9851,0.1416,0.1987,0.075,0.0809,0.0666,0.6894,0.6797,0.0015,0.0213,0.3695,0.6797,0.6339,0.0008,0.021,0.3608,0.6805,0.6737,0.0008,0.021,0.3623,,,,,,,0.1127,,,,,0.0,none,30f95f12493ab6cfc50b5c814288305b06a03237a98f26442647e76fe8c2a9a9,05dda81a6a863b09db94aafb84b5d83cd96ab4d4abdc19df16fa0393f711584c,1.9449,0.0,1.9449,0.5034,0.0,0.5034
Cora,GraphSAGE,label_smoothing,"{""alpha"": 0.1}",789,0.81,0.00144,0.0,0.8789,0.8642,0.9848,0.1357,0.2073,0.0734,0.0891,0.0622,0.7056,0.6875,0.0,0.0312,0.3878,0.6911,0.6422,0.0,0.0227,0.3727,0.6918,0.6832,0.0,0.0234,0.375,,,,,,,0.1013,,,,,0.0,none,040a87c7b14b35d3daad414de671466af3c3321ae4391f0d681bdfee489b90e8,532709738684cc32c8a994ae5b98c20cc9cbec661e18186601d2c7c84343609e,1.9361,0.0,1.9361,0.505,0.0,0.505
Cora,GraphSAGE,label_smoothing,"{""alpha"": 0.1}",1024,0.81,0.00144,0.0,0.8796,0.8683,0.9824,0.1346,0.1962,0.072,0.0801,0.0626,0.7065,0.7022,0.0,0.0136,0.4425,0.6937,0.6497,0.0,0.0168,0.3983,0.6939,0.6965,0.0,0.0175,0.396,,,,,,,0.1101,,,,,0.0,none,c7d9cb1ebf1efb5e1e6db9eafd4608fb9f9699c87f5fc066fa7020c3075d7b40,9d3a4ec0d6fd898b6d164b4f7d0c73ae312f33b57cccf58cbcf326f78cd1203b,1.9422,0.0,1.9422,0.505,0.0,0.505
Cora,GraphSAGE,label_smoothing,"{""alpha"": 0.1}",2024,0.81,0.00144,0.0,0.8833,0.8728,0.9809,0.1337,0.2042,0.0781,0.0924,0.0556,0.6777,0.6818,0.0,0.0287,0.3852,0.6764,0.6281,0.0,0.0189,0.3772,0.6772,0.6844,0.0,0.0197,0.3779,,,,,,,0.1052,,,,,0.0,none,7d2e387b1d56db9d870a506da0fb83fdc325104e5c449bcb906ba75e1b53a60d,dff0ef639e2da408453e0e56313273b4728184c8d6cd728d5c07b0a6d3fa5a5c,1.9528,0.0,1.9528,0.5022,0.0,0.5022
Cora,GraphSAGE,label_smoothing,"{""alpha"": 0.1}",3141,0.81,0.00144,0.0,0.8789,0.8688,0.9806,0.1358,0.203,0.0753,0.0909,0.0605,0.6716,0.6558,0.0,0.0252,0.3278,0.6691,0.621,0.0,0.0232,0.3434,0.6706,0.6701,0.0,0.0224,0.3442,,,,,,,0.0932,,,,,0.0,none,736e1ff3581e5d0bf8d118a3ab7d5ca64e3089b854d962e6429a07d6ca1109f0,50e3426ccb1a0f7d0015101ff6d5790fde536419d0141080e47887bcd5732f39,1.9527,0.0,1.9527,0.5006,0.0,0.5006
Cora,GraphSAGE,label_smoothing,"{""alpha"": 0.1}",5000,0.81,0.00144,0.0,0.884,0.8773,0.9825,0.1436,0.2085,0.0814,0.1006,0.0622,0.7004,0.6908,0.0,0.0063,0.3968,0.6866,0.6402,0.0,0.0125,0.3769,0.6846,0.6896,0.0,0.0132,0.3808,,,,,,,0.1029,,,,,0.0,none,ea39f7bc7d542fc17142ec95dee846fba5be924243010a6e844efbda5862d1eb,de978700bcd0ab7d7d0b4f47714d0fd0c6878a0aff0d8d9f0ad4f0f6bf03cfc5,1.9459,0.0,1.9459,0.5035,0.0,0.5035
Cora,GraphSAGE,label_smoothing,"{""alpha"": 0.1}",7777,0.81,0.00144,0.0,0.8804,0.8685,0.983,0.1271,0.1946,0.0745,0.0872,0.0526,0.6854,0.6873,0.0015,0.0118,0.3912,0.6877,0.6436,0.0008,0.0098,0.3828,0.6869,0.6873,0.0008,0.0106,0.3806,,,,,,,0.1107,,,,,0.0,none,060bb4c1fc638bb590ba6d4e0f4eca39574948f72f333fa47b3d24fa23a200fe,60498e6739f4e484a382bc5c4849a85fc7b41a65caaa972df9c1bcbf23abd5c1,1.9472,0.0,1.9472,0.5052,0.0,0.5052
Cora,GraphSAGE,label_smoothing,"{""alpha"": 0.1}",9999,0.81,0.00144,0.0,0.8708,0.8661,0.9834,0.1346,0.1877,0.0753,0.0847,0.0593,0.6766,0.6798,0.0,0.0176,0.3788,0.6862,0.6366,0.0,0.0201,0.3727,0.6867,0.6848,0.0,0.0201,0.375,,,,,,,0.0951,,,,,0.0,none,d9b1e394f5f2d70a2411ca2842563e0ec773a66f8d554f8096e4c9b12b453f0d,701414d7e261aa6c6838b2689f102715ce0d27520dcc29cae9d6da9894bd37bb,1.9377,0.0,1.9377,0.5062,0.0,0.5062
Cora,GraphSAGE,early_stopping,"{""patience"": 15}",42,0.81,0.00144,0.0,0.8774,0.8713,0.9817,0.1134,0.3873,0.0757,0.2174,0.0377,0.6199,0.6065,0.0094,0.0814,0.2348,0.6187,0.5692,0.0,0.0583,0.2449,0.6187,0.6198,0.014,0.0614,0.2449,,,,,,,0.0705,,,,,0.0,none,6c01d294bcbfc94997293d5e008e199bcb2195b03363fbae0e75187f5b3bd8b8,ba9636c5856e20e95a701cc884fa7227aba2cc764cf188014c6f3ba6e3702f11,1.9441,0.0,1.9441,0.0278,0.0,0.0278
Cora,GraphSAGE,early_stopping,"{""patience"": 15}",123,0.81,0.00144,0.0,0.8781,0.8698,0.9816,0.1207,0.3774,0.0859,0.2128,0.0348,0.6165,0.6088,0.0108,0.0495,0.2388,0.62,0.5731,0.0114,0.0479,0.2595,0.6199,0.6233,0.0122,0.0479,0.258,,,,,,,0.0593,,,,,0.0,none,111c6029b063fcf50bb6153f8f8bca6be964d1af1a6b9b359e49fadd8b133970,71ef51bb175d2500ce4682c6db806493ad4aa810132474fc416e2ea075de6f8c,1.9426,0.0,1.9426,0.0246,0.0,0.0246
Cora,GraphSAGE,early_stopping,"{""patience"": 15}",456,0.81,0.00144,0.0,0.8855,0.8767,0.9864,0.1471,0.4222,0.0925,0.2174,0.0546,0.6353,0.6287,0.0137,0.0729,0.2756,0.6259,0.5686,0.0135,0.0675,0.2558,0.6257,0.6084,0.0135,0.0683,0.2521,,,,,,,0.0414,,,,,0.0,none,26ff2f77143e9680529bd3f25e06f2082da815175069435928b19c7f8131bffb,f21952f7281a7626050fcc7c8fc805b1334ad401a4e1e27c3638e40ae81126c7,1.9446,0.0,1.9446,0.0274,0.0,0.0274
Cora,GraphSAGE,early_stopping,"{""patience"": 15}",789,0.81,0.00144,0.0,0.8774,0.863,0.9872,0.1202,0.3875,0.0925,0.2246,0.0277,0.6407,0.6297,0.0234,0.0857,0.2654,0.6329,0.5773,0.0133,0.0797,0.2492,0.6326,0.6211,0.0172,0.0797,0.2477,,,,,,,0.0528,,,,,0.0,none,3ab0f78337b85909dd00a3c6b10323c218c84be4b14b60dc1e94a224386c4686,faab720fd416d6cae7c9edab5e2996d6e602d86f86a35815421f3b995974c801,1.9348,0.0,1.9348,0.0232,0.0,0.0232
Cora,GraphSAGE,early_stopping,"{""patience"": 15}",1024,0.81,0.00144,0.0,0.873,0.8577,0.9839,0.1385,0.4343,0.0922,0.2152,0.0464,0.6469,0.6504,0.0197,0.0787,0.3183,0.6279,0.5628,0.0198,0.0724,0.2932,0.6279,0.6413,0.0198,0.0716,0.2894,,,,,,,0.0518,,,,,0.0,none,88c7edd53d9d01a048a45f9131d5aaeb24e723b222fdf27d446095c4219c5228,d6cff3dfc779d532b6eaa94a3a0e9b18add1b4db71e27bed8e38310e5b353083,1.9417,0.0,1.9417,0.025,0.0,0.025
Cora,GraphSAGE,early_stopping,"{""patience"": 15}",2024,0.81,0.00144,0.0,0.884,0.8726,0.9837,0.1404,0.4206,0.1039,0.2458,0.0365,0.6362,0.6395,0.0166,0.0664,0.2897,0.6327,0.5745,0.0144,0.0627,0.2902,0.6322,0.6429,0.0166,0.0642,0.2865,,,,,,,0.045,,,,,0.0,none,e5546cb1f37b81af1ae969caeba440f200d9d078ef9f57cccb7230042d750d85,9bc1e0983fa25a3bacb9c9b17d972f31858a56f67002f88ae7bcb7781f490b81,1.9534,0.0,1.9534,0.022,0.0,0.022
Cora,GraphSAGE,early_stopping,"{""patience"": 15}",3141,0.81,0.00144,0.0,0.8863,0.8759,0.9827,0.11,0.3578,0.0867,0.2486,0.0233,0.6102,0.6071,0.0189,0.055,0.233,0.6136,0.5638,0.0,0.0619,0.2421,0.6137,0.6187,0.0131,0.0619,0.2398,,,,,,,0.0561,,,,,0.0,none,109bdea1d69b732db81375aec822fcea51c20d020921d1c7ca69784bcd1c01bd,61039b224c69b233a0e1eb031ba3532f4c049b3ccc9464ab9fadeff9af2f5ddb,1.9533,0.0,1.9533,0.0221,0.0,0.0221
Cora,GraphSAGE,early_stopping,"{""patience"": 15}",5000,0.81,0.00144,0.0,0.8818,0.8747,0.9843,0.1442,0.411,0.109,0.2675,0.0352,0.6421,0.6238,0.0078,0.075,0.2667,0.6278,0.5701,0.0086,0.0818,0.257,0.6274,0.6219,0.0086,0.0833,0.2562,,,,,,,0.0506,,,,,0.0,none,ed94cebe99022e32d14b38caba716a79b44729c95018b9cbe0a60572053b1253,9dd65dc89d2a1c1714255ea9675fa1f319d04a0551c4c68bbb8e69dd480c0d53,1.9458,0.0,1.9458,0.0231,0.0,0.0231
Cora,GraphSAGE,early_stopping,"{""patience"": 15}",7777,0.81,0.00144,0.0,0.8781,0.868,0.9834,0.1379,0.4223,0.1011,0.2241,0.0368,0.6552,0.6451,0.0191,0.0794,0.2869,0.6416,0.5787,0.0128,0.0603,0.2811,0.6416,0.6311,0.0128,0.0603,0.2766,,,,,,,0.0417,,,,,0.0,none,79d711f9a67eb23e22092ff2d219b9ccf46841f780642f4dd6b99b48ef563c58,86bd8bbea256c14e49300cef800b2481f730614bdbe8723c802db72d0bd5bd58,1.9472,0.0,1.9472,0.0255,0.0,0.0255
Cora,GraphSAGE,early_stopping,"{""patience"": 15}",9999,0.81,0.00144,0.0,0.8715,0.8669,0.9848,0.1119,0.3772,0.0826,0.216,0.0293,0.6366,0.6157,0.0128,0.0783,0.2558,0.6414,0.5802,0.0147,0.0841,0.267,0.6414,0.6312,0.0185,0.0856,0.267,,,,,,,0.0683,,,,,0.0,none,eb7b5fe0d7b732ee077d34c4a167c9469f6ea4b7c6cd9796abc34ac02e22c409,963c0c831e965fe2c503d42f60d79b7867b08496e3bf32a55805f6f575624704,1.9366,0.0,1.9366,0.0227,0.0,0.0227
Cora,GraphSAGE,confidence_masking,"{""top_k"": 2}",42,0.81,0.00144,0.0,0.8796,0.8751,0.9638,0.1336,0.3866,0.0845,0.2072,0.0491,0.6153,0.6236,0.0078,0.0689,0.2638,0.6152,0.5591,0.0047,0.0459,0.2698,0.6152,0.6341,0.0062,0.0474,0.2698,,,,,,,0.0667,,,,,0.0,none,232c808bd463be74fd33d263392866b39996ee4b9075a4e57f7cd6c0f539883f,26cc6c96b7c458d6f6eb15be8211f0446b177cb5a2019dcc698544abc3fd407e,1.9441,0.0,1.9441,0.0202,0.0,0.0202
Cora,GraphSAGE,confidence_masking,"{""top_k"": 2}",123,0.81,0.00144,0.0,0.8781,0.8698,0.9658,0.1207,0.3774,0.0859,0.2128,0.0348,0.6163,0.6195,0.0108,0.0526,0.2552,0.6184,0.567,0.0137,0.0502,0.2618,0.6184,0.6298,0.0152,0.051,0.2618,,,,,,,0.0698,,,,,0.0,none,111c6029b063fcf50bb6153f8f8bca6be964d1af1a6b9b359e49fadd8b133970,71ef51bb175d2500ce4682c6db806493ad4aa810132474fc416e2ea075de6f8c,1.9426,0.0,1.9426,0.0246,0.0,0.0246
Cora,GraphSAGE,confidence_masking,"{""top_k"": 2}",456,0.81,0.00144,0.0,0.8855,0.8767,0.9628,0.1471,0.4222,0.0925,0.2174,0.0546,0.6352,0.6272,0.0106,0.0805,0.2779,0.6262,0.5679,0.0135,0.0765,0.2596,0.6262,0.6242,0.0135,0.0765,0.2596,,,,,,,0.0572,,,,,0.0,none,26ff2f77143e9680529bd3f25e06f2082da815175069435928b19c7f8131bffb,f21952f7281a7626050fcc7c8fc805b1334ad401a4e1e27c3638e40ae81126c7,1.9446,0.0,1.9446,0.0274,0.0,0.0274
Cora,GraphSAGE,confidence_masking,"{""top_k"": 2}",789,0.81,0.00144,0.0,0.8818,0.8671,0.9625,0.1502,0.4483,0.1018,0.2328,0.0484,0.6435,0.6328,0.028,0.0841,0.2761,0.6339,0.5672,0.018,0.075,0.2594,0.6339,0.6293,0.018,0.075,0.2594,,,,,,,0.0598,,,,,0.0,none,3aaf9eac7438fbd896a9e31b6e996cc88a8ca8da65966be957ec4c60b4d55661,f93485bffb2570aae6ac4497416a09c4a8ada89c7d271c5f43563cb1c7f142d0,1.9348,0.0,1.9348,0.0232,0.0,0.0232
Cora,GraphSAGE,confidence_masking,"{""top_k"": 2}",1024,0.81,0.00144,0.0,0.873,0.8577,0.9632,0.1385,0.4343,0.0922,0.2152,0.0464,0.6456,0.655,0.0212,0.0862,0.3094,0.6263,0.5628,0.019,0.0693,0.2894,0.6263,0.642,0.0206,0.0693,0.2894,,,,,,,0.0687,,,,,0.0,none,88c7edd53d9d01a048a45f9131d5aaeb24e723b222fdf27d446095c4219c5228,d6cff3dfc779d532b6eaa94a3a0e9b18add1b4db71e27bed8e38310e5b353083,1.9417,0.0,1.9417,0.025,0.0,0.025
Cora,GraphSAGE,confidence_masking,"{""top_k"": 2}",2024,0.81,0.00144,0.0,0.884,0.8726,0.9697,0.1404,0.4206,0.1039,0.2458,0.0365,0.6386,0.6455,0.0121,0.0649,0.3035,0.6325,0.5737,0.0174,0.0642,0.2963,0.6325,0.6455,0.0174,0.065,0.2963,,,,,,,0.0573,,,,,0.0,none,e5546cb1f37b81af1ae969caeba440f200d9d078ef9f57cccb7230042d750d85,9bc1e0983fa25a3bacb9c9b17d972f31858a56f67002f88ae7bcb7781f490b81,1.9534,0.0,1.9534,0.022,0.0,0.022
Cora,GraphSAGE,confidence_masking,"{""top_k"": 2}",3141,0.81,0.00144,0.0,0.8855,0.8758,0.9649,0.139,0.4306,0.0951,0.2457,0.0439,0.6081,0.6179,0.0173,0.0535,0.2509,0.6114,0.5522,0.0131,0.0541,0.256,0.6114,0.6237,0.0139,0.0541,0.256,,,,,,,0.0638,,,,,0.0,none,8f5ee5325bf6fcb3c6dbca20b6579af376ea020c62669978ad0b1f8e46c29e60,6cf46d30b5247c331e75b9b9558b0183f43164471edfe84331d155b9b5aaf093,1.9533,0.0,1.9533,0.0227,0.0,0.0227
Cora,GraphSAGE,confidence_masking,"{""top_k"": 2}",5000,0.81,0.00144,0.0,0.8818,0.8747,0.9688,0.1442,0.411,0.109,0.2675,0.0352,0.641,0.6301,0.0078,0.0766,0.2713,0.6286,0.5678,0.0093,0.081,0.2625,0.6286,0.6192,0.0101,0.081,0.2625,,,,,,,0.0651,,,,,0.0,none,ed94cebe99022e32d14b38caba716a79b44729c95018b9cbe0a60572053b1253,9dd65dc89d2a1c1714255ea9675fa1f319d04a0551c4c68bbb8e69dd480c0d53,1.9458,0.0,1.9458,0.0231,0.0,0.0231
Cora,GraphSAGE,confidence_masking,"{""top_k"": 2}",7777,0.81,0.00144,0.0,0.8781,0.868,0.9651,0.1379,0.4223,0.1011,0.2241,0.0368,0.6568,0.6473,0.0162,0.0765,0.2893,0.6407,0.5705,0.0121,0.0528,0.2833,0.6407,0.6387,0.0121,0.0528,0.2833,,,,,,,0.0604,,,,,0.0,none,79d711f9a67eb23e22092ff2d219b9ccf46841f780642f4dd6b99b48ef563c58,86bd8bbea256c14e49300cef800b2481f730614bdbe8723c802db72d0bd5bd58,1.9472,0.0,1.9472,0.0255,0.0,0.0255
Cora,GraphSAGE,confidence_masking,"{""top_k"": 2}",9999,0.81,0.00144,0.0,0.8774,0.8753,0.9692,0.1395,0.4091,0.0953,0.216,0.0442,0.6235,0.6273,0.008,0.0623,0.2878,0.6314,0.571,0.0147,0.0795,0.2894,0.6315,0.6377,0.0147,0.0802,0.2894,,,,,,,0.0662,,,,,0.0,none,68c25709ab45f6a004f714ff3154c23e182d9450173c6b5fd32b076e7fe042ab,73fc434321110d628f1bcc92d2bc44d46fa748627a558b4bc49ee32345de12e2,1.9366,0.0,1.9366,0.0274,0.0,0.0274
Cora,GraphSAGE,edge_sparsification,"{""rate"": 0.2}",42,0.81,0.00144,0.0,0.8567,0.8494,0.9767,0.1653,0.4474,0.1233,0.3101,0.042,0.6259,0.6314,0.0047,0.0657,0.2754,0.6282,0.5692,0.0,0.0544,0.2792,0.6261,0.6372,0.0086,0.0544,0.2815,,,,,,,0.0678,,,,,0.0,none,bc31e8b29f09ec103fcc7fb602472ec586661ff285ad803334f2b78a03914c6c,47d9f29d00de4c9248944ebf25aac95313267a4922829ce6b68f65f2ec2a2cb1,1.945,0.0,1.945,0.0263,0.0,0.0263
Cora,GraphSAGE,edge_sparsification,"{""rate"": 0.2}",123,0.81,0.00144,0.0,0.8567,0.8481,0.9771,0.1434,0.4146,0.1252,0.2977,0.0182,0.6165,0.6317,0.0093,0.0479,0.2805,0.6224,0.5731,0.0145,0.0533,0.2763,0.6223,0.6366,0.0114,0.0571,0.2785,,,,,,,0.0669,,,,,0.0,none,53013edbff7c1a6d3f8dcc8041eff773c6242af81f747564eaf66f44da231f5e,f34fca4a2b69d6aa6c152c7f3596ea7973f0760ab8154eaf0813933152a909a6,1.9482,0.0,1.9482,0.0265,0.0,0.0265
Cora,GraphSAGE,edge_sparsification,"{""rate"": 0.2}",456,0.81,0.00144,0.0,0.8648,0.856,0.981,0.1637,0.4434,0.1131,0.2565,0.0506,0.6574,0.6467,0.0167,0.0973,0.3054,0.6513,0.5859,0.0158,0.087,0.2866,0.652,0.6425,0.021,0.087,0.2888,,,,,,,0.0526,,,,,0.0,none,423918aa9b1ef862a24a0b260e9bdeb50ab0584f0d476c60b7dcfeba4a316480,90104ce989e4ad5f9fb75b4a178c15afccd8f3af74cc283850f4b906bf17c734,1.9433,0.0,1.9433,0.0289,0.0,0.0289
Cora,GraphSAGE,edge_sparsification,"{""rate"": 0.2}",789,0.81,0.00144,0.0,0.8567,0.8456,0.9811,0.1867,0.4725,0.1467,0.3033,0.04,0.6568,0.6492,0.0312,0.0935,0.2983,0.6452,0.5867,0.0156,0.0719,0.3016,0.6452,0.6492,0.0156,0.0719,0.3023,,,,,,,0.0505,,,,,0.0,none,5b36568f67dcd91fcc31de72e8268d0a1feb167043423567c09d9cd725946e00,f3941aceff01f1b874d966b2c9b831c7f7cee878f09d9ce81f3cee81103b5129,1.9339,0.0,1.9339,0.031,0.0,0.031
Cora,GraphSAGE,edge_sparsification,"{""rate"": 0.2}",1024,0.81,0.00144,0.0,0.8501,0.8374,0.9779,0.1649,0.4455,0.1316,0.279,0.0333,0.6499,0.6649,0.0121,0.0514,0.3398,0.6406,0.5849,0.0145,0.0541,0.3168,0.6409,0.6573,0.0107,0.0533,0.3191,,,,,,,0.0586,,,,,0.0,none,d5788e90a916c89976f3b8a1b50bd4539d29b6cce859ed938650afccaa6f1a90,1ceed11074625e790f7c5d5b36b7c09e511994a1d31c04586b2e5fb486d827d5,1.94,0.0,1.94,0.0269,0.0,0.0269
Cora,GraphSAGE,edge_sparsification,"{""rate"": 0.2}",2024,0.81,0.00144,0.0,0.8538,0.8404,0.9784,0.1679,0.4562,0.1492,0.338,0.0187,0.6396,0.6523,0.0106,0.0603,0.3123,0.6334,0.5692,0.0128,0.0627,0.3023,0.6451,0.6489,0.0144,0.0748,0.3061,,,,,,,0.0593,,,,,0.0,none,d0b4af668a882cc906fc1e1cb7c981f4c61842ac10a326bd56425ecee925d478,426c78f317201f4c5327533b765a1d7ee7d78bb8d6a8f59e31212090daf4968a,1.9564,0.0,1.9564,0.0341,0.0,0.0341
Cora,GraphSAGE,edge_sparsification,"{""rate"": 0.2}",3141,0.81,0.00144,0.0,0.8641,0.8528,0.9745,0.1477,0.4136,0.1137,0.2855,0.0339,0.6142,0.6241,0.0126,0.0535,0.2681,0.6202,0.5638,0.0108,0.0464,0.2815,0.6233,0.6411,0.0093,0.0596,0.2862,,,,,,,0.0588,,,,,0.0,none,d09ff9319d94646f5ab267a7bc41879a4f45ed0346f82a7b7b5719a86f96eefa,8d7437746f98cc0f4a13e9e5c13af0251653ad5242778c966ce166aae5f12685,1.9542,0.0,1.9542,0.0269,0.0,0.0269
Cora,GraphSAGE,edge_sparsification,"{""rate"": 0.2}",5000,0.81,0.00144,0.0,0.8612,0.8527,0.98,0.1792,0.4578,0.1318,0.2967,0.0475,0.6596,0.6542,0.0078,0.075,0.3131,0.6381,0.5685,0.0093,0.0678,0.296,0.6372,0.6456,0.0117,0.0685,0.2921,,,,,,,0.0588,,,,,0.0,none,6aa1f0675bf550170ba886d1b987ecb87a59a99d861e3f81f1ee1cbb07c9f5c8,6a8e06a583935030886908c264d499052b56a8a20125ef2e1f9884d87f0ff9b2,1.946,0.0,1.946,0.0307,0.0,0.0307
Cora,GraphSAGE,edge_sparsification,"{""rate"": 0.2}",7777,0.81,0.00144,0.0,0.8708,0.8566,0.979,0.1538,0.4388,0.1343,0.2909,0.0195,0.6446,0.6488,0.0176,0.0735,0.2878,0.6442,0.5878,0.009,0.0618,0.2962,0.6434,0.6436,0.0106,0.0618,0.2901,,,,,,,0.0469,,,,,0.0,none,82a539650633e211d230dfd016d44cb27ea73ad57e1d1b777b0c6e21489adc0a,54a1207c75cd29b825c9f7207668913227dd88b47e82d483872f1862f9da6ee2,1.9456,0.0,1.9456,0.027,0.0,0.027
Cora,GraphSAGE,edge_sparsification,"{""rate"": 0.2}",9999,0.81,0.00144,0.0,0.8545,0.8495,0.9811,0.1795,0.4536,0.1295,0.2847,0.05,0.6355,0.6358,0.0112,0.0559,0.2988,0.6492,0.5864,0.0131,0.0656,0.3125,0.6543,0.6543,0.0139,0.0625,0.3171,,,,,,,0.0605,,,,,0.0,none,868888f638fe6ed27b5a277d9f5327c36ae663efe04c785ef59531824287582f,088752f795219e6236fcc4dbe34ab161671376890d0c8e8e3fc3e2e5d5ae8ebc,1.9395,0.0,1.9395,0.0264,0.0,0.0264
Cora,GraphSAGE,epsd_tuned,"{""lambda_epsd"": 1.0}",42,0.81,0.00144,0.0,0.8737,0.8675,0.98,0.0219,0.0577,0.0378,0.1103,-0.016,0.5924,0.5871,0.025,0.0673,0.1929,0.5982,0.5513,0.0124,0.0599,0.1983,0.598,0.589,0.0124,0.0607,0.1991,,,,,,,0.0676,,,,,1.0,none,f318b6bd88518e1c611f2636604f3595c26d2912619eefbf69f9c450cb87ddf5,ae03611abb5422619f55ee84d5d16a245e0f402aa874d146843274020b179224,1.9441,0.0012,1.9453,0.0249,0.041,0.0659
Cora,GraphSAGE,epsd_tuned,"{""lambda_epsd"": 1.0}",123,0.81,0.00144,0.0,0.873,0.8637,0.9812,0.0185,0.0528,0.0439,0.1318,-0.0253,0.605,0.5898,0.0124,0.0634,0.1998,0.6036,0.5571,0.0129,0.054,0.21,0.6033,0.6043,0.0129,0.0533,0.2116,,,,,,,0.0657,,,,,1.0,none,8bdc93dd8a0d14b1193783370f4fdd457f546c4f33a0595fccbdd1d2833461df,80ffe250f831d9ad37328119bf20df3866a72f70b116eaa29dcbcb565752b089,1.9426,0.0011,1.9437,0.0262,0.0403,0.0665
Cora,GraphSAGE,epsd_tuned,"{""lambda_epsd"": 1.0}",456,0.81,0.00144,0.0,0.8818,0.872,0.9861,0.0243,0.0618,0.0353,0.0964,-0.011,0.6155,0.5964,0.0152,0.0684,0.2122,0.6021,0.5596,0.012,0.066,0.1845,0.602,0.5866,0.012,0.0645,0.1845,,,,,,,0.0554,,,,,1.0,none,3ad5b32713b2d68a88c30ebbda9e99b54cd7fd0c759c9e42dbadbd18b02ab2cc,f7f4a3391c5f139f85812434762e29b2cead8d76cd5cebf963ba087af826251a,1.9446,0.0012,1.9459,0.0375,0.0491,0.0866
Cora,GraphSAGE,epsd_tuned,"{""lambda_epsd"": 1.0}",789,0.81,0.00144,0.0,0.8737,0.857,0.9866,0.0216,0.0539,0.0415,0.1277,-0.0199,0.6118,0.5922,0.028,0.0794,0.1987,0.61,0.5648,0.018,0.0664,0.1914,0.6092,0.5852,0.018,0.0664,0.1891,,,,,,,0.0578,,,,,1.0,none,44318f56f400e5c214ca5f2ecd79170fae7a984dcccbf5315391c7815d12f574,cb5f200b6fd72e59596270b8bd3619cf2015e3f629c1cbdb7978e2d0466a586f,1.9348,0.0013,1.9361,0.0319,0.0483,0.0802
Cora,GraphSAGE,epsd_tuned,"{""lambda_epsd"": 1.0}",1024,0.81,0.00144,0.0,0.8671,0.8557,0.9829,0.0202,0.0522,0.0386,0.102,-0.0184,0.6186,0.6093,0.0212,0.0726,0.228,0.608,0.5651,0.0168,0.0594,0.2171,0.6077,0.6074,0.019,0.0594,0.2178,,,,,,,0.0635,,,,,1.0,none,8b1cad10d2f26fcd7b85d65c05f898f6094ecce5757cd1303b66f3b90985c395,387f4ff01b65474796262a85523b5f8c6266fe3b69505f779f1a216779915129,1.9417,0.0012,1.9429,0.0322,0.0451,0.0773
Cora,GraphSAGE,epsd_tuned,"{""lambda_epsd"": 1.0}",2024,0.81,0.00144,0.0,0.8804,0.8673,0.982,0.0218,0.057,0.0439,0.1203,-0.0221,0.6143,0.6107,0.0106,0.0618,0.2309,0.6105,0.5616,0.0113,0.0718,0.2177,0.6101,0.6051,0.0113,0.0718,0.2147,,,,,,,0.0524,,,,,1.0,none,6abc2fdbd4790f31f92f59cf3be0baf644d35aeb3c85557363f8320b5bc8186b,3a7d76d31dbc48698e0d612211adda7139370d28bb2fdb95b29616ba69cc15d2,1.9534,0.0012,1.9546,0.0255,0.0477,0.0732
Cora,GraphSAGE,epsd_tuned,"{""lambda_epsd"": 1.0}",3141,0.81,0.00144,0.0,0.8818,0.8718,0.9818,0.0206,0.0564,0.0393,0.1288,-0.0186,0.584,0.5739,0.0126,0.0582,0.1687,0.59,0.5507,0.0124,0.0526,0.1872,0.5897,0.587,0.0139,0.0557,0.1848,,,,,,,0.0684,,,,,1.0,none,ebdb4ec3c45aa36d033e06658ca27eaf8de63ee55346876ccb8696c68a539578,a37fff30fe6d8bf33d0f5b628913c9880afbb713a4eee0ccbb5121c1e6de2ee5,1.9533,0.0012,1.9545,0.0265,0.0445,0.0711
Cora,GraphSAGE,epsd_tuned,"{""lambda_epsd"": 1.0}",5000,0.81,0.00144,0.0,0.8833,0.8757,0.9836,0.0234,0.0622,0.0416,0.1318,-0.0183,0.6195,0.5826,0.0125,0.0656,0.2,0.606,0.5615,0.0125,0.0678,0.1877,0.6055,0.5837,0.0125,0.0678,0.1838,,,,,,,0.057,,,,,1.0,none,ad73fcde180699ac10c38472baab9cd0888648c0a17e8f49a2eb42211c9b37f5,9789eefadc9383d0f35e0ba56799085f86e6ac283eb9380a859ab14d840a84ef,1.9458,0.0011,1.9469,0.0304,0.0474,0.0778
Cora,GraphSAGE,epsd_tuned,"{""lambda_epsd"": 1.0}",7777,0.81,0.00144,0.0,0.8678,0.8564,0.982,0.0203,0.0577,0.0384,0.1087,-0.018,0.6381,0.6089,0.0235,0.0735,0.2158,0.621,0.5742,0.0166,0.0528,0.2095,0.6206,0.6002,0.0173,0.0528,0.208,,,,,,,0.0646,,,,,1.0,none,35070d43596c87d7c4df49c888772b71fac0dde991d3ea0ff73d75e4e20b9b38,6fbe9644dd1400d8aa40712425f371c9a8868be9b068b2a73aea765e2678f6a3,1.9472,0.0012,1.9484,0.0316,0.0422,0.0738
Cora,GraphSAGE,epsd_tuned,"{""lambda_epsd"": 1.0}",9999,0.81,0.00144,0.0,0.8759,0.8731,0.9841,0.0219,0.0596,0.0421,0.1119,-0.0202,0.6105,0.5872,0.008,0.0719,0.2117,0.615,0.564,0.0208,0.0849,0.2099,0.615,0.6022,0.0208,0.0849,0.2106,,,,,,,0.0597,,,,,1.0,none,4bec9ae45b0602ccaef05d7c21fe186b2fa602c1091ae5b4589cfc9e723b7bd4,556374a43f04ebe6ddb0fa86e1d2a5d5e7be20b5098b696d13fb185acd69aa7e,1.9366,0.0013,1.9378,0.0281,0.0472,0.0753
Citeseer,LogReg,none,{},42,0.7355,0.000823,0.0785,0.7067,0.6843,0.8984,,,,,,0.7198,0.7389,0.0126,0.0567,0.496,0.7317,0.6578,0.0142,0.0594,0.5006,0.7464,0.7454,0.0347,0.1126,0.4975,,,,,,,0.07,,,,,0.0,none,N/A,d8cd59a1e65a5127710a558cc34519c538f14c0f38a7fd4e8634b97a62bcaf8b,,,,,,
Citeseer,LogReg,none,{},123,0.7355,0.000823,0.091,0.7061,0.6772,0.9083,,,,,,0.7308,0.7368,0.0159,0.0809,0.4829,0.7249,0.6571,0.0037,0.046,0.4822,0.7721,0.7383,0.046,0.1368,0.4871,,,,,,,0.0661,,,,,0.0,none,N/A,29ac8bce1ceb32db93cff254e2ab8e894414f870f3eed777b8fd7dc2cd9c0a24,,,,,,
Citeseer,LogReg,none,{},456,0.7355,0.000823,0.0773,0.7085,0.6809,0.9119,,,,,,0.7317,0.7407,0.0176,0.0779,0.4948,0.7211,0.6536,0.0093,0.0516,0.4757,0.7585,0.7379,0.0541,0.1468,0.4789,,,,,,,0.0597,,,,,0.0,none,N/A,3e76a814f8e304c6ed208b0d61fb950d915248956ecd44eba12b662d322c5648,,,,,,
Citeseer,LogReg,none,{},789,0.7355,0.000823,0.073,0.7103,0.6788,0.9136,,,,,,0.7173,0.726,0.0225,0.0637,0.4615,0.7283,0.6543,0.0145,0.0641,0.4852,0.7669,0.7373,0.0478,0.1515,0.4846,,,,,,,0.0671,,,,,0.0,none,N/A,e289e9a7b8117b2ed98bb027c57b56952ee53a25b98bde7af899c8d4ee01ade0,,,,,,
Citeseer,LogReg,none,{},1024,0.7355,0.000823,0.0786,0.7013,0.6572,0.904,,,,,,0.7166,0.7362,0.0224,0.0758,0.4813,0.7289,0.6617,0.0135,0.064,0.4932,0.7954,0.7432,0.0461,0.2036,0.4871,,,,,,,0.0641,,,,,0.0,none,N/A,f897ef5ed9ca438a2fd684ecb8e667d9ca0dde0c74c3cb8601bd002547c0a623,,,,,,
Citeseer,LogReg,none,{},2024,0.7355,0.000823,0.0786,0.7157,0.6861,0.9095,,,,,,0.7523,0.7371,0.0261,0.1216,0.4835,0.7274,0.6538,0.0093,0.0628,0.4842,0.7598,0.7387,0.0404,0.1535,0.4798,,,,,,,0.07,,,,,0.0,none,N/A,f93157d771ce87cbb2d29f4920ab0ddb6afcc61d3d6bbea80a1791c51e4665c0,,,,,,
Citeseer,LogReg,none,{},3141,0.7355,0.000823,0.0742,0.7043,0.6788,0.9055,,,,,,0.7455,0.7516,0.0163,0.0889,0.5111,0.7371,0.6686,0.0063,0.0591,0.4956,0.7845,0.7491,0.0447,0.1604,0.4994,,,,,,,0.0694,,,,,0.0,none,N/A,4565471be1fe9daf114a01d45a6a734deafc120083534f0b6cb7cdf3b8c88ca6,,,,,,
Citeseer,LogReg,none,{},5000,0.7355,0.000823,0.079,0.7188,0.6883,0.9134,,,,,,0.7279,0.7333,0.0138,0.0629,0.4777,0.7331,0.6611,0.015,0.0579,0.4885,0.7597,0.7405,0.0274,0.1371,0.4916,,,,,,,0.0479,,,,,0.0,none,N/A,daff43f5da4c3b4058cf5c6f6bf98d9ef65602f2a3024e4a56e7090130ec3b21,,,,,,
Citeseer,LogReg,none,{},7777,0.7355,0.000823,0.0901,0.6965,0.6604,0.9034,,,,,,0.763,0.7609,0.0186,0.0782,0.5257,0.7505,0.6757,0.0158,0.0656,0.5085,0.763,0.7546,0.0334,0.1199,0.511,,,,,,,0.06,,,,,0.0,none,N/A,f6e1fd6a764793d3f882957aa59b5a12119b36a7930a6f2e2f08f3843c680b8a,,,,,,
Citeseer,LogReg,none,{},9999,0.7355,0.000823,0.0725,0.7127,0.6758,0.9048,,,,,,0.7345,0.7344,0.0194,0.0749,0.4848,0.7182,0.6507,0.0094,0.0629,0.4795,0.754,0.741,0.0428,0.1429,0.4852,,,,,,,0.0671,,,,,0.0,none,N/A,3c5ec44ca956ec15abdb0c4f4597ab0fbaca68f110df77c022bfc99db456e20c,,,,,,
Citeseer,MLP,none,{},42,0.7355,0.000823,1.0991,0.7001,0.6754,0.8975,,,,,,0.8205,0.7568,0.0202,0.0946,0.6598,0.8377,0.7785,0.0142,0.1071,0.6832,0.8368,0.7995,0.0186,0.1071,0.6807,,,,,,,0.1994,,,,,0.0,none,N/A,7b32242f82086df0533ee57819e888e876d4300db487f9db0f148cb001377c5f,,,,,,
Citeseer,MLP,none,{},123,0.7355,0.000823,0.8046,0.7133,0.6864,0.9028,,,,,,0.826,0.7761,0.0208,0.0858,0.6598,0.8293,0.7748,0.0209,0.0853,0.6712,0.8279,0.8086,0.0215,0.0859,0.6699,,,,,,,0.1768,,,,,0.0,none,N/A,876e2f232f80464744b362ade325f016322dc5d21942b4fee4f6120802e57fe2,,,,,,
Citeseer,MLP,none,{},456,0.7355,0.000823,1.3081,0.7103,0.684,0.9042,,,,,,0.8287,0.7724,0.0239,0.1068,0.6915,0.833,0.773,0.0168,0.0933,0.6965,0.8321,0.7942,0.0162,0.097,0.6934,,,,,,,0.1855,,,,,0.0,none,N/A,59d672d7eb394b572e67336b8cc7e94e7354db08b9e0cffb82bcbb90fa2d2c80,,,,,,
Citeseer,MLP,none,{},789,0.7355,0.000823,0.8368,0.7278,0.7015,0.9139,,,,,,0.8233,0.7668,0.0275,0.0986,0.6487,0.8323,0.7693,0.0264,0.1087,0.6776,0.8315,0.7976,0.0283,0.11,0.6757,,,,,,,0.1581,,,,,0.0,none,N/A,161432acfc727cbbf410a330925d44c871617d2d25ba4299bcb27e146821acb2,,,,,,
Citeseer,MLP,none,{},1024,0.7355,0.000823,0.8573,0.7067,0.6695,0.9005,,,,,,0.8234,0.7706,0.0236,0.1366,0.6619,0.8324,0.7743,0.0154,0.1021,0.6691,0.8307,0.8143,0.016,0.1015,0.6691,,,,,,,0.1752,,,,,0.0,none,N/A,d0dfc8f27f4b4b0a9f8cdbb4381d367edcf418e922b21bad0d6cf52964f2cf0d,,,,,,
Citeseer,MLP,none,{},2024,0.7355,0.000823,0.778,0.7181,0.6913,0.9076,,,,,,0.8385,0.7837,0.0285,0.1253,0.6639,0.8314,0.7682,0.0193,0.097,0.6687,0.8305,0.8011,0.0205,0.0976,0.6675,,,,,,,0.1701,,,,,0.0,none,N/A,0c7ab286758111e7cdf0f06ee5e5c6c39e05466e76721b59739d499a50466f19,,,,,,
Citeseer,MLP,none,{},3141,0.7355,0.000823,1.1762,0.6977,0.675,0.9064,,,,,,0.8365,0.795,0.015,0.0613,0.6917,0.8397,0.7824,0.0214,0.0755,0.6899,0.8384,0.8044,0.022,0.0774,0.6874,,,,,,,0.1953,,,,,0.0,none,N/A,eababb7675e71a37a82bbb8fcf10d8a7dcad9c895596ba2324911ed6273af12c,,,,,,
Citeseer,MLP,none,{},5000,0.7355,0.000823,0.7956,0.7224,0.6895,0.9087,,,,,,0.8367,0.7857,0.0352,0.1094,0.6933,0.8379,0.7732,0.0299,0.1072,0.6847,0.8367,0.8162,0.0299,0.1084,0.6847,,,,,,,0.1556,,,,,0.0,none,N/A,f0254f9ef23bfb80b51b7c9ffd7dd7de39a1b3e69bef6bd7fa28b511ed61d33f,,,,,,
Citeseer,MLP,none,{},7777,0.7355,0.000823,0.7617,0.7049,0.6708,0.8972,,,,,,0.8551,0.8114,0.0323,0.1191,0.7135,0.848,0.788,0.0309,0.1155,0.6991,0.8469,0.8211,0.0309,0.1174,0.6991,,,,,,,0.1776,,,,,0.0,none,N/A,222db398399ff9698077329ee5e00a75d3fa2ddaa8891de6379857216fb4f840,,,,,,
Citeseer,MLP,none,{},9999,0.7355,0.000823,0.7514,0.6965,0.6624,0.9003,,,,,,0.8315,0.7785,0.0401,0.1227,0.6697,0.8301,0.7646,0.0214,0.1026,0.6696,0.8284,0.815,0.022,0.1013,0.6702,,,,,,,0.1805,,,,,0.0,none,N/A,3669a725a8c30760383d2173c6c7cac0907303cbd6a46ad4c81d4a4dbd729e71,,,,,,
Citeseer,GCN,none,{},42,0.7355,0.000823,0.0,0.7218,0.6936,0.9083,0.0781,0.2433,0.0493,0.1749,0.0288,0.6189,0.6188,0.0277,0.0668,0.2544,0.6323,0.5842,0.0198,0.065,0.258,0.6434,0.633,0.013,0.0891,0.2729,,,,,,,0.1731,,,,,0.0,none,6b86470a833c4a4cb051e2109ab20025cd78659d301ba74f1d03fe8faa7d05f7,92545275b250a54e16bc5613ffd2e4900fe00216e53bd60ce4689e06ed2be4f0,1.7985,0.0,1.7985,0.1239,0.0,0.1239
Citeseer,GCN,none,{},123,0.7355,0.000823,0.0,0.7224,0.6989,0.9162,0.0738,0.2364,0.0538,0.1844,0.02,0.6198,0.6196,0.0147,0.0833,0.241,0.6283,0.5785,0.0196,0.0675,0.2589,0.636,0.6316,0.0184,0.0896,0.2669,,,,,,,0.1674,,,,,0.0,none,cf24ad8cda0e66d03e99bebee9913a6dd1addb3f952b0f605c10d2e0443ef547,1ee837229e2fc96c77721c6e102a927e2055947b4a091e5170f500f7b6442af4,1.7994,0.0,1.7994,0.1396,0.0,0.1396
Citeseer,GCN,none,{},456,0.7355,0.000823,0.0,0.72,0.6909,0.9167,0.0755,0.2258,0.0523,0.177,0.0232,0.6327,0.615,0.0163,0.0553,0.254,0.6293,0.5821,0.0174,0.0591,0.2475,0.6459,0.6253,0.018,0.0896,0.2556,,,,,,,0.1561,,,,,0.0,none,02bbb958ab328e747e41fbebf0393e2fc62de14f101d0f0a176ea54ea313f713,a29f0d471fc09f11acd34734d68319ade85f89c42d04d5e36918d3a18fb073a1,1.804,0.0,1.804,0.1603,0.0,0.1603
Citeseer,GCN,none,{},789,0.7355,0.000823,0.0,0.7266,0.6981,0.9225,0.0811,0.2472,0.0497,0.1717,0.0314,0.6058,0.6141,0.0125,0.0649,0.2326,0.6188,0.5657,0.0151,0.0647,0.2495,0.6439,0.6273,0.0138,0.0937,0.2602,,,,,,,0.1592,,,,,0.0,none,2c97ee1663185174dfd38034a1e216a4544860d82d4ebd5f22e7c2b22222b240,9ef832e3ad6262603573ddb70b5733eca568aea7df238b5e281a83d2a298359d,1.7892,0.0,1.7892,0.1606,0.0,0.1606
Citeseer,GCN,none,{},1024,0.7355,0.000823,0.0,0.7266,0.6898,0.9153,0.0772,0.2313,0.0538,0.1881,0.0234,0.6298,0.6193,0.0137,0.0745,0.2573,0.6196,0.5677,0.0141,0.0566,0.2497,0.6328,0.6285,0.0166,0.0726,0.262,,,,,,,0.1606,,,,,0.0,none,136ed2b8434d5fa58926d5aca22cb1579a1b50bf2e06db14224a89e894a790af,5f791ae38e6af6d13b90f07fc7c0de1f1c1e36e7b0fbc363573c17ffdbe87d41,1.7853,0.0,1.7853,0.142,0.0,0.142
Citeseer,GCN,none,{},2024,0.7355,0.000823,0.0,0.747,0.7207,0.9184,0.0739,0.2204,0.0541,0.1895,0.0198,0.6101,0.6066,0.0136,0.0695,0.2194,0.6088,0.5606,0.0112,0.0646,0.2262,0.6223,0.6184,0.023,0.0833,0.2387,,,,,,,0.1423,,,,,0.0,none,32b0aa4f57b2811834d767b074d89106a2d7ea5e6202b0139917dcf842ca944f,d4fda645f2d2b025bb4a1bd100d6c190c07f0c94d4b42e8724b54085c30f3d46,1.7934,0.0,1.7934,0.1634,0.0,0.1634
Citeseer,GCN,none,{},3141,0.7355,0.000823,0.0,0.7031,0.6777,0.916,0.0799,0.2484,0.0468,0.1564,0.0331,0.6432,0.6302,0.01,0.0713,0.286,0.6418,0.5881,0.0119,0.0667,0.2723,0.6547,0.6374,0.0233,0.0887,0.2874,,,,,,,0.1728,,,,,0.0,none,edbe8b63de5656d791e50a37c59bdb17c31a042928d615179287f370ed2226c6,0d1e97d3bbd9cde5e8a7ee7835b08736ebc6ec0239f9c130cd61ec34b1918e63,1.812,0.0,1.812,0.1412,0.0,0.1412
Citeseer,GCN,none,{},5000,0.7355,0.000823,0.0,0.744,0.7123,0.9229,0.0777,0.238,0.0519,0.1734,0.0258,0.6174,0.6125,0.005,0.0692,0.2328,0.6134,0.5664,0.0056,0.0654,0.2287,0.6344,0.6159,0.0262,0.0872,0.2393,,,,,,,0.141,,,,,0.0,none,71282808175d02421cf6a21cef5a58a07584da8c15a275ad0190f80cb626355d,a30e33c60a61fa9b46016ca1634644aa1e55c801fb46754692c7136e50c33748,1.7989,0.0,1.7989,0.1468,0.0,0.1468
Citeseer,GCN,none,{},7777,0.7355,0.000823,0.0,0.7206,0.6879,0.9162,0.0792,0.2374,0.0511,0.1726,0.0281,0.6394,0.6297,0.0062,0.0695,0.2658,0.6344,0.583,0.0095,0.0681,0.2599,0.648,0.6353,0.0227,0.0852,0.2808,,,,,,,0.1621,,,,,0.0,none,6c0c379c2c0b0053e7c93694b446c815d2a9a9b5bcb0b9cf6dc05f11daa03ee2,bc28c7e1b406a17362280d57f1d7ebc38fae5cf03ffe5f91c5b2e5b52a3d18a2,1.7884,0.0,1.7884,0.1502,0.0,0.1502
Citeseer,GCN,none,{},9999,0.7355,0.000823,0.0,0.723,0.6936,0.9123,0.08,0.2472,0.0478,0.1641,0.0322,0.6469,0.6142,0.0168,0.0711,0.2562,0.6249,0.5727,0.0208,0.0705,0.2423,0.6409,0.6237,0.0176,0.0887,0.2694,,,,,,,0.1655,,,,,0.0,none,0dc3a039dba8dc952cfa1dc26f6f5db108639611f1941876f682bafd4dfef468,1f81ce1cd1a568a372c5e50648ebc9390e95d84e7bc8f3afde8589a34dd31a59,1.7926,0.0,1.7926,0.1463,0.0,0.1463
Citeseer,GCN,dropedge,"{""rate"": 0.3}",42,0.7355,0.000823,0.0,0.729,0.6983,0.9118,0.0655,0.2181,0.0444,0.1629,0.0211,0.6263,0.6064,0.0252,0.0631,0.2296,0.6362,0.5891,0.0167,0.0619,0.2265,0.6514,0.6275,0.0291,0.0774,0.2624,,,,,,,0.1506,,,,,0.0,none,1285a5d9c3270ac14c6244a72061cd41a7e00e579a42734bb651b6b1ac8f4f30,ebd06cd12024256d549d3a3f6b52c3b9e86af3127616d27faa4240f806a08b25,1.8036,0.0,1.8036,0.1974,0.0,0.1974
Citeseer,GCN,dropedge,"{""rate"": 0.3}",123,0.7355,0.000823,0.0,0.729,0.7028,0.9171,0.0619,0.2102,0.0478,0.1681,0.0141,0.6364,0.611,0.0282,0.0711,0.235,0.6335,0.584,0.0209,0.0656,0.2301,0.6503,0.6163,0.0178,0.0957,0.2454,,,,,,,0.1424,,,,,0.0,none,866b26f927f345b4da8167267cae7e32182b47318e271707f66483737721fadc,56cc70d54efc393974d79ea1c72087e87dde9fb28eee350eba6a7c13a05e38df,1.8023,0.0,1.8023,0.2092,0.0,0.2092
Citeseer,GCN,dropedge,"{""rate"": 0.3}",456,0.7355,0.000823,0.0,0.7368,0.7042,0.9214,0.0636,0.2019,0.0477,0.1681,0.0159,0.6342,0.602,0.0088,0.0716,0.2245,0.6319,0.5871,0.0124,0.0715,0.2139,0.6456,0.6188,0.0243,0.0852,0.2432,,,,,,,0.1239,,,,,0.0,none,0cce02decc51bc8b3033513e73c16a859215c2bec5180598b17fd9768ef86362,30fbfc0dd14bff313925ff097c87a870727d2dd3ac22f40f20924ed2cdff3dda,1.8017,0.0,1.8017,0.2184,0.0,0.2184
Citeseer,GCN,dropedge,"{""rate"": 0.3}",789,0.7355,0.000823,0.0,0.7284,0.6966,0.9259,0.0677,0.2209,0.0446,0.1594,0.0231,0.6146,0.6072,0.01,0.0424,0.2156,0.6273,0.5814,0.0119,0.0585,0.2307,0.6423,0.6182,0.0132,0.0748,0.2432,,,,,,,0.1316,,,,,0.0,none,ca91354e09e6a1bbc902427df28e4e5d51bd27ec5a3c688611ec462adea17faf,4ef19ca84f4e33b3b4d43d5256d9360856e080e9ddceebc426072eeba125457d,1.7905,0.0,1.7905,0.2342,0.0,0.2342
Citeseer,GCN,dropedge,"{""rate"": 0.3}",1024,0.7355,0.000823,0.0,0.7362,0.6982,0.9169,0.0627,0.1985,0.0486,0.1744,0.014,0.6192,0.6113,0.0112,0.0398,0.2403,0.6244,0.5732,0.0111,0.059,0.2226,0.6417,0.6205,0.0191,0.0726,0.2478,,,,,,,0.1342,,,,,0.0,none,6b20946b54c8f3a35d679a1558f0ded8b52a797a39e7dc87ff2295f2b9dd88f0,d54640a428b2e423f56cfa757017fc3e8e76aec68fd1807ec179443d14da8196,1.7886,0.0,1.7886,0.2198,0.0,0.2198
Citeseer,GCN,dropedge,"{""rate"": 0.3}",2024,0.7355,0.000823,0.0,0.7464,0.7109,0.9214,0.0613,0.1939,0.0499,0.1777,0.0115,0.6139,0.5979,0.0174,0.0695,0.1995,0.6139,0.5668,0.0162,0.0677,0.2063,0.635,0.6075,0.0186,0.0851,0.2194,,,,,,,0.1208,,,,,0.0,none,1fc24f8f01e58a64891808f9901ac4e06a85d48e7e5f488ddb6dd89072185230,5c76344b9a3725d08b55f247cba6e5966afc8b287bb9cc584dfcc33e6d421143,1.7882,0.0,1.7882,0.2383,0.0,0.2383
Citeseer,GCN,dropedge,"{""rate"": 0.3}",3141,0.7355,0.000823,0.0,0.7127,0.688,0.9151,0.0683,0.2291,0.0421,0.1522,0.0262,0.6483,0.617,0.0063,0.0513,0.275,0.6468,0.595,0.0094,0.0591,0.2434,0.6552,0.628,0.0233,0.0849,0.2667,,,,,,,0.1469,,,,,0.0,none,be7c3248c8cad98b842016eca59cb9c9c9c374fd3703c6dd3fe608d264cc35f2,3dd0b6da0c9a4ff9cf83419b01f3fdbd5087c5040a71a01261dd5951687ed35e,1.818,0.0,1.818,0.201,0.0,0.201
Citeseer,GCN,dropedge,"{""rate"": 0.3}",5000,0.7355,0.000823,0.0,0.7446,0.7089,0.9211,0.0662,0.2189,0.048,0.1615,0.0183,0.633,0.6,0.0063,0.0566,0.2169,0.6228,0.5794,0.0093,0.0579,0.2112,0.645,0.6131,0.0218,0.0804,0.2312,,,,,,,0.1204,,,,,0.0,none,e9bc02d58a6853b984e9296cde53a2dfb0341c0aac359453eb5076cf415c8ee2,27279005e94538406c2ecaf4b930d0a3f3997ae650510fb4731a8d3a90eb5f75,1.7983,0.0,1.7983,0.2208,0.0,0.2208
Citeseer,GCN,dropedge,"{""rate"": 0.3}",7777,0.7355,0.000823,0.0,0.7284,0.6969,0.9173,0.0622,0.2045,0.0444,0.1522,0.0178,0.6489,0.6069,0.0099,0.0682,0.2371,0.6442,0.5918,0.0126,0.0763,0.2284,0.6532,0.629,0.0353,0.0789,0.2707,,,,,,,0.1378,,,,,0.0,none,5b6dca6af2121a21ae6604a80faf4de18edf4d92288c3c75ca7fe95cbdabdd68,ff0766fc01bd29232a5b4149e8e1b54edb1458243d1c755a83a24eaf45cb04ae,1.7881,0.0,1.7881,0.1992,0.0,0.1992
Citeseer,GCN,dropedge,"{""rate"": 0.3}",9999,0.7355,0.000823,0.0,0.7206,0.687,0.9154,0.0676,0.2235,0.0429,0.1502,0.0247,0.6447,0.6054,0.022,0.0866,0.2353,0.6315,0.5872,0.0189,0.0705,0.2266,0.6509,0.6306,0.0239,0.0969,0.2681,,,,,,,0.152,,,,,0.0,none,d6bea95c3d2b9611da6736c5bb21c582e20d7f8cf5ad11995bd0a6072aefb167,6ef3d90794f05924eabc163fc214485d1e2b4daf52fddc4ca3317200f73056e9,1.7921,0.0,1.7921,0.2003,0.0,0.2003
Citeseer,GCN,label_smoothing,"{""alpha"": 0.1}",42,0.7355,0.000823,0.0,0.726,0.6974,0.8979,0.0756,0.1813,0.0469,0.1317,0.0288,0.6425,0.6219,0.0151,0.0416,0.2699,0.6543,0.62,0.0118,0.0384,0.2748,0.6648,0.6457,0.0223,0.0619,0.3193,,,,,,,0.0701,,,,,0.0,none,d533f5cc053052aa87adb859b08c29654ff4b50208de8899d3173db82df00c48,4363c05e597cdff54764fdb2d8ee80ff0be0c16bd05560a14e68f49581e2fa68,1.7982,0.0,1.7982,0.5488,0.0,0.5488
Citeseer,GCN,label_smoothing,"{""alpha"": 0.1}",123,0.7355,0.000823,0.0,0.7188,0.6944,0.9065,0.0697,0.1757,0.0495,0.1338,0.0202,0.642,0.6098,0.0159,0.0735,0.2519,0.6382,0.5969,0.0098,0.0307,0.2693,0.633,0.6347,0.0215,0.0791,0.2736,,,,,,,0.0648,,,,,0.0,none,0a5992dab3e2eee0903772f6ecaa473566cae0ab8e15b3b16c1a4f2b91f22840,ccbaaeb49737842afea971cbef7a770fe113e9284e818331dbcd3ba6083efc45,1.7989,0.0,1.7989,0.5586,0.0,0.5586
Citeseer,GCN,label_smoothing,"{""alpha"": 0.1}",456,0.7355,0.000823,0.0,0.7133,0.6849,0.9049,0.0727,0.1714,0.0458,0.1193,0.0269,0.65,0.6175,0.0038,0.0327,0.2662,0.6473,0.6119,0.0056,0.0299,0.2593,0.6537,0.6365,0.01,0.0697,0.301,,,,,,,0.0489,,,,,0.0,none,0f31c41b851b20625eb16b6532e743d47392080c473f1301373c0bfa8ff26c17,76bc83e17bb428d509a4b6a7f5cd90bd82bbdaf605be0f3829481366473ce7ad,1.803,0.0,1.803,0.5713,0.0,0.5713
Citeseer,GCN,label_smoothing,"{""alpha"": 0.1}",789,0.7355,0.000823,0.0,0.726,0.6946,0.914,0.0761,0.1861,0.0466,0.1287,0.0294,0.6127,0.6097,0.0,0.0187,0.2343,0.6305,0.5933,0.0038,0.0295,0.2539,0.6287,0.6257,0.0163,0.0723,0.2684,,,,,,,0.0558,,,,,0.0,none,f197675cd23ef07320681447f3d2bcdd84a438d485c449c1e0851adcb0d9342b,3747d2b268070e47fa8e93f5159c531e586bbf0583027e228cef574dca9e5462,1.7897,0.0,1.7897,0.573,0.0,0.573
Citeseer,GCN,label_smoothing,"{""alpha"": 0.1}",1024,0.7355,0.000823,0.0,0.729,0.6913,0.9054,0.0728,0.169,0.0489,0.1365,0.0238,0.6335,0.6212,0.0062,0.0311,0.2657,0.6375,0.6046,0.0037,0.0326,0.2565,0.6441,0.6396,0.0062,0.0418,0.2921,,,,,,,0.0513,,,,,0.0,none,b4c2d64856e4dbea18055bc5333be3f098ac74006004ada429677543050a8d0a,89444b03d43f6b062e1c29124f35ede01a48bf09f632419c4c2f649a1e451e8f,1.7862,0.0,1.7862,0.5604,0.0,0.5604
Citeseer,GCN,label_smoothing,"{""alpha"": 0.1}",2024,0.7355,0.000823,0.0,0.7422,0.7121,0.9096,0.0703,0.1662,0.0499,0.1354,0.0204,0.6249,0.6085,0.0037,0.0298,0.2281,0.6244,0.5898,0.0037,0.0305,0.2374,0.6281,0.624,0.0056,0.028,0.2536,,,,,,,0.0415,,,,,0.0,none,c55a0caad1ee52eef9c35a8b51aa597354d3a5a2b204d2173eddd5042c99fa07,5557d57f10cd1c2024bc33041884a6394e02d18bc592ea7351fe0f68223838bd,1.7935,0.0,1.7935,0.5749,0.0,0.5749
Citeseer,GCN,label_smoothing,"{""alpha"": 0.1}",3141,0.7355,0.000823,0.0,0.7031,0.6773,0.9068,0.0758,0.1841,0.0448,0.1178,0.0311,0.6529,0.6384,0.0075,0.0363,0.2981,0.6543,0.6107,0.0069,0.0352,0.2761,0.6582,0.6491,0.0176,0.056,0.3088,,,,,,,0.0625,,,,,0.0,none,4957628a19ccd836fdfdd8f502155cda9a2af56fb7b3d374163f2883356efc3a,0e1773acb6fbbc6881c7c3c09deebc063bf3d7e8e17431c0ae5c26c8c158f76c,1.8105,0.0,1.8105,0.5591,0.0,0.5591
Citeseer,GCN,label_smoothing,"{""alpha"": 0.1}",5000,0.7355,0.000823,0.0,0.7356,0.7044,0.9107,0.0747,0.1802,0.0486,0.1274,0.0261,0.6345,0.6143,0.0063,0.0176,0.2438,0.6338,0.5969,0.0056,0.0268,0.2411,0.6452,0.6327,0.0125,0.0474,0.2748,,,,,,,0.0426,,,,,0.0,none,32e4e7ed099310b751965b4db1ea56e3b41afabf8cf2bf44ce5e670d7310351b,299b084f5774fe095d57369b4ce78e6573fbd51712ef792244077a050e4cd976,1.7985,0.0,1.7985,0.5654,0.0,0.5654
Citeseer,GCN,label_smoothing,"{""alpha"": 0.1}",7777,0.7355,0.000823,0.0,0.7218,0.6895,0.9055,0.0723,0.1754,0.0475,0.1226,0.0248,0.6502,0.629,0.0025,0.0347,0.2778,0.6508,0.6076,0.0069,0.0385,0.2707,0.6521,0.6476,0.0164,0.053,0.3066,,,,,,,0.0527,,,,,0.0,none,5cde7252580642ee64f6c19ec5ae10e5a65ed3f227d1bac4f78bdf91a8667f1b,28e9f0a618f2f624ce966f90c5be812a0e6968a1f7d906bee9e1ac0bb8544d11,1.7891,0.0,1.7891,0.57,0.0,0.57
Citeseer,GCN,label_smoothing,"{""alpha"": 0.1}",9999,0.7355,0.000823,0.0,0.72,0.6878,0.8999,0.076,0.1873,0.0464,0.1181,0.0296,0.673,0.6224,0.022,0.0982,0.2772,0.6434,0.6054,0.0082,0.0447,0.2536,0.6514,0.6403,0.0094,0.0673,0.3059,,,,,,,0.0683,,,,,0.0,none,fec58747e997c9c4fac6a6fe89689580726dc4ee3bc490c87666a4ae86a94dcc,8709ede0b08ea457a2bb627e67b624b403f03e3842bb7ae0f848003f45eb4c3a,1.7929,0.0,1.7929,0.5625,0.0,0.5625
Citeseer,GCN,early_stopping,"{""patience"": 15}",42,0.7355,0.000823,0.0,0.7218,0.6936,0.9083,0.0781,0.2433,0.0493,0.1749,0.0288,0.6189,0.6188,0.0277,0.0668,0.2544,0.6323,0.5842,0.0198,0.065,0.258,0.6434,0.633,0.013,0.0891,0.2729,,,,,,,0.1731,,,,,0.0,none,6b86470a833c4a4cb051e2109ab20025cd78659d301ba74f1d03fe8faa7d05f7,92545275b250a54e16bc5613ffd2e4900fe00216e53bd60ce4689e06ed2be4f0,1.7985,0.0,1.7985,0.1239,0.0,0.1239
Citeseer,GCN,early_stopping,"{""patience"": 15}",123,0.7355,0.000823,0.0,0.7224,0.6989,0.9162,0.0738,0.2364,0.0538,0.1844,0.02,0.6198,0.6196,0.0147,0.0833,0.241,0.6283,0.5785,0.0196,0.0675,0.2589,0.636,0.6316,0.0184,0.0896,0.2669,,,,,,,0.1674,,,,,0.0,none,cf24ad8cda0e66d03e99bebee9913a6dd1addb3f952b0f605c10d2e0443ef547,1ee837229e2fc96c77721c6e102a927e2055947b4a091e5170f500f7b6442af4,1.7994,0.0,1.7994,0.1396,0.0,0.1396
Citeseer,GCN,early_stopping,"{""patience"": 15}",456,0.7355,0.000823,0.0,0.72,0.6909,0.9167,0.0755,0.2258,0.0523,0.177,0.0232,0.6327,0.615,0.0163,0.0553,0.254,0.6293,0.5821,0.0174,0.0591,0.2475,0.6459,0.6253,0.018,0.0896,0.2556,,,,,,,0.1561,,,,,0.0,none,02bbb958ab328e747e41fbebf0393e2fc62de14f101d0f0a176ea54ea313f713,a29f0d471fc09f11acd34734d68319ade85f89c42d04d5e36918d3a18fb073a1,1.804,0.0,1.804,0.1603,0.0,0.1603
Citeseer,GCN,early_stopping,"{""patience"": 15}",789,0.7355,0.000823,0.0,0.7266,0.6981,0.9225,0.0811,0.2472,0.0497,0.1717,0.0314,0.6058,0.6141,0.0125,0.0649,0.2326,0.6188,0.5657,0.0151,0.0647,0.2495,0.6439,0.6273,0.0138,0.0937,0.2602,,,,,,,0.1592,,,,,0.0,none,2c97ee1663185174dfd38034a1e216a4544860d82d4ebd5f22e7c2b22222b240,9ef832e3ad6262603573ddb70b5733eca568aea7df238b5e281a83d2a298359d,1.7892,0.0,1.7892,0.1606,0.0,0.1606
Citeseer,GCN,early_stopping,"{""patience"": 15}",1024,0.7355,0.000823,0.0,0.7266,0.6898,0.9153,0.0772,0.2313,0.0538,0.1881,0.0234,0.6298,0.6193,0.0137,0.0745,0.2573,0.6196,0.5677,0.0141,0.0566,0.2497,0.6328,0.6285,0.0166,0.0726,0.262,,,,,,,0.1606,,,,,0.0,none,136ed2b8434d5fa58926d5aca22cb1579a1b50bf2e06db14224a89e894a790af,5f791ae38e6af6d13b90f07fc7c0de1f1c1e36e7b0fbc363573c17ffdbe87d41,1.7853,0.0,1.7853,0.142,0.0,0.142
Citeseer,GCN,early_stopping,"{""patience"": 15}",2024,0.7355,0.000823,0.0,0.747,0.7207,0.9184,0.0739,0.2204,0.0541,0.1895,0.0198,0.6101,0.6066,0.0136,0.0695,0.2194,0.6088,0.5606,0.0112,0.0646,0.2262,0.6223,0.6184,0.023,0.0833,0.2387,,,,,,,0.1423,,,,,0.0,none,32b0aa4f57b2811834d767b074d89106a2d7ea5e6202b0139917dcf842ca944f,d4fda645f2d2b025bb4a1bd100d6c190c07f0c94d4b42e8724b54085c30f3d46,1.7934,0.0,1.7934,0.1634,0.0,0.1634
Citeseer,GCN,early_stopping,"{""patience"": 15}",3141,0.7355,0.000823,0.0,0.7031,0.6777,0.916,0.0799,0.2484,0.0468,0.1564,0.0331,0.6432,0.6302,0.01,0.0713,0.286,0.6418,0.5881,0.0119,0.0667,0.2723,0.6547,0.6374,0.0233,0.0887,0.2874,,,,,,,0.1728,,,,,0.0,none,edbe8b63de5656d791e50a37c59bdb17c31a042928d615179287f370ed2226c6,0d1e97d3bbd9cde5e8a7ee7835b08736ebc6ec0239f9c130cd61ec34b1918e63,1.812,0.0,1.812,0.1412,0.0,0.1412
Citeseer,GCN,early_stopping,"{""patience"": 15}",5000,0.7355,0.000823,0.0,0.744,0.7123,0.9229,0.0777,0.238,0.0519,0.1734,0.0258,0.6174,0.6125,0.005,0.0692,0.2328,0.6134,0.5664,0.0056,0.0654,0.2287,0.6344,0.6159,0.0262,0.0872,0.2393,,,,,,,0.141,,,,,0.0,none,71282808175d02421cf6a21cef5a58a07584da8c15a275ad0190f80cb626355d,a30e33c60a61fa9b46016ca1634644aa1e55c801fb46754692c7136e50c33748,1.7989,0.0,1.7989,0.1468,0.0,0.1468
Citeseer,GCN,early_stopping,"{""patience"": 15}",7777,0.7355,0.000823,0.0,0.7206,0.6879,0.9162,0.0792,0.2374,0.0511,0.1726,0.0281,0.6394,0.6297,0.0062,0.0695,0.2658,0.6344,0.583,0.0095,0.0681,0.2599,0.648,0.6353,0.0227,0.0852,0.2808,,,,,,,0.1621,,,,,0.0,none,6c0c379c2c0b0053e7c93694b446c815d2a9a9b5bcb0b9cf6dc05f11daa03ee2,bc28c7e1b406a17362280d57f1d7ebc38fae5cf03ffe5f91c5b2e5b52a3d18a2,1.7884,0.0,1.7884,0.1502,0.0,0.1502
Citeseer,GCN,early_stopping,"{""patience"": 15}",9999,0.7355,0.000823,0.0,0.723,0.6936,0.9123,0.08,0.2472,0.0478,0.1641,0.0322,0.6469,0.6142,0.0168,0.0711,0.2562,0.6249,0.5727,0.0208,0.0705,0.2423,0.6409,0.6237,0.0176,0.0887,0.2694,,,,,,,0.1655,,,,,0.0,none,0dc3a039dba8dc952cfa1dc26f6f5db108639611f1941876f682bafd4dfef468,1f81ce1cd1a568a372c5e50648ebc9390e95d84e7bc8f3afde8589a34dd31a59,1.7926,0.0,1.7926,0.1463,0.0,0.1463
Citeseer,GCN,confidence_masking,"{""top_k"": 2}",42,0.7355,0.000823,0.0,0.7218,0.6936,0.8813,0.0781,0.2433,0.0493,0.1749,0.0288,0.6419,0.6139,0.0164,0.0605,0.2483,0.631,0.5835,0.0204,0.0588,0.2525,0.6273,0.6216,0.0161,0.0755,0.2463,,,,,,,0.1988,,,,,0.0,none,6b86470a833c4a4cb051e2109ab20025cd78659d301ba74f1d03fe8faa7d05f7,92545275b250a54e16bc5613ffd2e4900fe00216e53bd60ce4689e06ed2be4f0,1.7985,0.0,1.7985,0.1239,0.0,0.1239
Citeseer,GCN,confidence_masking,"{""top_k"": 2}",123,0.7355,0.000823,0.0,0.7224,0.6989,0.8829,0.0738,0.2364,0.0538,0.1844,0.02,0.61,0.6178,0.0135,0.0723,0.2396,0.6275,0.5791,0.0221,0.0663,0.2491,0.6178,0.6175,0.008,0.0515,0.2491,,,,,,,0.1923,,,,,0.0,none,cf24ad8cda0e66d03e99bebee9913a6dd1addb3f952b0f605c10d2e0443ef547,1ee837229e2fc96c77721c6e102a927e2055947b4a091e5170f500f7b6442af4,1.7994,0.0,1.7994,0.1396,0.0,0.1396
Citeseer,GCN,confidence_masking,"{""top_k"": 2}",456,0.7355,0.000823,0.0,0.72,0.6909,0.8802,0.0755,0.2258,0.0523,0.177,0.0232,0.6273,0.615,0.0113,0.0653,0.2491,0.6265,0.5833,0.018,0.0609,0.2351,0.6124,0.615,0.0112,0.0535,0.2351,,,,,,,0.1867,,,,,0.0,none,02bbb958ab328e747e41fbebf0393e2fc62de14f101d0f0a176ea54ea313f713,a29f0d471fc09f11acd34734d68319ade85f89c42d04d5e36918d3a18fb073a1,1.804,0.0,1.804,0.1603,0.0,0.1603
Citeseer,GCN,confidence_masking,"{""top_k"": 2}",789,0.7355,0.000823,0.0,0.7266,0.6981,0.8922,0.0811,0.2472,0.0497,0.1717,0.0314,0.6297,0.6109,0.0137,0.0861,0.2308,0.6176,0.5713,0.0126,0.0629,0.2414,0.6344,0.6182,0.0138,0.0717,0.2414,,,,,,,0.1875,,,,,0.0,none,2c97ee1663185174dfd38034a1e216a4544860d82d4ebd5f22e7c2b22222b240,9ef832e3ad6262603573ddb70b5733eca568aea7df238b5e281a83d2a298359d,1.7892,0.0,1.7892,0.1606,0.0,0.1606
Citeseer,GCN,confidence_masking,"{""top_k"": 2}",1024,0.7355,0.000823,0.0,0.7266,0.6898,0.8849,0.0772,0.2313,0.0538,0.1881,0.0234,0.6519,0.6193,0.0149,0.0571,0.2525,0.6183,0.5726,0.0148,0.0554,0.2417,0.6282,0.6202,0.016,0.0664,0.2417,,,,,,,0.1864,,,,,0.0,none,136ed2b8434d5fa58926d5aca22cb1579a1b50bf2e06db14224a89e894a790af,5f791ae38e6af6d13b90f07fc7c0de1f1c1e36e7b0fbc363573c17ffdbe87d41,1.7853,0.0,1.7853,0.142,0.0,0.142
Citeseer,GCN,confidence_masking,"{""top_k"": 2}",2024,0.7355,0.000823,0.0,0.747,0.7207,0.8938,0.0739,0.2204,0.0541,0.1895,0.0198,0.6146,0.6091,0.0124,0.0633,0.2168,0.6076,0.5618,0.0112,0.0653,0.2188,0.6089,0.6057,0.0236,0.0566,0.2188,,,,,,,0.1695,,,,,0.0,none,32b0aa4f57b2811834d767b074d89106a2d7ea5e6202b0139917dcf842ca944f,d4fda645f2d2b025bb4a1bd100d6c190c07f0c94d4b42e8724b54085c30f3d46,1.7934,0.0,1.7934,0.1634,0.0,0.1634
Citeseer,GCN,confidence_masking,"{""top_k"": 2}",3141,0.7355,0.000823,0.0,0.7031,0.6777,0.884,0.0799,0.2484,0.0468,0.1564,0.0331,0.6577,0.6396,0.0113,0.0501,0.281,0.6403,0.5931,0.0119,0.0623,0.266,0.635,0.6327,0.0107,0.0547,0.266,,,,,,,0.2027,,,,,0.0,none,edbe8b63de5656d791e50a37c59bdb17c31a042928d615179287f370ed2226c6,0d1e97d3bbd9cde5e8a7ee7835b08736ebc6ec0239f9c130cd61ec34b1918e63,1.812,0.0,1.812,0.1412,0.0,0.1412
Citeseer,GCN,confidence_masking,"{""top_k"": 2}",5000,0.7355,0.000823,0.0,0.744,0.7123,0.8911,0.0777,0.238,0.0519,0.1734,0.0258,0.6117,0.605,0.0075,0.0654,0.2266,0.6111,0.5614,0.01,0.0579,0.2218,0.611,0.6084,0.0112,0.0754,0.2193,,,,,,,0.1688,,,,,0.0,none,71282808175d02421cf6a21cef5a58a07584da8c15a275ad0190f80cb626355d,a30e33c60a61fa9b46016ca1634644aa1e55c801fb46754692c7136e50c33748,1.7989,0.0,1.7989,0.1468,0.0,0.1468
Citeseer,GCN,confidence_masking,"{""top_k"": 2}",7777,0.7355,0.000823,0.0,0.7206,0.6879,0.8869,0.0792,0.2374,0.0511,0.1726,0.0281,0.6384,0.629,0.0099,0.0744,0.2536,0.6329,0.5804,0.0076,0.0694,0.2511,0.6306,0.6227,0.0139,0.0669,0.2505,,,,,,,0.1897,,,,,0.0,none,6c0c379c2c0b0053e7c93694b446c815d2a9a9b5bcb0b9cf6dc05f11daa03ee2,bc28c7e1b406a17362280d57f1d7ebc38fae5cf03ffe5f91c5b2e5b52a3d18a2,1.7884,0.0,1.7884,0.1502,0.0,0.1502
Citeseer,GCN,confidence_masking,"{""top_k"": 2}",9999,0.7355,0.000823,0.0,0.723,0.6936,0.8804,0.08,0.2472,0.0478,0.1641,0.0322,0.6227,0.6117,0.0181,0.0646,0.2499,0.6251,0.579,0.0195,0.0711,0.2347,0.6177,0.6145,0.0088,0.0585,0.2347,,,,,,,0.1925,,,,,0.0,none,0dc3a039dba8dc952cfa1dc26f6f5db108639611f1941876f682bafd4dfef468,1f81ce1cd1a568a372c5e50648ebc9390e95d84e7bc8f3afde8589a34dd31a59,1.7926,0.0,1.7926,0.1463,0.0,0.1463
Citeseer,GCN,edge_sparsification,"{""rate"": 0.2}",42,0.7355,0.000823,0.0,0.7085,0.6788,0.9044,0.0773,0.2414,0.0498,0.1729,0.0275,0.654,0.6349,0.0214,0.0656,0.2871,0.6583,0.6027,0.0173,0.0681,0.2884,0.6641,0.6485,0.021,0.073,0.3063,,,,,,,0.1849,,,,,0.0,none,37ada6db808cb3039c0da7b2e177266c747b7da691c479db4e28cf9f0e55450d,82d6a7b1d2e4a5ea28df1cc88db66d8d4f472fe908f7a00f1cb061a46ac1efaf,1.8047,0.0,1.8047,0.109,0.0,0.109
Citeseer,GCN,edge_sparsification,"{""rate"": 0.2}",123,0.7355,0.000823,0.0,0.7073,0.6879,0.9154,0.0728,0.2311,0.0525,0.1841,0.0204,0.6511,0.6245,0.0184,0.0797,0.2692,0.6489,0.589,0.0129,0.0712,0.284,0.6529,0.6454,0.0135,0.0706,0.2933,,,,,,,0.1774,,,,,0.0,none,803168fabdcbd4ecd2c0c4d996177f89c0271fc388371434f670fa37d001d43a,354de2dca18745b7d5b7e4d29a42dd711e3dd9d14ec082f277f44466b4d8d0dd,1.7977,0.0,1.7977,0.1326,0.0,0.1326
Citeseer,GCN,edge_sparsification,"{""rate"": 0.2}",456,0.7355,0.000823,0.0,0.7194,0.6857,0.9153,0.0752,0.2238,0.0525,0.1774,0.0227,0.647,0.615,0.0151,0.0653,0.2502,0.644,0.5983,0.0211,0.0653,0.2494,0.6528,0.6353,0.0124,0.0684,0.2761,,,,,,,0.1611,,,,,0.0,none,4d366736d7ce4bffd85b71686f8592cd02352360fdbe11f3b16370a724db58ba,f591b0b45f127d3dd3b64c313a6b69be0e61c5742f1c7e159ee2ec9b71bcd85f,1.8052,0.0,1.8052,0.1465,0.0,0.1465
Citeseer,GCN,edge_sparsification,"{""rate"": 0.2}",789,0.7355,0.000823,0.0,0.7254,0.6979,0.9207,0.0791,0.2392,0.0479,0.1671,0.0312,0.6277,0.6135,0.01,0.0537,0.2411,0.6447,0.5915,0.0113,0.0597,0.2652,0.6467,0.6301,0.0119,0.0603,0.2678,,,,,,,0.1572,,,,,0.0,none,5a1912ea4eff63ca41798faf0052a60dccc1bc0af6aff38dcf6e79a6276b96e4,b0636e9be5c0cf8c7c9c65e10defe307141fb7527ac2c2c6eb136b65152e25cf,1.7899,0.0,1.7899,0.1378,0.0,0.1378
Citeseer,GCN,edge_sparsification,"{""rate"": 0.2}",1024,0.7355,0.000823,0.0,0.7067,0.6638,0.911,0.0745,0.2243,0.0528,0.1826,0.0217,0.6344,0.6267,0.0199,0.0584,0.2821,0.6399,0.5843,0.024,0.0689,0.27,0.6471,0.6411,0.0178,0.0732,0.2847,,,,,,,0.1781,,,,,0.0,none,76dadbb9a44cb43569b8030cac1169544d6bd916e489e7c40977e5c17658c9bc,0f0ab79e0b6ffd12d58153f93df2b512bd12d7fe9b5de089ed189b7d75f18c9f,1.7888,0.0,1.7888,0.1322,0.0,0.1322
Citeseer,GCN,edge_sparsification,"{""rate"": 0.2}",2024,0.7355,0.000823,0.0,0.7326,0.7052,0.9139,0.0723,0.2175,0.0552,0.1889,0.0171,0.6368,0.6109,0.0236,0.0819,0.2382,0.6395,0.5892,0.0174,0.0783,0.2411,0.6432,0.6274,0.018,0.0789,0.261,,,,,,,0.1572,,,,,0.0,none,65c9c91b1245fea20ebb0608a02b162addb18d4a3dba5eb37cdb0caab9fc1e87,6670aa04d2b7ee7f1eefc8bc1885f704dc509c8111ce174cf13b3888dc59fd28,1.7939,0.0,1.7939,0.1467,0.0,0.1467
Citeseer,GCN,edge_sparsification,"{""rate"": 0.2}",3141,0.7355,0.000823,0.0,0.7091,0.6858,0.9113,0.0774,0.2445,0.047,0.1607,0.0304,0.6633,0.6447,0.01,0.0676,0.3104,0.6555,0.6013,0.0119,0.0736,0.2799,0.6604,0.6478,0.0126,0.0736,0.2981,,,,,,,0.1745,,,,,0.0,none,ae554bac8d3b936e8c1afd3747ded68eb7baee4438f8989557de85e88d6d05b7,0dbd670d77f0def6f226d1084eb8423b32f6df33e8d0b23fe157799253736bc3,1.8111,0.0,1.8111,0.1266,0.0,0.1266
Citeseer,GCN,edge_sparsification,"{""rate"": 0.2}",5000,0.7355,0.000823,0.0,0.729,0.695,0.9176,0.0781,0.2384,0.0524,0.1717,0.0257,0.635,0.615,0.0138,0.0629,0.251,0.6359,0.5888,0.01,0.0604,0.248,0.6431,0.6305,0.01,0.0617,0.271,,,,,,,0.1525,,,,,0.0,none,7c8c4d15f8955d39257bacaf47f1bf6fba09a5f6f11d85964d01954c687c8e3e,a56abeb60958bafcc921c46f30c59a373c60765fc7288aa5f58acceddfa14266,1.7987,0.0,1.7987,0.1365,0.0,0.1365
Citeseer,GCN,edge_sparsification,"{""rate"": 0.2}",7777,0.7355,0.000823,0.0,0.7157,0.6805,0.914,0.0742,0.2275,0.0484,0.1633,0.0259,0.6571,0.6366,0.0062,0.0707,0.2805,0.6523,0.5975,0.0101,0.077,0.2732,0.6574,0.6435,0.0114,0.0782,0.2972,,,,,,,0.1653,,,,,0.0,none,5fe9b7d39db359754b2375cc428460006e3cab6365e2b5500088d2b18d4db978,82af6eae024b7340433462ce04a22396235e71d2559dcd65a1ee64a50c6e3492,1.7872,0.0,1.7872,0.1311,0.0,0.1311
Citeseer,GCN,edge_sparsification,"{""rate"": 0.2}",9999,0.7355,0.000823,0.0,0.72,0.6858,0.911,0.0804,0.2459,0.048,0.1647,0.0324,0.6586,0.6293,0.0297,0.0866,0.2868,0.6456,0.5925,0.0195,0.0749,0.2593,0.6474,0.6397,0.0132,0.0799,0.2838,,,,,,,0.1646,,,,,0.0,none,4ebe2ee06ce5ee31e25e7ac9de3c33951048c5f5deb2830239bb7713315bcb8d,a32482731363e2401ef4eaea16a1ec2540a79568f24754cc06b1a7eca6d4d0c6,1.797,0.0,1.797,0.1254,0.0,0.1254
Citeseer,GCN,epsd_tuned,"{""lambda_epsd"": 1.0}",42,0.7355,0.000823,0.0,0.7278,0.6988,0.9082,0.0402,0.1442,0.0469,0.1725,-0.0067,0.6142,0.612,0.024,0.0668,0.2415,0.627,0.5823,0.0217,0.0594,0.245,0.6439,0.6219,0.0254,0.0947,0.2519,,,,,,,0.173,,,,,1.0,none,ef8673d6b33e5afe5c0487d6ceff5e7f3f24ec4c82c561193a8acb147b314273,80175f8a628675aebff56d8ab7ab722c3cda4bbeb726576eedd7792fe20812ef,1.7985,0.0021,1.8006,0.1287,0.0678,0.1965
Citeseer,GCN,epsd_tuned,"{""lambda_epsd"": 1.0}",123,0.7355,0.000823,0.0,0.7308,0.7083,0.9156,0.0389,0.1342,0.0511,0.1815,-0.0122,0.6078,0.6104,0.0147,0.0662,0.236,0.6228,0.5699,0.0184,0.0712,0.2503,0.6333,0.6196,0.0184,0.0767,0.2564,,,,,,,0.164,,,,,1.0,none,243d09bacda6eb5bbc9364b3aecffc0cadacca943c2cf36a0e0958754582cbf0,15c8ba351cea9303fff46fdfd61d8e6092fa883a9f96f916aade0cab3bd29186,1.7994,0.0018,1.8012,0.1468,0.0729,0.2197
Citeseer,GCN,epsd_tuned,"{""lambda_epsd"": 1.0}",456,0.7355,0.000823,0.0,0.723,0.6932,0.9163,0.0369,0.1173,0.0491,0.1753,-0.0122,0.6192,0.5989,0.0226,0.0704,0.2455,0.6216,0.574,0.0106,0.0628,0.2357,0.6456,0.6163,0.018,0.0964,0.2413,,,,,,,0.1588,,,,,1.0,none,6b69fcfbf8e53f66e09dcfb1ef6ebc9d51af9aa2c066604df7358ebc269fca76,b482950d766397c69a19071f965561fefa9c64f87174868ac08c8cc6100b7c3a,1.804,0.0018,1.8058,0.1634,0.0689,0.2323
Citeseer,GCN,epsd_tuned,"{""lambda_epsd"": 1.0}",789,0.7355,0.000823,0.0,0.7308,0.7013,0.9233,0.0422,0.1431,0.0466,0.169,-0.0044,0.607,0.6128,0.03,0.0924,0.2331,0.6151,0.5676,0.0107,0.0541,0.2483,0.642,0.6182,0.0201,0.0974,0.2552,,,,,,,0.1567,,,,,1.0,none,3360153c13f7254e99c24ecd9cd311c1bacea7ee1714d0dc9ad143f69d541283,63207e5024c533a4958a03e0d17526d08f4965401a9c880ec12c12bf52f20f55,1.7892,0.0018,1.7909,0.1637,0.0761,0.2398
Citeseer,GCN,epsd_tuned,"{""lambda_epsd"": 1.0}",1024,0.7355,0.000823,0.0,0.7254,0.6854,0.9166,0.0397,0.1338,0.0509,0.1886,-0.0112,0.6056,0.6181,0.0137,0.0385,0.2455,0.6138,0.5578,0.0135,0.051,0.2435,0.638,0.6132,0.0197,0.0836,0.2454,,,,,,,0.1683,,,,,1.0,none,7712ed2f561e350fa50c30935aedc6a21b295976bf49050069e2e790735ee742,0b06c12512a29dc6e6b508da615efec061fd3e28448ed9b242df54f3b977cbd5,1.7853,0.0019,1.7872,0.152,0.0694,0.2214
Citeseer,GCN,epsd_tuned,"{""lambda_epsd"": 1.0}",2024,0.7355,0.000823,0.0,0.7452,0.7142,0.9195,0.0364,0.1184,0.0526,0.1905,-0.0162,0.5919,0.6029,0.0136,0.0558,0.213,0.6012,0.5531,0.0124,0.0646,0.2206,0.6292,0.6025,0.0342,0.0907,0.2225,,,,,,,0.1493,,,,,1.0,none,95510897d6c74a89e543c1c86b0016ac19da9795f4d5c047ce6a9ac570bd6cbe,491c2569834adc8229ed20e6f139abc868fb9193cd4feb1274a9f676be573f1c,1.7934,0.0016,1.795,0.1639,0.0731,0.2369
Citeseer,GCN,epsd_tuned,"{""lambda_epsd"": 1.0}",3141,0.7355,0.000823,0.0,0.7163,0.6888,0.9145,0.042,0.1471,0.0452,0.1604,-0.0032,0.6376,0.6157,0.01,0.0538,0.2735,0.6351,0.5836,0.0094,0.0648,0.2566,0.6551,0.6289,0.017,0.0925,0.2642,,,,,,,0.1664,,,,,1.0,none,419135b8c6afcf68baae74ae9932caff75c5d13ed5a2aa053acb0a73458e9c20,5bd7d3845f32b614ae0b0e2ce5d6046f5b149ffc73850c24232cb10ce02b6fbc,1.812,0.0022,1.8142,0.143,0.0741,0.2171
Citeseer,GCN,epsd_tuned,"{""lambda_epsd"": 1.0}",5000,0.7355,0.000823,0.0,0.7374,0.7043,0.9209,0.0418,0.1402,0.049,0.1663,-0.0072,0.5862,0.6044,0.0113,0.0528,0.2204,0.6097,0.5601,0.0037,0.0592,0.2249,0.6395,0.6106,0.0156,0.0972,0.2312,,,,,,,0.1528,,,,,1.0,none,19f56c6b6a28e9ba40e98fa747d93d0aca6fe6b284207f7bc1e4b86ae8bc2e47,60bc6ec1a66631426dd80278c402a53849d904583ae4812879785cb6db5714e6,1.7989,0.0019,1.8008,0.1513,0.0753,0.2266
Citeseer,GCN,epsd_tuned,"{""lambda_epsd"": 1.0}",7777,0.7355,0.000823,0.0,0.729,0.6958,0.9155,0.0391,0.1332,0.0488,0.1701,-0.0097,0.6326,0.612,0.0062,0.0533,0.2446,0.6289,0.583,0.0082,0.0574,0.2404,0.6439,0.6243,0.0221,0.0751,0.2555,,,,,,,0.1568,,,,,1.0,none,4479f4d0d4dd1a8492faa1c7c52c572f2083261f260c3bcde47dc453f1f45230,f6170b262a1773cfc999b0ccd43ce0a85370fad51bad9869fe60c6aa8fe198c2,1.7884,0.0019,1.7903,0.1524,0.0738,0.2261
Citeseer,GCN,epsd_tuned,"{""lambda_epsd"": 1.0}",9999,0.7355,0.000823,0.0,0.7248,0.6935,0.9127,0.0421,0.1469,0.0445,0.1543,-0.0023,0.6041,0.6086,0.0078,0.0465,0.2389,0.6173,0.578,0.0183,0.0648,0.2404,0.6457,0.6171,0.0239,0.1189,0.2442,,,,,,,0.1692,,,,,1.0,none,b17a4944ec8c58b52318a73e24afad4a483f61eb6ca240797c7d20e68406db52,28123a329a2a25532b375460e4509e5971f26cd8b8f8534535e54a7d670937f7,1.7926,0.0019,1.7945,0.1522,0.0773,0.2295
Citeseer,GraphSAGE,none,{},42,0.7355,0.000823,0.0,0.741,0.7117,0.9178,0.1786,0.4178,0.1455,0.2558,0.0331,0.7068,0.7141,0.0151,0.0744,0.4483,0.7274,0.6559,0.0155,0.0755,0.4579,0.727,0.7287,0.0155,0.0755,0.4579,,,,,,,0.1422,,,,,0.0,none,3f778250f531f8f9ef063f9686caa5c2f7b8a693d73264a71bd7fce2ac48e211,b73807dc5e31287df336899e815769d323259557107c4935b6f4da6f96709ca6,1.7912,0.0,1.7912,0.0316,0.0,0.0316
Citeseer,GraphSAGE,none,{},123,0.7355,0.000823,0.0,0.7518,0.7304,0.9279,0.1803,0.4054,0.1458,0.2621,0.0345,0.7275,0.7227,0.0086,0.0846,0.4461,0.7269,0.662,0.0123,0.0859,0.4491,0.7266,0.7215,0.0129,0.0859,0.4472,,,,,,,0.1364,,,,,0.0,none,32ba996e7ce0d1835fa82cd0cfdf302e5f00447a35af78134366ee8df5054a66,e0e776db9eccc59017a26b1595ef7d167ffa79af04b2fcf22c079951eedb960e,1.7983,0.0,1.7983,0.0327,0.0,0.0327
Citeseer,GraphSAGE,none,{},456,0.7355,0.000823,0.0,0.7518,0.7224,0.9241,0.19,0.4223,0.1651,0.2987,0.0249,0.7429,0.7264,0.0188,0.0817,0.4662,0.7397,0.6667,0.0168,0.0808,0.4646,0.7393,0.7292,0.0162,0.0808,0.4621,,,,,,,0.1236,,,,,0.0,none,e7e82ffd7e5c4f24de978b9e1c2752009477a6cd24b704e1f1a74c2ed6e43ba5,326cb7b344de95d383da1b5250ff87e677f6c3df50caa18c0e86041574b8a479,1.7987,0.0,1.7987,0.031,0.0,0.031
Citeseer,GraphSAGE,none,{},789,0.7355,0.000823,0.0,0.7452,0.7155,0.9245,0.2032,0.4816,0.145,0.2722,0.0583,0.708,0.6964,0.0187,0.0999,0.395,0.723,0.6524,0.0145,0.0987,0.4293,0.7227,0.7109,0.0145,0.0987,0.4274,,,,,,,0.1401,,,,,0.0,none,42581dd61fcd336debeeb172d56c048e3579167496745ba5f208c3c51512105c,379ffacb7514341dbab6e05df5e178900607cc9ef9cb76e38ab5555314d68fe5,1.7928,0.0,1.7928,0.0323,0.0,0.0323
Citeseer,GraphSAGE,none,{},1024,0.7355,0.000823,0.0,0.7386,0.6899,0.9199,0.2029,0.4144,0.1764,0.296,0.0264,0.6984,0.7073,0.0112,0.0571,0.4216,0.7119,0.6421,0.0154,0.0726,0.4213,0.7111,0.7094,0.0148,0.0726,0.4207,,,,,,,0.151,,,,,0.0,none,77e88d384a1df2175cc09bf480a8049395c0e391a1e3bee684f6b9510d8d97ce,f4c49ae7317e14397b176dc1910cdd685203a8c56d070f4848648d30722e9017,1.7923,0.0,1.7923,0.0317,0.0,0.0317
Citeseer,GraphSAGE,none,{},2024,0.7355,0.000823,0.0,0.771,0.7321,0.9278,0.2084,0.4475,0.18,0.3007,0.0284,0.7267,0.7098,0.0236,0.0794,0.4385,0.7261,0.6532,0.018,0.0764,0.4313,0.7259,0.7132,0.0174,0.0771,0.4332,,,,,,,0.1127,,,,,0.0,none,16bfe24dc16051a020e2f3e2aa717d2996f7415be3fdc45702a9d48c9b25811a,a69364ec4a65a8bb1cc3660d9d314debdad2c7582b90ef5a23ac5f01e8bb459b,1.7956,0.0,1.7956,0.033,0.0,0.033
Citeseer,GraphSAGE,none,{},3141,0.7355,0.000823,0.0,0.7416,0.7106,0.9231,0.1944,0.4429,0.1594,0.289,0.035,0.7369,0.7201,0.0138,0.0851,0.4535,0.73,0.6623,0.0132,0.0748,0.4352,0.7296,0.7151,0.0126,0.0748,0.4346,,,,,,,0.1461,,,,,0.0,none,5b2f354364cd77668bcce4cfef73f71878ff3278bc8231dd7b94edd9c32670f4,7976e2843a957085dac0798ae698ada8e7b4dadad4c429e04d202b96fd36d508,1.796,0.0,1.796,0.0336,0.0,0.0336
Citeseer,GraphSAGE,none,{},5000,0.7355,0.000823,0.0,0.7572,0.7187,0.9277,0.2083,0.4716,0.157,0.2906,0.0513,0.7232,0.7053,0.0239,0.0755,0.4152,0.7202,0.6492,0.0168,0.076,0.4187,0.72,0.7069,0.0168,0.0741,0.4181,,,,,,,0.128,,,,,0.0,none,2846c3595671df64d89e4b40e25a6852ffed79db5a3462cc2569554c46592551,65f4f45f0fa1467a41841df4bfa71f41fa812188f1222a07158bb8c70c4427fc,1.7929,0.0,1.7929,0.0316,0.0,0.0316
Citeseer,GraphSAGE,none,{},7777,0.7355,0.000823,0.0,0.7452,0.7124,0.9251,0.1983,0.4528,0.1295,0.2235,0.0688,0.7423,0.7382,0.0112,0.0856,0.4779,0.7287,0.6574,0.0101,0.0751,0.4555,0.7281,0.7227,0.0101,0.0707,0.4587,,,,,,,0.1389,,,,,0.0,none,33259c52f4931b2edcd45cc91c684f72e47bbca861bae53e24a5589ec223f7a7,e7e0f1b739fff6037d4aeb71af792c9455ad9a33d97b937b95a31d898bf510a4,1.7854,0.0,1.7854,0.0325,0.0,0.0325
Citeseer,GraphSAGE,none,{},9999,0.7355,0.000823,0.0,0.7398,0.6992,0.9242,0.1891,0.4457,0.1294,0.2302,0.0597,0.7269,0.7099,0.0168,0.0801,0.4358,0.7204,0.6501,0.0189,0.068,0.4342,0.7195,0.7143,0.0183,0.0654,0.433,,,,,,,0.1466,,,,,0.0,none,2b49ff7418ebef52d34be6e251819bb454157d05cb4d4871279b4a5fefc40ac8,a9cd06c96af35e7cad728d8eda3f1b5a94f3c2f0a0d05b8518f801dc76d1b346,1.7949,0.0,1.7949,0.0288,0.0,0.0288
Citeseer,GraphSAGE,dropedge,"{""rate"": 0.3}",42,0.7355,0.000823,0.0,0.7434,0.713,0.9206,0.3348,0.4279,0.3332,0.411,0.0017,0.7233,0.7104,0.0177,0.0731,0.4462,0.7474,0.6714,0.0149,0.0755,0.4678,0.7469,0.7305,0.0155,0.0736,0.4684,,,,,,,0.1507,,,,,0.0,none,94b7a163d25b4013fa1022cf123321ad4e9b864897dab92c383e5003cd3f387c,63bd75bb096133faa6e821b871d09f1d1fee421f0f4faa942f069467dc4047c2,1.7897,0.0,1.7897,0.0419,0.0,0.0419
Citeseer,GraphSAGE,dropedge,"{""rate"": 0.3}",123,0.7355,0.000823,0.0,0.756,0.729,0.9289,0.3372,0.4201,0.3397,0.3897,-0.0026,0.7385,0.7221,0.0074,0.0931,0.4474,0.7392,0.6669,0.0092,0.0816,0.4521,0.7387,0.7252,0.0092,0.0834,0.4528,,,,,,,0.1384,,,,,0.0,none,8e183959a4edb0d9970edd9d2391f13e0d3c64d088923df15f256f7ec98284e6,4e05a5f5fe341dbb55ddc515fa7ac15fb4eb8d14de21988d27ef52c557730369,1.7981,0.0,1.7981,0.0439,0.0,0.0439
Citeseer,GraphSAGE,dropedge,"{""rate"": 0.3}",456,0.7355,0.000823,0.0,0.7614,0.7295,0.9293,0.3557,0.4204,0.3623,0.4161,-0.0065,0.7405,0.7195,0.0176,0.108,0.4551,0.7396,0.6648,0.0168,0.0908,0.4596,0.7395,0.7257,0.0174,0.0889,0.4565,,,,,,,0.1266,,,,,0.0,none,fdd8d65b1e50594610685965e789402d1ef0d0a78652d1f1d3523af4b1c4b62b,95631bf67ba35a3bdb99d9f5ad73de6db81ef9ac74ea41384fa766ed5aebd09b,1.7969,0.0,1.7969,0.0498,0.0,0.0498
Citeseer,GraphSAGE,dropedge,"{""rate"": 0.3}",789,0.7355,0.000823,0.0,0.7488,0.7169,0.9314,0.3711,0.4396,0.3346,0.3871,0.0365,0.7348,0.7084,0.0262,0.0787,0.4242,0.7439,0.6681,0.0251,0.0918,0.4519,0.7435,0.7234,0.0245,0.0918,0.45,,,,,,,0.1396,,,,,0.0,none,a9f17c38b7ccfd978e355c6bd5f888454cd432ded68e0e4e342369b3c09b6f3a,bc2d82aa985266809803339d9d3a100043d24c05f4d041692ddc7c99cb47f9b8,1.7935,0.0,1.7935,0.0459,0.0,0.0459
Citeseer,GraphSAGE,dropedge,"{""rate"": 0.3}",1024,0.7355,0.000823,0.0,0.7434,0.6975,0.9225,0.3748,0.4391,0.3489,0.3857,0.0259,0.7117,0.714,0.0124,0.0857,0.435,0.7297,0.655,0.0209,0.0873,0.4496,0.7293,0.7192,0.0209,0.0886,0.4496,,,,,,,0.1507,,,,,0.0,none,ec940d83f25f2cdee82e0f23cd89f1eb55e9e2fd925327a84d15b7afe4f609f0,96de56c5a7fd0c7227299b5649afc10bde9f8fb1477dd3ab23f3e76e33950c8a,1.79,0.0,1.79,0.0466,0.0,0.0466
Citeseer,GraphSAGE,dropedge,"{""rate"": 0.3}",2024,0.7355,0.000823,0.0,0.7632,0.7296,0.9297,0.3826,0.4364,0.3558,0.3845,0.0268,0.7471,0.7197,0.0323,0.0844,0.4522,0.7473,0.675,0.0224,0.0889,0.4388,0.7468,0.7169,0.0224,0.0851,0.4369,,,,,,,0.1297,,,,,0.0,none,545fa3ff23200e1cd60a41a459f56f378db6a94ac73fc31f383bd46f2663d34b,17cac4c63a73d12787d4089ba31061db0ddf4a6cb85b829bba6b9683e65d803a,1.7964,0.0,1.7964,0.0599,0.0,0.0599
Citeseer,GraphSAGE,dropedge,"{""rate"": 0.3}",3141,0.7355,0.000823,0.0,0.747,0.7177,0.9261,0.3589,0.4297,0.3386,0.386,0.0203,0.7526,0.7346,0.005,0.0926,0.4719,0.7424,0.6673,0.0145,0.0987,0.4597,0.7421,0.7267,0.0145,0.0987,0.4566,,,,,,,0.1488,,,,,0.0,none,5bd2d893e4fae423067d16db9fdbf3620d48b459d2b2bc9951188764f1b5bf4f,0f87715e477bb31f9e1d8290a0a7d46d6fc090d7d50ed9eab39dfd3a3df683ea,1.7968,0.0,1.7968,0.0482,0.0,0.0482
Citeseer,GraphSAGE,dropedge,"{""rate"": 0.3}",5000,0.7355,0.000823,0.0,0.7668,0.7267,0.9317,0.3713,0.4485,0.3566,0.3938,0.0147,0.7439,0.7103,0.0264,0.0792,0.4287,0.7443,0.676,0.0143,0.086,0.438,0.7442,0.7199,0.0143,0.0822,0.4399,,,,,,,0.1306,,,,,0.0,none,f324f0b35ed274ce24e2f506a8e62bffcbee8eecf56baa32a34f37c0e647ae3e,a665ae7842663e67863d4e35a66b04f6c2cb8c25d2ef4a4864a426465b634a0b,1.7933,0.0,1.7933,0.0492,0.0,0.0492
Citeseer,GraphSAGE,dropedge,"{""rate"": 0.3}",7777,0.7355,0.000823,0.0,0.7512,0.7122,0.9249,0.3593,0.4709,0.3211,0.3764,0.0382,0.7638,0.7388,0.0099,0.098,0.4805,0.7486,0.6738,0.0158,0.0839,0.4587,0.7483,0.7271,0.0158,0.0852,0.4587,,,,,,,0.1422,,,,,0.0,none,648d86a04799496a9d983a55be9f0b9579e444464acf100a8ef686d36bb00904,7645975e25afa20e31a749edaa8d9132f17f6750104b22e99385fd087f07f5e7,1.7876,0.0,1.7876,0.0419,0.0,0.0419
Citeseer,GraphSAGE,dropedge,"{""rate"": 0.3}",9999,0.7355,0.000823,0.0,0.747,0.7095,0.9258,0.3585,0.4218,0.3306,0.3686,0.0279,0.7468,0.7256,0.0258,0.0827,0.469,0.7393,0.6677,0.0208,0.0831,0.4663,0.7387,0.7294,0.0208,0.0831,0.4657,,,,,,,0.1412,,,,,0.0,none,c55cf532afbdac8c330b84a6f9aa56cff1e7c52f94b40eda93d6b42f541255f5,71695b31d7730d81aeee374bf0e184448daab70303667b6f7655bf96768d22f9,1.7938,0.0,1.7938,0.0498,0.0,0.0498
Citeseer,GraphSAGE,label_smoothing,"{""alpha"": 0.1}",42,0.7355,0.000823,0.0,0.7404,0.7074,0.9118,0.2013,0.2417,0.1137,0.1068,0.0876,0.7831,0.7605,0.0013,0.0214,0.5339,0.7923,0.7345,0.0006,0.0291,0.5514,0.7914,0.7726,0.0006,0.0297,0.5507,,,,,,,0.0351,,,,,0.0,none,d7e07534133f038d24934d1a3da61c0396911ac823a5e4f9b3ba0375a8b32ebe,30c0881494d1034f87eef3f3d89edb5ce94bc625dbc2a749ecf5b00b27df84e0,1.7914,0.0,1.7914,0.4711,0.0,0.4711
Citeseer,GraphSAGE,label_smoothing,"{""alpha"": 0.1}",123,0.7355,0.000823,0.0,0.7524,0.7322,0.9207,0.202,0.2221,0.1169,0.1083,0.0851,0.7917,0.781,0.0,0.0294,0.5665,0.7938,0.7331,0.0,0.0344,0.5577,0.7928,0.7764,0.0,0.0337,0.5558,,,,,,,0.0343,,,,,0.0,none,4a9d44c89a8ec05bd000cc18ca56cc5db64d8034c3febaf6f4bece8575189b2a,e75b5d569ff547f70f52bbd9dcec292560b41eae3d37322ec246e18e58d2cffd,1.7978,0.0,1.7978,0.4763,0.0,0.4763
Citeseer,GraphSAGE,label_smoothing,"{""alpha"": 0.1}",456,0.7355,0.000823,0.0,0.7416,0.7118,0.9175,0.2012,0.2309,0.1172,0.1175,0.084,0.8039,0.7724,0.0025,0.0653,0.5593,0.7978,0.7326,0.0031,0.051,0.5609,0.797,0.7777,0.0031,0.0547,0.5603,,,,,,,0.0274,,,,,0.0,none,1b933b9601c2772d20973c63c88e06b11962a7af6c479301f46c03ee3b6cb07e,a4fd38df9f8a31dad87e273291f3a9e9aeed79214cd8712e5c5a9c2e0a913d6d,1.7981,0.0,1.7981,0.4784,0.0,0.4784
Citeseer,GraphSAGE,label_smoothing,"{""alpha"": 0.1}",789,0.7355,0.000823,0.0,0.7482,0.7205,0.9205,0.211,0.2546,0.1149,0.1088,0.0961,0.7683,0.7492,0.0025,0.035,0.5033,0.7865,0.7272,0.0025,0.044,0.5355,0.7852,0.7662,0.0025,0.0434,0.5349,,,,,,,0.0289,,,,,0.0,none,aa58e535546e410bcdd8fe5a7c9f66fd60a2b3849a48d848dd7b8a2d51d5f196,5bf88349cdb3e904af7c728bb7134a94216e296fe01da09a0393ea2bf2099466,1.7928,0.0,1.7928,0.4818,0.0,0.4818
Citeseer,GraphSAGE,label_smoothing,"{""alpha"": 0.1}",1024,0.7355,0.000823,0.0,0.7452,0.698,0.9158,0.2252,0.2275,0.1362,0.1175,0.089,0.7672,0.7546,0.0012,0.036,0.5187,0.7754,0.7146,0.0012,0.0412,0.5271,0.7751,0.7608,0.0012,0.0406,0.5252,,,,,,,0.0263,,,,,0.0,none,4cd8db517eac0204695301c20b796b2b6e7ad5b45aefa72329b78d741f42eef9,31f2b574d28b42ebf6c5f5ff0642598887c3e5af0ed002a37199e0e341e54fc7,1.7924,0.0,1.7924,0.4771,0.0,0.4771
Citeseer,GraphSAGE,label_smoothing,"{""alpha"": 0.1}",2024,0.7355,0.000823,0.0,0.765,0.7291,0.9229,0.2199,0.2421,0.1338,0.1333,0.0861,0.7954,0.7725,0.0025,0.0546,0.5483,0.7925,0.7315,0.0012,0.0578,0.5475,0.7916,0.7704,0.0012,0.0584,0.5475,,,,,,,0.0389,,,,,0.0,none,b06fde6e4b98e61de12243e09fced21c9626437c46061cf1f5e6ed756c08f217,8636516f1ea34d362da382d6f406ec358ace84607855ccf9f55d8cd54981334b,1.7953,0.0,1.7953,0.4764,0.0,0.4764
Citeseer,GraphSAGE,label_smoothing,"{""alpha"": 0.1}",3141,0.7355,0.000823,0.0,0.7374,0.7074,0.9159,0.2149,0.2422,0.127,0.1171,0.0879,0.7898,0.7761,0.0,0.0551,0.5586,0.7861,0.7189,0.0006,0.0616,0.5358,0.816,0.7626,0.0522,0.2145,0.5327,,,,,,,0.0202,,,,,0.0,none,986497a8fd3434a938df246b34f7613730a1dae806769f629ccb956388d81cad,070178249a2d49d5c42d52c6fcc7ba6cc96e1b713c0dbcb08f823bf8e04c824c,1.7957,0.0,1.7957,0.4802,0.0,0.4802
Citeseer,GraphSAGE,label_smoothing,"{""alpha"": 0.1}",5000,0.7355,0.000823,0.0,0.7506,0.7064,0.9195,0.2195,0.249,0.1247,0.123,0.0948,0.8101,0.7925,0.0,0.0692,0.5916,0.8107,0.7427,0.0,0.0704,0.585,0.8104,0.791,0.0,0.0692,0.5869,,,,,,,0.0407,,,,,0.0,none,c869d11dddf377d3e450a45a13c14c06d4b31ae243a5f73342bb51db5b2a408c,f28aac4ab1308e885a79262afb6bc704928f7d87ff05adfec65836490e8c823d,1.7929,0.0,1.7929,0.4759,0.0,0.4759
Citeseer,GraphSAGE,label_smoothing,"{""alpha"": 0.1}",7777,0.7355,0.000823,0.0,0.7392,0.7025,0.9211,0.2007,0.2423,0.1039,0.0965,0.0968,0.8057,0.7722,0.0025,0.072,0.5564,0.792,0.7287,0.0019,0.0644,0.5438,0.7917,0.7685,0.0019,0.0631,0.5438,,,,,,,0.0285,,,,,0.0,none,5c17abbaa76c075bad781a82b5bac9f7797985a64b730427634c0594ea7059a4,6dd0d78024ab29da03ac0bd916ca3f8fe69a38f48418fb81f853bd9aae60bbff,1.7862,0.0,1.7862,0.4774,0.0,0.4774
Citeseer,GraphSAGE,label_smoothing,"{""alpha"": 0.1}",9999,0.7355,0.000823,0.0,0.7368,0.6962,0.9178,0.1951,0.2358,0.1052,0.1,0.0899,0.7961,0.764,0.0,0.0633,0.5467,0.7889,0.7294,0.0,0.0428,0.5343,0.7885,0.7659,0.0,0.0459,0.5349,,,,,,,0.0354,,,,,0.0,none,14444771e75b1b4eb51259801f59a705972d476edd06b81be3de8c0d31908127,17196af321017b55ce99ddbc79162a0db6d88a8ec4fceb69d14115ef76e02717,1.7947,0.0,1.7947,0.4756,0.0,0.4756
Citeseer,GraphSAGE,early_stopping,"{""patience"": 15}",42,0.7355,0.000823,0.0,0.735,0.6997,0.9186,0.1428,0.3914,0.1248,0.2629,0.018,0.7145,0.6887,0.0227,0.0971,0.4086,0.7323,0.6559,0.0192,0.0959,0.4276,0.732,0.707,0.0198,0.0972,0.427,,,,,,,0.1662,,,,,0.0,none,885ac35bf832385430ec0702f238c67cece9d049553870f46edf4e7e8fcf0845,fc0ad422d314a153e388bebf5523e581225f9dfa61130616c7a103f561800040,1.7912,0.0,1.7912,0.032,0.0,0.032
Citeseer,GraphSAGE,early_stopping,"{""patience"": 15}",123,0.7355,0.000823,0.0,0.7542,0.7339,0.9284,0.1416,0.3729,0.1249,0.2522,0.0167,0.7379,0.716,0.0159,0.1103,0.4449,0.7355,0.6601,0.0245,0.1061,0.4393,0.7354,0.7107,0.0245,0.1067,0.4374,,,,,,,0.144,,,,,0.0,none,225fe46f1fd82a5e8e91f5dc27db324ec9caa0e1d4a3e0c7e2c4ca9d9148c620,0bc10155f003fa6c3a4320d5e0a806f2e4c09ce4621053b16ac4938d64d287d0,1.7983,0.0,1.7983,0.0334,0.0,0.0334
Citeseer,GraphSAGE,early_stopping,"{""patience"": 15}",456,0.7355,0.000823,0.0,0.7458,0.7136,0.9212,0.1399,0.3732,0.1455,0.2972,-0.0056,0.7594,0.7295,0.0264,0.1231,0.4745,0.7576,0.6735,0.0261,0.1007,0.4677,0.7573,0.7301,0.0261,0.1032,0.4677,,,,,,,0.1447,,,,,0.0,none,5edc59075d2e2e74b039a3a0f864076a6c13cc4c97933390eb6c1ad11607d515,b6f16a113459518daa96e09b2c01a2aa2ed5039e85491fe3837ec894665082a0,1.7987,0.0,1.7987,0.0354,0.0,0.0354
Citeseer,GraphSAGE,early_stopping,"{""patience"": 15}",789,0.7355,0.000823,0.0,0.7572,0.7291,0.9278,0.1739,0.4681,0.1328,0.2873,0.0412,0.7195,0.7077,0.0325,0.1436,0.4146,0.7319,0.6512,0.0233,0.1213,0.445,0.7318,0.7194,0.022,0.1157,0.4419,,,,,,,0.1394,,,,,0.0,none,f9d8cfc6a8f1968bad2518d8d704299f4045c637c1f1373b539aece286f1df8e,28cc2e243f8746c33efb8e40e65da4f58c9f7e0c541668e2cc24bd7ee09200c4,1.7928,0.0,1.7928,0.0337,0.0,0.0337
Citeseer,GraphSAGE,early_stopping,"{""patience"": 15}",1024,0.7355,0.000823,0.0,0.744,0.6949,0.922,0.1636,0.4115,0.1464,0.2899,0.0173,0.6948,0.6999,0.0161,0.0658,0.4097,0.7126,0.6421,0.0215,0.0781,0.4114,0.7122,0.702,0.0215,0.0787,0.4108,,,,,,,0.1617,,,,,0.0,none,74dadea5822fa800672110df62a41fc652875f63b3fd8a648de6a579cb0c3d47,e5838ffe3f15f3836e81359c6ca0121d9b4539c4417073974a1334c7fb020b2f,1.7923,0.0,1.7923,0.0313,0.0,0.0313
Citeseer,GraphSAGE,early_stopping,"{""patience"": 15}",2024,0.7355,0.000823,0.0,0.7704,0.7355,0.9292,0.1762,0.4388,0.1608,0.2932,0.0154,0.7323,0.7147,0.0285,0.0819,0.4397,0.7356,0.66,0.0305,0.0951,0.4363,0.7354,0.7175,0.0317,0.0938,0.4375,,,,,,,0.1228,,,,,0.0,none,5f833040db91d0661103f811541d32ed0e3c8add1e1b2e323f14a4b64387b3da,d946db9000db6eaeacb2a54d1ad9eb1969c986e18c2b1dac513bfb4434cd1f70,1.7956,0.0,1.7956,0.0391,0.0,0.0391
Citeseer,GraphSAGE,early_stopping,"{""patience"": 15}",3141,0.7355,0.000823,0.0,0.7374,0.7008,0.9265,0.1599,0.4242,0.1359,0.279,0.024,0.7463,0.7233,0.015,0.0976,0.4518,0.7345,0.6497,0.017,0.1025,0.4277,0.7344,0.7094,0.0176,0.1031,0.4277,,,,,,,0.1643,,,,,0.0,none,f44d931c3cc2be6154915d22a348d005bc254949d6ec90b740d0383fc2922adc,e97c168295d147292d00d5c8ce4d3c349547385ed704ca91e64b547f42009c65,1.796,0.0,1.796,0.0321,0.0,0.0321
Citeseer,GraphSAGE,early_stopping,"{""patience"": 15}",5000,0.7355,0.000823,0.0,0.7512,0.7086,0.9294,0.1514,0.4064,0.1252,0.2569,0.0262,0.741,0.7009,0.039,0.1057,0.4218,0.7311,0.6486,0.0305,0.1053,0.4143,0.7314,0.7053,0.033,0.1047,0.4143,,,,,,,0.1528,,,,,0.0,none,7f0ee4fd92c1ed897c9729d29c4ef2870d1ccfc85ed75ee7ed557f0ebf6c9034,3c73ffc5b5681352b8d41777f977d9ea550134089cf5d136cbc8916b1cdd6917,1.7929,0.0,1.7929,0.0307,0.0,0.0307
Citeseer,GraphSAGE,early_stopping,"{""patience"": 15}",7777,0.7355,0.000823,0.0,0.7452,0.7124,0.9251,0.1983,0.4528,0.1295,0.2235,0.0688,0.7423,0.7382,0.0112,0.0856,0.4779,0.7287,0.6574,0.0101,0.0751,0.4555,0.7281,0.7192,0.0101,0.0707,0.4593,,,,,,,0.1389,,,,,0.0,none,33259c52f4931b2edcd45cc91c684f72e47bbca861bae53e24a5589ec223f7a7,e7e0f1b739fff6037d4aeb71af792c9455ad9a33d97b937b95a31d898bf510a4,1.7854,0.0,1.7854,0.0325,0.0,0.0325
Citeseer,GraphSAGE,early_stopping,"{""patience"": 15}",9999,0.7355,0.000823,0.0,0.7398,0.6928,0.9247,0.1489,0.4052,0.1049,0.2093,0.0441,0.7311,0.7036,0.0388,0.1124,0.4341,0.7302,0.6621,0.0271,0.0975,0.4267,0.7298,0.7099,0.0277,0.0963,0.4242,,,,,,,0.1608,,,,,0.0,none,d181977167b5231bcb70594608aa73b50297cf07471c4b9bc60e63223a1e1507,820361ba54667c04491267dd4297771c266e5d66d10db9db3447145f48ee7711,1.7949,0.0,1.7949,0.0362,0.0,0.0362
Citeseer,GraphSAGE,confidence_masking,"{""top_k"": 2}",42,0.7355,0.000823,0.0,0.741,0.7117,0.889,0.1786,0.4178,0.1455,0.2558,0.0331,0.7089,0.7079,0.0202,0.0794,0.4357,0.7301,0.6627,0.0155,0.0829,0.4505,0.73,0.7218,0.0155,0.0829,0.4505,,,,,,,0.1718,,,,,0.0,none,3f778250f531f8f9ef063f9686caa5c2f7b8a693d73264a71bd7fce2ac48e211,b73807dc5e31287df336899e815769d323259557107c4935b6f4da6f96709ca6,1.7912,0.0,1.7912,0.0316,0.0,0.0316
Citeseer,GraphSAGE,confidence_masking,"{""top_k"": 2}",123,0.7355,0.000823,0.0,0.7518,0.7304,0.8985,0.1803,0.4054,0.1458,0.2621,0.0345,0.732,0.727,0.0098,0.0772,0.4559,0.7301,0.6613,0.0147,0.0865,0.4528,0.73,0.7239,0.0147,0.0865,0.4528,,,,,,,0.1649,,,,,0.0,none,32ba996e7ce0d1835fa82cd0cfdf302e5f00447a35af78134366ee8df5054a66,e0e776db9eccc59017a26b1595ef7d167ffa79af04b2fcf22c079951eedb960e,1.7983,0.0,1.7983,0.0327,0.0,0.0327
Citeseer,GraphSAGE,confidence_masking,"{""top_k"": 2}",456,0.7355,0.000823,0.0,0.7518,0.7224,0.8922,0.19,0.4223,0.1651,0.2987,0.0249,0.7454,0.7313,0.0239,0.0804,0.4709,0.7413,0.6698,0.0193,0.0759,0.4596,0.7411,0.7282,0.0199,0.0759,0.4596,,,,,,,0.1547,,,,,0.0,none,e7e82ffd7e5c4f24de978b9e1c2752009477a6cd24b704e1f1a74c2ed6e43ba5,326cb7b344de95d383da1b5250ff87e677f6c3df50caa18c0e86041574b8a479,1.7987,0.0,1.7987,0.031,0.0,0.031
Citeseer,GraphSAGE,confidence_masking,"{""top_k"": 2}",789,0.7355,0.000823,0.0,0.7452,0.7155,0.8878,0.2032,0.4816,0.145,0.2722,0.0583,0.7086,0.6952,0.02,0.1011,0.3919,0.7247,0.6524,0.017,0.0993,0.4293,0.7247,0.714,0.017,0.0999,0.4293,,,,,,,0.1716,,,,,0.0,none,42581dd61fcd336debeeb172d56c048e3579167496745ba5f208c3c51512105c,379ffacb7514341dbab6e05df5e178900607cc9ef9cb76e38ab5555314d68fe5,1.7928,0.0,1.7928,0.0323,0.0,0.0323
Citeseer,GraphSAGE,confidence_masking,"{""top_k"": 2}",1024,0.7355,0.000823,0.0,0.7386,0.6899,0.8883,0.2029,0.4144,0.1764,0.296,0.0264,0.7026,0.7073,0.0087,0.0584,0.4246,0.7153,0.6501,0.0166,0.0769,0.4244,0.7151,0.7076,0.0166,0.0769,0.4244,,,,,,,0.1786,,,,,0.0,none,77e88d384a1df2175cc09bf480a8049395c0e391a1e3bee684f6b9510d8d97ce,f4c49ae7317e14397b176dc1910cdd685203a8c56d070f4848648d30722e9017,1.7923,0.0,1.7923,0.0317,0.0,0.0317
Citeseer,GraphSAGE,confidence_masking,"{""top_k"": 2}",2024,0.7355,0.000823,0.0,0.771,0.7321,0.8932,0.2084,0.4475,0.18,0.3007,0.0284,0.7272,0.7135,0.0248,0.0757,0.4287,0.7262,0.6557,0.0205,0.0814,0.4239,0.7262,0.7101,0.0205,0.0814,0.4239,,,,,,,0.1423,,,,,0.0,none,16bfe24dc16051a020e2f3e2aa717d2996f7415be3fdc45702a9d48c9b25811a,a69364ec4a65a8bb1cc3660d9d314debdad2c7582b90ef5a23ac5f01e8bb459b,1.7956,0.0,1.7956,0.033,0.0,0.033
Citeseer,GraphSAGE,confidence_masking,"{""top_k"": 2}",3141,0.7355,0.000823,0.0,0.7416,0.7106,0.8892,0.1944,0.4429,0.1594,0.289,0.035,0.7382,0.7233,0.0175,0.0651,0.4583,0.732,0.6648,0.0157,0.0761,0.4415,0.7319,0.7201,0.0157,0.0767,0.4415,,,,,,,0.1732,,,,,0.0,none,5b2f354364cd77668bcce4cfef73f71878ff3278bc8231dd7b94edd9c32670f4,7976e2843a957085dac0798ae698ada8e7b4dadad4c429e04d202b96fd36d508,1.796,0.0,1.796,0.0336,0.0,0.0336
Citeseer,GraphSAGE,confidence_masking,"{""top_k"": 2}",5000,0.7355,0.000823,0.0,0.7572,0.7187,0.8947,0.2083,0.4716,0.157,0.2906,0.0513,0.7222,0.7003,0.0252,0.0755,0.4092,0.7203,0.6536,0.0168,0.0729,0.4137,0.7203,0.7,0.0168,0.0729,0.4137,,,,,,,0.1567,,,,,0.0,none,2846c3595671df64d89e4b40e25a6852ffed79db5a3462cc2569554c46592551,65f4f45f0fa1467a41841df4bfa71f41fa812188f1222a07158bb8c70c4427fc,1.7929,0.0,1.7929,0.0316,0.0,0.0316
Citeseer,GraphSAGE,confidence_masking,"{""top_k"": 2}",7777,0.7355,0.000823,0.0,0.7452,0.7124,0.8938,0.1983,0.4528,0.1295,0.2235,0.0688,0.744,0.7356,0.0087,0.0658,0.4649,0.7303,0.6562,0.012,0.0644,0.4479,0.7302,0.7233,0.012,0.0644,0.4479,,,,,,,0.1691,,,,,0.0,none,33259c52f4931b2edcd45cc91c684f72e47bbca861bae53e24a5589ec223f7a7,e7e0f1b739fff6037d4aeb71af792c9455ad9a33d97b937b95a31d898bf510a4,1.7854,0.0,1.7854,0.0325,0.0,0.0325
Citeseer,GraphSAGE,confidence_masking,"{""top_k"": 2}",9999,0.7355,0.000823,0.0,0.7398,0.6992,0.8903,0.1891,0.4457,0.1294,0.2302,0.0597,0.7326,0.7074,0.0155,0.084,0.4382,0.7246,0.6589,0.0176,0.068,0.4342,0.7246,0.7159,0.0176,0.068,0.4342,,,,,,,0.1766,,,,,0.0,none,2b49ff7418ebef52d34be6e251819bb454157d05cb4d4871279b4a5fefc40ac8,a9cd06c96af35e7cad728d8eda3f1b5a94f3c2f0a0d05b8518f801dc76d1b346,1.7949,0.0,1.7949,0.0288,0.0,0.0288
Citeseer,GraphSAGE,edge_sparsification,"{""rate"": 0.2}",42,0.7355,0.000823,0.0,0.7386,0.71,0.9122,0.2403,0.4567,0.1931,0.2962,0.0473,0.7068,0.7129,0.0164,0.0719,0.438,0.722,0.6535,0.0161,0.0792,0.4505,0.7206,0.7212,0.0161,0.0774,0.4468,,,,,,,0.1443,,,,,0.0,none,7ad0028cc6cf08d347c172b0d5e1b1ac7be621d765d364aa2c755eb78991d8c7,f192bf6586007bcd026a6496f65e18ee8530c12f3ea2633665815e40e0bc53e1,1.79,0.0,1.79,0.0336,0.0,0.0336
Citeseer,GraphSAGE,edge_sparsification,"{""rate"": 0.2}",123,0.7355,0.000823,0.0,0.738,0.71,0.9217,0.2432,0.4467,0.1994,0.2948,0.0438,0.7136,0.7123,0.0196,0.0821,0.4325,0.7218,0.6552,0.0215,0.0847,0.4503,0.7212,0.7227,0.0221,0.0847,0.4491,,,,,,,0.1384,,,,,0.0,none,746180583b5d71e8ef8fdfd5e4a364779a90b67b5d7dd0bd31cad166c236ccec,d24b7dab1a2fb2ca380fda24d2f2bb2eb10eea8856c30cb1ed71aab23ab94822,1.7973,0.0,1.7973,0.0326,0.0,0.0326
Citeseer,GraphSAGE,edge_sparsification,"{""rate"": 0.2}",456,0.7355,0.000823,0.0,0.7488,0.7161,0.924,0.2872,0.5152,0.2405,0.3625,0.0468,0.7403,0.7326,0.0176,0.0804,0.473,0.7371,0.6604,0.0137,0.0684,0.4701,0.7369,0.7335,0.0137,0.0684,0.4708,,,,,,,0.1212,,,,,0.0,none,a83340e5491da42b6796fa4d0a394f546ee575cbfe39531254a307f341bd3165,d96d7655c831df1186a8c9ea6933da6d650ce40a3707a3571aeb7e24bf85396f,1.7972,0.0,1.7972,0.0302,0.0,0.0302
Citeseer,GraphSAGE,edge_sparsification,"{""rate"": 0.2}",789,0.7355,0.000823,0.0,0.7404,0.7124,0.9194,0.254,0.4727,0.182,0.2906,0.072,0.7176,0.7272,0.0175,0.0861,0.4548,0.7305,0.6562,0.0151,0.0855,0.467,0.7306,0.73,0.0151,0.0855,0.4664,,,,,,,0.1299,,,,,0.0,none,7dd77a475d3ca0105eeb71bd7663e6da9e4856929d977456a3c808a3587a9f6b,f1f006bddb8bff74540862788a2de4b070137fabd7149e97dc9518804090a548,1.7948,0.0,1.7948,0.0349,0.0,0.0349
Citeseer,GraphSAGE,edge_sparsification,"{""rate"": 0.2}",1024,0.7355,0.000823,0.0,0.7314,0.6891,0.9181,0.2788,0.4843,0.2348,0.3267,0.0439,0.688,0.7042,0.0037,0.0634,0.4143,0.707,0.6359,0.0191,0.072,0.4299,0.7056,0.7097,0.0178,0.072,0.4268,,,,,,,0.1473,,,,,0.0,none,4ed1186a51ef957b0b204b2283d86c72c18e471bf49890b6ff5b7c39560a737e,e9dd1ae339f70d760c0d823ae10295f6e91046829141f477f5403696359d8a5d,1.79,0.0,1.79,0.0348,0.0,0.0348
Citeseer,GraphSAGE,edge_sparsification,"{""rate"": 0.2}",2024,0.7355,0.000823,0.0,0.7566,0.7179,0.9265,0.2828,0.4696,0.234,0.3268,0.0488,0.7231,0.7272,0.0236,0.0707,0.4634,0.7269,0.6631,0.0193,0.0746,0.4556,0.7258,0.7265,0.0193,0.0733,0.4537,,,,,,,0.1233,,,,,0.0,none,2c667821e08df43b847e6d680731b96c90cb6e4af2fdcbf891d565177bfbcd0a,5378a8e4f7d4366535ca222408f25c5489459388876ed2e372e7f71c4cb456ca,1.7966,0.0,1.7966,0.0363,0.0,0.0363
Citeseer,GraphSAGE,edge_sparsification,"{""rate"": 0.2}",3141,0.7355,0.000823,0.0,0.729,0.6984,0.9181,0.2687,0.4813,0.2139,0.321,0.0548,0.7408,0.7314,0.01,0.0788,0.4719,0.738,0.6692,0.0126,0.0818,0.4579,0.7371,0.7236,0.0151,0.0792,0.456,,,,,,,0.1384,,,,,0.0,none,8c60386a91f5e040dbe0ea05596e436cee5878c9a90cf2fe3f7129ded68d159e,744d811fee3d503be386aab2eac9079c0bde29131b95f44db196aa3a21adfc70,1.7962,0.0,1.7962,0.0355,0.0,0.0355
Citeseer,GraphSAGE,edge_sparsification,"{""rate"": 0.2}",5000,0.7355,0.000823,0.0,0.7518,0.7093,0.9235,0.278,0.4989,0.2248,0.3271,0.0533,0.7136,0.7165,0.0176,0.0881,0.4388,0.7138,0.6405,0.0156,0.0791,0.4449,0.7127,0.7171,0.0156,0.0785,0.4374,,,,,,,0.1282,,,,,0.0,none,cd90c5ca86d66cb56b77cdc95fc593cf0725a9368cb8d5848b128e39a14ee040,ed73a37f7e1e08922b828e12ebfb90f12fdb4b5b220ad276502f1dba2501cbc9,1.7942,0.0,1.7942,0.0392,0.0,0.0392
Citeseer,GraphSAGE,edge_sparsification,"{""rate"": 0.2}",7777,0.7355,0.000823,0.0,0.7344,0.6953,0.917,0.2644,0.4908,0.1799,0.2716,0.0845,0.741,0.7388,0.0174,0.0831,0.48,0.731,0.6574,0.0082,0.0833,0.4707,0.7296,0.7325,0.0076,0.082,0.4713,,,,,,,0.1374,,,,,0.0,none,0b23220db307c8bf17461c193a28c218ca98bf10b416c2c5a42c70b4589b425e,3a3b55168e7d68b67c95f218c86b8aaa054156a6a9b73d83a165f30658a3c4fc,1.7868,0.0,1.7868,0.0362,0.0,0.0362
Citeseer,GraphSAGE,edge_sparsification,"{""rate"": 0.2}",9999,0.7355,0.000823,0.0,0.726,0.6871,0.9185,0.2748,0.5105,0.2239,0.3518,0.0509,0.7306,0.7281,0.0168,0.0672,0.4762,0.7233,0.6532,0.0145,0.0592,0.4682,0.7219,0.7266,0.0145,0.0592,0.4626,,,,,,,0.1504,,,,,0.0,none,df2a519369d750679fba36b3e3e1737ebe32d1e4a7a947ac0db1c6e7a7a7fa52,0e7d9bc225b0f1b3c85f68c9dcce2e04980f6ec2bb500b06d6f35de077053fa1,1.7943,0.0,1.7943,0.0307,0.0,0.0307
Citeseer,GraphSAGE,epsd_tuned,"{""lambda_epsd"": 1.0}",42,0.7355,0.000823,0.0,0.7344,0.7044,0.9141,0.026,0.0732,0.0388,0.0859,-0.0128,0.6888,0.6547,0.0164,0.0719,0.3427,0.7023,0.6423,0.0149,0.0755,0.3484,0.6983,0.6683,0.0149,0.0761,0.3509,,,,,,,0.1726,,,,,1.0,none,ef6d193724ce9c575355bb111543bff151901f3e095ae2e9dcfad0302755d834,758f46659485c4d366eabf7d6a919480e0365372744be804c6b4d8f8db4015b9,1.7912,0.001,1.7923,0.0444,0.0508,0.0952
Citeseer,GraphSAGE,epsd_tuned,"{""lambda_epsd"": 1.0}",123,0.7355,0.000823,0.0,0.7386,0.7189,0.9199,0.0264,0.0704,0.0458,0.1029,-0.0194,0.7097,0.6706,0.011,0.1042,0.3651,0.7049,0.6387,0.0196,0.0969,0.3583,0.703,0.6785,0.0196,0.0951,0.3607,,,,,,,0.1665,,,,,1.0,none,749174bc53102b5c713cdf421174273a0f5341500e966368f58c221034f2b0c8,6fc1b7e3a4372c4424eebce7ae4ceade7ddf79d328c3e3b1644bae1a026ac883,1.7983,0.001,1.7993,0.044,0.067,0.1111
Citeseer,GraphSAGE,epsd_tuned,"{""lambda_epsd"": 1.0}",456,0.7355,0.000823,0.0,0.7398,0.7104,0.9168,0.0254,0.0687,0.0515,0.1135,-0.0261,0.7309,0.6909,0.0188,0.1055,0.4051,0.7291,0.6561,0.018,0.0914,0.4073,0.7265,0.6981,0.018,0.0908,0.4055,,,,,,,0.1549,,,,,1.0,none,0be177db167f02f61157ec93651186968e323f94e24f3a78b2f6958cf92260dc,22ca1c2f34ff399106067861caa0ac0e025b972f00396be8e936c6329a676dce,1.7987,0.0011,1.7998,0.0434,0.0616,0.105
Citeseer,GraphSAGE,epsd_tuned,"{""lambda_epsd"": 1.0}",789,0.7355,0.000823,0.0,0.7488,0.7203,0.9222,0.0288,0.0821,0.0411,0.0907,-0.0123,0.6961,0.6681,0.0237,0.1074,0.3433,0.7096,0.6367,0.0189,0.1131,0.3614,0.7062,0.6798,0.0189,0.1119,0.3646,,,,,,,0.1524,,,,,1.0,none,13e1ebd42ba4e6f37bd06f8329ee11d059e33f31f6a16b384d0594bdfd68067f,734a1b8455dfb1435c384579f1a86f24bbc519b8c7bad24056519f0d6e238dcf,1.7928,0.001,1.7938,0.0454,0.0596,0.105
Citeseer,GraphSAGE,epsd_tuned,"{""lambda_epsd"": 1.0}",1024,0.7355,0.000823,0.0,0.7278,0.6826,0.9158,0.0274,0.0756,0.0456,0.1077,-0.0182,0.6831,0.6648,0.0137,0.0696,0.3596,0.6952,0.6298,0.0191,0.083,0.3567,0.691,0.6777,0.0191,0.0836,0.3579,,,,,,,0.1809,,,,,1.0,none,1db08d6b3fed8477922ab354d068df52e69a37ace30bc0ca96db933948431cdb,37301dce810292e6e364160e719c826e244a9708e1d4c449a5a7875fc4a5521f,1.7923,0.0012,1.7935,0.0442,0.0599,0.1042
Citeseer,GraphSAGE,epsd_tuned,"{""lambda_epsd"": 1.0}",2024,0.7355,0.000823,0.0,0.759,0.7213,0.92,0.0288,0.0763,0.0464,0.1107,-0.0176,0.704,0.6774,0.031,0.0744,0.3592,0.708,0.6445,0.0199,0.0914,0.3692,0.7058,0.6784,0.0199,0.0889,0.3698,,,,,,,0.1328,,,,,1.0,none,7072463d34c803cafefd0585f08cabdfe99460a98a3c15c5201baf0cd9756142,19083d46f6b6977e71fab2ee8e565daa0f1ef6a0d2eaf349b4827dc1a935e0c8,1.7956,0.0011,1.7966,0.0466,0.0624,0.109
Citeseer,GraphSAGE,epsd_tuned,"{""lambda_epsd"": 1.0}",3141,0.7355,0.000823,0.0,0.7266,0.7018,0.919,0.0273,0.0781,0.0486,0.1095,-0.0213,0.7227,0.695,0.0125,0.0876,0.4033,0.7125,0.6484,0.0176,0.0849,0.3855,0.7085,0.6849,0.0176,0.0811,0.3868,,,,,,,0.1725,,,,,1.0,none,480c53da0582cf552d7663f1c2acbe49af3d15297ceb90523b9c14a27e164a24,5fbdb32079f7ed4417033c7bfe5573cb56fea1dab2ac20f399e17046c69d5161,1.796,0.0012,1.7971,0.0432,0.0591,0.1023
Citeseer,GraphSAGE,epsd_tuned,"{""lambda_epsd"": 1.0}",5000,0.7355,0.000823,0.0,0.7464,0.7031,0.9214,0.0285,0.0785,0.0547,0.1218,-0.0261,0.7166,0.6642,0.0214,0.1019,0.3587,0.7054,0.6361,0.0199,0.0829,0.3495,0.7026,0.6741,0.0199,0.0829,0.3502,,,,,,,0.1557,,,,,1.0,none,1beb29a54f580d2380785f1f4a0c631ee569f1af5daedb913a7a4026ee76b57e,8ae6df3ecdcde9a5451274ea75192c40f230312f27470ab71de3c22e90b1ee31,1.7929,0.0011,1.7939,0.0443,0.0627,0.107
Citeseer,GraphSAGE,epsd_tuned,"{""lambda_epsd"": 1.0}",7777,0.7355,0.000823,0.0,0.7248,0.6954,0.9168,0.0288,0.0751,0.0399,0.0864,-0.0111,0.7234,0.6839,0.0074,0.0819,0.3769,0.7096,0.6454,0.0164,0.0694,0.376,0.7078,0.6826,0.0164,0.0688,0.3741,,,,,,,0.1699,,,,,1.0,none,02b3b3d84bdf0a70ec07db6ff5565e9f67651ed3613d6344d93aab3730f01408,1ab5dddbb8a9e8019689976ae77856a123eae330cc763cce19ae0579783e2608,1.7854,0.0011,1.7865,0.054,0.0674,0.1215
Citeseer,GraphSAGE,epsd_tuned,"{""lambda_epsd"": 1.0}",9999,0.7355,0.000823,0.0,0.7296,0.6905,0.9164,0.0262,0.0738,0.0397,0.0832,-0.0134,0.715,0.6683,0.0297,0.1034,0.4055,0.705,0.6407,0.0264,0.0925,0.3776,0.7009,0.685,0.0264,0.0913,0.3789,,,,,,,0.173,,,,,1.0,none,8c28b483e90f0a94fe5de4e255fa53812f7257a488bcfd8ab84df7c557b63531,ce5bb0ad8582cd48cdf5ae36f2b99f7228cf1260184700e1450c7f73607b51a4,1.7949,0.001,1.7958,0.0406,0.0579,0.0985
synthetic_high_sparse,LogReg,none,{},42,0.7995,0.005,0.0018,0.7,0.7008,0.9338,,,,,,0.727,0.75,0.0595,0.1429,0.5335,0.73,0.6395,0.0174,0.1395,0.5407,0.8086,0.7238,0.0116,0.3023,0.5058,,,,,,,0.1402,,,,,0.0,none,N/A,d3905881cf17c25dc4b3beffb993344fcc27bcf7e8172c5560df5a04bb0d9ac1,,,,,,
synthetic_high_sparse,LogReg,none,{},123,0.7995,0.005,0.0021,0.69,0.6859,0.9223,,,,,,0.6702,0.6885,0.033,0.0769,0.4238,0.6718,0.5902,0.0,0.082,0.4317,0.7046,0.7104,0.0109,0.1038,0.4426,,,,,,,0.181,,,,,0.0,none,N/A,7975bedecfee9dfed2a97062054c1da7bfee9a74f672be5c89526d325e7268dc,,,,,,
synthetic_high_sparse,LogReg,none,{},456,0.7995,0.005,0.0018,0.705,0.7053,0.9436,,,,,,0.6572,0.6952,0.0109,0.0217,0.4316,0.6785,0.6043,0.0107,0.0695,0.4385,0.7397,0.7193,0.0481,0.1925,0.4439,,,,,,,0.1599,,,,,0.0,none,N/A,ec5b25927abdf72e52abee4b25a14dd440557eabec5b3907d7b77b9925581830,,,,,,
synthetic_high_sparse,LogReg,none,{},789,0.7995,0.005,0.0022,0.79,0.7854,0.949,,,,,,0.6095,0.6578,0.0211,0.0632,0.3285,0.5674,0.5348,0.0,0.0214,0.3316,0.7159,0.6631,0.0321,0.1123,0.3316,,,,,,,0.1342,,,,,0.0,none,N/A,a6f61514b8a46613524eb9e285e80552361f9acb9ab79d919eb32556fe252c65,,,,,,
synthetic_high_sparse,LogReg,none,{},1024,0.7995,0.005,0.0023,0.78,0.7728,0.9413,,,,,,0.611,0.6868,0.0111,0.1,0.3911,0.5885,0.5385,0.0,0.0824,0.3571,0.5831,0.6758,0.0165,0.033,0.3626,,,,,,,0.1319,,,,,0.0,none,N/A,9c2a90a9af9ddef5c9f2690113d9d40dc767700ac5e628d19c2f0e9063a628db,,,,,,
synthetic_high_sparse,LogReg,none,{},2024,0.7995,0.005,0.0021,0.67,0.6677,0.9146,,,,,,0.667,0.7344,0.0316,0.0421,0.4839,0.6485,0.5781,0.0208,0.0365,0.4271,0.7911,0.7135,0.0938,0.1927,0.4531,,,,,,,0.2094,,,,,0.0,none,N/A,193f39dd22de995c5a4061c82d6caf4953e84139190ba91463b14b774ced257b,,,,,,
synthetic_high_sparse,LogReg,none,{},3141,0.7995,0.005,0.0021,0.79,0.7888,0.9602,,,,,,0.669,0.6556,0.0122,0.122,0.3736,0.6395,0.5722,0.0056,0.1056,0.3556,0.6331,0.6528,0.0056,0.0556,0.3611,,,,,,,0.0765,,,,,0.0,none,N/A,afdb60ac69149c23eb81120ed4de16639f4e4699c6f6712ac61d9c08d2efdd80,,,,,,
synthetic_high_sparse,LogReg,none,{},5000,0.7995,0.005,0.002,0.805,0.8037,0.9628,,,,,,0.6413,0.6579,0.0233,0.0233,0.3922,0.6566,0.5737,0.0263,0.0789,0.3526,0.656,0.6684,0.0263,0.0789,0.3526,,,,,,,0.1075,,,,,0.0,none,N/A,3061d3784a3e60b91a05bc926b2fec2a95fcf811845631349a58fe41b3f6dcb3,,,,,,
synthetic_high_sparse,LogReg,none,{},7777,0.7995,0.005,0.0022,0.705,0.7044,0.9152,,,,,,0.6779,0.7263,0.0105,0.0526,0.4737,0.6397,0.5684,0.0263,0.0632,0.4211,0.7922,0.7026,0.0947,0.2368,0.4421,,,,,,,0.1695,,,,,0.0,none,N/A,3a211190858d727bdf7235833f7d6ad38ff5848488a4f39ff06519d0d6bf3acd,,,,,,
synthetic_high_sparse,LogReg,none,{},9999,0.7995,0.005,0.0024,0.765,0.7591,0.9449,,,,,,0.6794,0.6919,0.0122,0.0854,0.4201,0.6364,0.5581,0.0058,0.0581,0.3837,0.7009,0.6541,0.0407,0.0756,0.343,,,,,,,0.1382,,,,,0.0,none,N/A,32b986ddedaef144748dd61b0df35a7acbdfc9cb50543da9665af0d517ed4b54,,,,,,
synthetic_high_sparse,MLP,none,{},42,0.7995,0.005,0.0429,0.64,0.6387,0.9004,,,,,,0.864,0.8256,0.119,0.3214,0.6705,0.8483,0.7616,0.0349,0.2558,0.6512,0.8481,0.8198,0.0349,0.2674,0.6512,,,,,,,0.1835,,,,,0.0,none,N/A,9747e7a4863c776d7e53404ce6ffc7e9945e4447d169c2ccfb8384c6c5cb159d,,,,,,
synthetic_high_sparse,MLP,none,{},123,0.7995,0.005,0.0433,0.7,0.697,0.9113,,,,,,0.8334,0.8306,0.0,0.0989,0.6955,0.8446,0.7705,0.0055,0.1694,0.6667,0.844,0.8142,0.0055,0.1639,0.6557,,,,,,,0.1498,,,,,0.0,none,N/A,54ba4b55c3f4b189fdb89dc0a5aabd1a1111ad29ba245480656e8c2c38a968c1,,,,,,
synthetic_high_sparse,MLP,none,{},456,0.7995,0.005,0.0446,0.715,0.7137,0.9101,,,,,,0.784,0.8075,0.0109,0.087,0.6316,0.7972,0.738,0.0267,0.107,0.6257,0.7966,0.8021,0.0267,0.107,0.6203,,,,,,,0.1542,,,,,0.0,none,N/A,e8bf652220a5736bf298e819d21b58230b58a3d0da64e26ca2f7c368d272cabe,,,,,,
synthetic_high_sparse,MLP,none,{},789,0.7995,0.005,0.0444,0.77,0.7647,0.9464,,,,,,0.7701,0.754,0.0,0.0947,0.5452,0.7403,0.6791,0.0,0.0214,0.5508,0.7396,0.7674,0.0,0.0214,0.5508,,,,,,,0.0941,,,,,0.0,none,N/A,bb159f3fb3644198bd68bc93926abdc83a86a9cb2096a9ae947fd8d45615238d,,,,,,
synthetic_high_sparse,MLP,none,{},1024,0.7995,0.005,0.0442,0.8,0.7989,0.9364,,,,,,0.8048,0.7692,0.0444,0.1333,0.6075,0.7945,0.7088,0.0385,0.1264,0.5769,0.7927,0.7802,0.0385,0.1264,0.5769,,,,,,,0.0966,,,,,0.0,none,N/A,c5eda83de05de484be0a65121e57197662f023775888b2f94e9fbec31b846a41,,,,,,
synthetic_high_sparse,MLP,none,{},2024,0.7995,0.005,0.0451,0.67,0.6677,0.8981,,,,,,0.8297,0.8229,0.0105,0.1263,0.6493,0.8199,0.7656,0.0521,0.0781,0.651,0.8186,0.8125,0.0521,0.0781,0.6354,,,,,,,0.1972,,,,,0.0,none,N/A,6e04a56448f991c4f985bcaede8b58e929023f40f7697f2685594d7fb75920f3,,,,,,
synthetic_high_sparse,MLP,none,{},3141,0.7995,0.005,0.0428,0.765,0.7628,0.9536,,,,,,0.8364,0.7778,0.0732,0.1585,0.6879,0.7899,0.7111,0.0111,0.0556,0.6056,0.7885,0.7861,0.0111,0.0556,0.6056,,,,,,,0.0859,,,,,0.0,none,N/A,b88b5cee6f4f64cfc3e71e359e9022b000dbe9d555bca653f1552bf6d2de6d13,,,,,,
synthetic_high_sparse,MLP,none,{},5000,0.7995,0.005,0.0428,0.76,0.7567,0.9463,,,,,,0.801,0.7632,0.0,0.093,0.619,0.8194,0.7421,0.0158,0.1421,0.6211,0.819,0.8026,0.0158,0.1474,0.6211,,,,,,,0.1107,,,,,0.0,none,N/A,cba7a0b6fe2ad00bf3a503fd443769bc63491c0d132948d1040a3c19b7915760,,,,,,
synthetic_high_sparse,MLP,none,{},7777,0.7995,0.005,0.043,0.72,0.7182,0.9086,,,,,,0.8673,0.8316,0.0526,0.0947,0.6947,0.8473,0.7789,0.0316,0.0895,0.6737,0.8475,0.8263,0.0316,0.0842,0.6737,,,,,,,0.1395,,,,,0.0,none,N/A,af99aed9ddacd1ca2b19eb1d002cdc644f583b6da15a3f5e478bfbff2020dda0,,,,,,
synthetic_high_sparse,MLP,none,{},9999,0.7995,0.005,0.0448,0.755,0.7481,0.9514,,,,,,0.805,0.7733,0.0,0.122,0.6089,0.782,0.7267,0.0465,0.0814,0.5523,0.779,0.7616,0.0465,0.0698,0.5465,,,,,,,0.1147,,,,,0.0,none,N/A,945fc91d83f1d3eb37063ffd82e7fe3eb9cdb7b2f0952b7f6a7e1bc40427d130,,,,,,
synthetic_high_sparse,GCN,none,{},42,0.7995,0.005,0.0,0.82,0.8171,0.9667,0.2748,0.6057,0.1721,0.4256,0.1027,0.7348,0.6512,0.0595,0.1667,0.3528,0.7066,0.6221,0.0814,0.157,0.3488,0.707,0.6395,0.0814,0.1628,0.3547,,,,,,,0.0973,,,,,0.0,none,75196e15508d2447612179e7894963f515a93847b9ea04ca5a885c0b8f2aa01d,13ecb8732829b7d3bea34bfa2415db770d29597dcdd3f557e1858f925aa9b28a,2.0297,0.0,2.0297,0.0156,0.0,0.0156
synthetic_high_sparse,GCN,none,{},123,0.7995,0.005,0.0,0.88,0.8791,0.977,0.3071,0.6282,0.2469,0.5201,0.0602,0.6746,0.6011,0.022,0.1209,0.2581,0.6321,0.5628,0.0383,0.1148,0.2295,0.6311,0.5929,0.0492,0.1148,0.224,,,,,,,0.0815,,,,,0.0,none,d1e71c93780d12d3a4b47b1bebf8d816591e85ca32aa3d387dc5ca6d4ecd56e7,a40a181b8119d18bdde1c2c7227480caa2c656229ad05d41bfa0e606c0884018,1.6614,0.0,1.6614,0.0541,0.0,0.0541
synthetic_high_sparse,GCN,none,{},456,0.7995,0.005,0.0,0.89,0.8886,0.9794,0.262,0.5701,0.2851,0.558,-0.0231,0.5787,0.5722,0.0109,0.0543,0.1955,0.6017,0.5561,0.0,0.0374,0.1979,0.602,0.5882,0.0214,0.0535,0.1925,,,,,,,0.0663,,,,,0.0,none,9ed1e3cbba41cfcbf5ad833b1ab489468350371d111c652ee5cd5dbcfe6210c4,b6d3c65f16a6edca7f6dc76f1824ff9cb97b49d156488a7746af976881bde7a2,2.2518,0.0,2.2518,0.0222,0.0,0.0222
synthetic_high_sparse,GCN,none,{},789,0.7995,0.005,0.0,0.88,0.8796,0.9741,0.27,0.5921,0.2799,0.5538,-0.01,0.6144,0.6043,0.0105,0.0421,0.2524,0.6437,0.6043,0.016,0.0428,0.2406,0.6437,0.6096,0.016,0.0428,0.2406,,,,,,,0.0796,,,,,0.0,none,6d5668810be1f649a349e0883f4618e94ed5c709bd8cf4cbb7b0ab0705f6e52b,bd2bb94025871743f179ee8e8578312cf42ae0ebf16ca5a08ca98ebc174feac0,2.2357,0.0,2.2357,0.0582,0.0,0.0582
synthetic_high_sparse,GCN,none,{},1024,0.7995,0.005,0.0,0.865,0.862,0.9828,0.2568,0.5851,0.239,0.505,0.0177,0.5947,0.5714,0.0778,0.1,0.2034,0.5949,0.5604,0.033,0.0879,0.1538,0.5935,0.5577,0.0495,0.0879,0.1593,,,,,,,0.0826,,,,,0.0,none,33bceba43d32dd03f908553e78ea74b80d9d2ec7cc5621d2e8b155c49e444e38,cd86daa39dd24a85e607ea4d9fb5c35306994cd5cd59acc90c14a189acdf4302,1.762,0.0,1.762,0.0543,0.0,0.0543
synthetic_high_sparse,GCN,none,{},2024,0.7995,0.005,0.0,0.845,0.8442,0.9618,0.2617,0.5797,0.2019,0.4714,0.0599,0.5909,0.6042,0.0,0.0632,0.2356,0.6003,0.5521,0.0104,0.0885,0.2344,0.5997,0.5885,0.0104,0.0885,0.2292,,,,,,,0.1147,,,,,0.0,none,cd52e2a344b9a08c1fb404aa1adf876f3d5ccd94b37e6b0b62db496ea4eedfbe,6696b9af88e8d4459927275000ca310afef84ebe52e95d68e4d1b95bdcf20f91,1.9272,0.0,1.9272,0.0487,0.0,0.0487
synthetic_high_sparse,GCN,none,{},3141,0.7995,0.005,0.0,0.895,0.8859,0.9859,0.2524,0.5951,0.2269,0.5086,0.0254,0.6326,0.5944,0.0122,0.0488,0.2675,0.6385,0.5833,0.0,0.1,0.2444,0.6386,0.6028,0.0111,0.1,0.2444,,,,,,,0.0627,,,,,0.0,none,06464e1be24f5d8c8aae34dc7be387db422cdcf687a954b19ef7e3bda30134b3,2433af096a5f9d5000742734b9b97b8666d9a595c0ef58348149e3bed87c28d2,2.1988,0.0,2.1988,0.0382,0.0,0.0382
synthetic_high_sparse,GCN,none,{},5000,0.7995,0.005,0.0,0.88,0.8816,0.9836,0.2651,0.5887,0.242,0.519,0.0231,0.6115,0.5579,0.0349,0.0465,0.2151,0.6573,0.6105,0.0,0.0895,0.2632,0.6571,0.6132,0.0368,0.1,0.2632,,,,,,,0.0771,,,,,0.0,none,8976bfe7e7d3cca43f68dd0fb95c0afa860bfcee86ed392980b45b7ef6f9cdc1,eb86811b0f64d04857d0dacc3f52a9f6d71aa49e67b3573dd0f9b3fe1a7192ac,1.8344,0.0,1.8344,0.0319,0.0,0.0319
synthetic_high_sparse,GCN,none,{},7777,0.7995,0.005,0.0,0.85,0.8474,0.9772,0.3575,0.6854,0.2649,0.5413,0.0925,0.6396,0.6211,0.0,0.0947,0.2737,0.6237,0.5789,0.0,0.0895,0.2474,0.6238,0.6132,0.0316,0.0895,0.2421,,,,,,,0.0821,,,,,0.0,none,4228cbc6e02d1c6caceb2df76327300f220272410ddd5dd2b8f536b7e9ecf8fa,3d8f9751f60f84a08e76568d9157f3f588fe077f9cd507a316860fce5698bd3d,1.9415,0.0,1.9415,0.0424,0.0,0.0424
synthetic_high_sparse,GCN,none,{},9999,0.7995,0.005,0.0,0.89,0.8867,0.9884,0.2994,0.65,0.2616,0.5322,0.0378,0.6269,0.5581,0.0976,0.1585,0.21,0.6028,0.564,0.0,0.1047,0.1919,0.6027,0.5901,0.0058,0.1047,0.1919,,,,,,,0.0865,,,,,0.0,none,af45932048944ba10c63bcebc836904a1d577eca61b744231d3d5db5a1bbaa6b,7349b236ac089debd5cb0ec5b47263ce44e198d052dabb059bb5e65dabd802f4,1.9694,0.0,1.9694,0.036,0.0,0.036
synthetic_high_sparse,GCN,dropedge,"{""rate"": 0.3}",42,0.7995,0.005,0.0,0.785,0.7836,0.9638,0.2455,0.5262,0.1417,0.356,0.1037,0.7498,0.6337,0.0119,0.2143,0.4107,0.7183,0.657,0.0349,0.1977,0.3198,0.7175,0.6337,0.0349,0.1977,0.3314,,,,,,,0.0914,,,,,0.0,none,125e96337c1ed88c13c7fe3500e5dd0e42f1ad5ddd391f623c87e4f0ba9bb76a,4c04fa2b1993bd38e2e00a2cce0a1575f7c46cc36f0cb294a67bf194f9bf3588,2.3497,0.0,2.3497,0.0956,0.0,0.0956
synthetic_high_sparse,GCN,dropedge,"{""rate"": 0.3}",123,0.7995,0.005,0.0,0.865,0.8611,0.9749,0.2719,0.5546,0.2162,0.4668,0.0557,0.6869,0.612,0.011,0.1209,0.3229,0.6436,0.5902,0.0219,0.153,0.2131,0.6389,0.5929,0.0273,0.153,0.2077,,,,,,,0.0414,,,,,0.0,none,a3652af260847de1d64b94711d3392bc7814985480fa487229452acd6a9911c3,7a8afedb8cba7c5da8de7250a4c8fc50aa15ce1deb4f303300a2a018b610368c,1.9817,0.0,1.9817,0.2443,0.0,0.2443
synthetic_high_sparse,GCN,dropedge,"{""rate"": 0.3}",456,0.7995,0.005,0.0,0.88,0.8795,0.9756,0.2436,0.5405,0.2554,0.5128,-0.0118,0.5609,0.5936,0.0109,0.0435,0.2281,0.6121,0.5615,0.0214,0.0588,0.2353,0.6118,0.6123,0.0214,0.0588,0.2299,,,,,,,0.0558,,,,,0.0,none,98b5455320aacacbd548d448b51ddb6c87f1eb658f372e22acd027c29002878f,edb0b840ab4fdc414d45e6940a25deb58791e2b0f17c3b55136b795df81fcf45,2.4395,0.0,2.4395,0.1763,0.0,0.1763
synthetic_high_sparse,GCN,dropedge,"{""rate"": 0.3}",789,0.7995,0.005,0.0,0.875,0.8731,0.9731,0.2333,0.5176,0.2359,0.477,-0.0027,0.6246,0.6043,0.0,0.0842,0.2531,0.6417,0.5989,0.0107,0.0749,0.2299,0.6396,0.6016,0.0321,0.0481,0.2299,,,,,,,0.0415,,,,,0.0,none,28e1c067cc596405d118af487d42f6b4016d49d86d5ac6d4033b61af53b458e5,2790f1e1bde8d8418b6fcac55759d3ebd39bf6056f0a130f73ac38515cd6fb1a,2.4074,0.0,2.4074,0.1844,0.0,0.1844
synthetic_high_sparse,GCN,dropedge,"{""rate"": 0.3}",1024,0.7995,0.005,0.0,0.85,0.8482,0.976,0.2269,0.5117,0.2037,0.4543,0.0232,0.6042,0.5659,0.0556,0.1222,0.2007,0.5995,0.5769,0.0549,0.0934,0.1593,0.596,0.5495,0.0549,0.0934,0.1648,,,,,,,0.0652,,,,,0.0,none,799af191630d8ef6c2968b4d125047851c4c16e32303624246064a2d137cbc91,c50b2706399bf865f45894784e8c991fb221f499aaa56d76b9fadb8545d7dacd,1.9757,0.0,1.9757,0.2057,0.0,0.2057
synthetic_high_sparse,GCN,dropedge,"{""rate"": 0.3}",2024,0.7995,0.005,0.0,0.82,0.8187,0.9644,0.2181,0.4941,0.1736,0.4071,0.0445,0.6126,0.5885,0.0,0.1263,0.2455,0.623,0.5521,0.0,0.1146,0.2083,0.6233,0.5938,0.0,0.1146,0.2135,,,,,,,0.0698,,,,,0.0,none,95c18df30ca454a1c90c4592756b33897123fafb068e37d5955abb14b70d279d,0c861a61a24878f2782c0d9dd7f05221ea716a21582c145b34f5679d0fa2d03b,2.2206,0.0,2.2206,0.2118,0.0,0.2118
synthetic_high_sparse,GCN,dropedge,"{""rate"": 0.3}",3141,0.7995,0.005,0.0,0.875,0.8664,0.9855,0.2165,0.5073,0.2136,0.4794,0.0029,0.6192,0.5833,0.0122,0.0854,0.2474,0.6395,0.5778,0.0278,0.0778,0.25,0.6392,0.6139,0.0278,0.0778,0.25,,,,,,,0.0404,,,,,0.0,none,d1d845447eeebe87977743f1a4118663c1f0964db644cfbda9d44f69c4e29606,346e737575e7170d5c778dbf86dae5fc35e3f4d80fa67db302ff410632823ca1,2.4807,0.0,2.4807,0.2221,0.0,0.2221
synthetic_high_sparse,GCN,dropedge,"{""rate"": 0.3}",5000,0.7995,0.005,0.0,0.875,0.8755,0.9798,0.2415,0.5413,0.226,0.4851,0.0155,0.6214,0.5579,0.0116,0.0465,0.2189,0.6738,0.6158,0.0316,0.0895,0.2947,0.6714,0.6237,0.0316,0.0895,0.3,,,,,,,0.0409,,,,,0.0,none,39bc2d6f4d8a5e2b4401c98dcdf93b397d4b530eb98925ee96644c6ecc215b0a,4e501fe861b2498ad38022548a39cad51d263f1fe16dc857dcae84f3b3126cbd,1.9279,0.0,1.9279,0.1564,0.0,0.1564
synthetic_high_sparse,GCN,dropedge,"{""rate"": 0.3}",7777,0.7995,0.005,0.0,0.85,0.8497,0.9772,0.2997,0.5739,0.2225,0.4403,0.0772,0.6805,0.6526,0.0105,0.1053,0.3789,0.6576,0.6053,0.0053,0.0947,0.2842,0.6521,0.6158,0.0211,0.1105,0.2842,,,,,,,0.0539,,,,,0.0,none,fab464ab6ae821b04d40034309a26c128e085d3319ca5117496717086c503ad8,3955a37b3898006a7687e44373967c05439c573015d0f3fe43f0ab428ff9751b,2.1908,0.0,2.1908,0.2382,0.0,0.2382
synthetic_high_sparse,GCN,dropedge,"{""rate"": 0.3}",9999,0.7995,0.005,0.0,0.865,0.8614,0.986,0.2462,0.5331,0.2213,0.4624,0.0248,0.6512,0.5872,0.0976,0.1463,0.2794,0.6182,0.5756,0.0233,0.1221,0.2267,0.6189,0.5814,0.0581,0.1163,0.2267,,,,,,,0.0454,,,,,0.0,none,c212f5e7b7a1ef54e30117985734489da4cc99e5f62c216675c8f64135b9a37b,b1f23b04be26d01a61e19b7abf8ea745541bf051df7e52bb83580a388a24dd76,2.2416,0.0,2.2416,0.205,0.0,0.205
synthetic_high_sparse,GCN,label_smoothing,"{""alpha"": 0.1}",42,0.7995,0.005,0.0,0.815,0.8129,0.9659,0.2269,0.4554,0.1115,0.2758,0.1154,0.7471,0.7151,0.0238,0.1667,0.4356,0.7275,0.6628,0.0349,0.1395,0.3837,0.7275,0.6831,0.0407,0.1686,0.3837,,,,,,,0.0759,,,,,0.0,none,2e4907707d33f52662f4a083ccb20768aa2189090aa9336281f6446f937f637c,1aae2827e786b6b9ff7619869c6e21a3c35b0e3899cac32f162940bc7c0a4056,2.0314,0.0,2.0314,0.4753,0.0,0.4753
synthetic_high_sparse,GCN,label_smoothing,"{""alpha"": 0.1}",123,0.7995,0.005,0.0,0.865,0.8633,0.9796,0.2599,0.507,0.1713,0.3722,0.0886,0.6807,0.623,0.011,0.0879,0.3348,0.6493,0.5956,0.0055,0.0765,0.2623,0.6821,0.623,0.0109,0.1366,0.2787,,,,,,,0.1005,,,,,0.0,none,a6891eefd8ae2ad58c8e7750373b8f77f16a69203ecfcecdec54d4e6b3718a89,6cde0c1e0ec6ada8f204540e18621d7f65d073cfbe2f771a40b743eefca1f2c5,1.6914,0.0,1.6914,0.5146,0.0,0.5146
synthetic_high_sparse,GCN,label_smoothing,"{""alpha"": 0.1}",456,0.7995,0.005,0.0,0.86,0.8586,0.9747,0.2352,0.4763,0.2227,0.4482,0.0125,0.5915,0.5668,0.0,0.0,0.2068,0.6077,0.5561,0.0053,0.0321,0.2353,0.6076,0.6016,0.0053,0.0321,0.2353,,,,,,,0.0566,,,,,0.0,none,08ae9576849286acad90485269ff2ea0fbd91477a93f77e00112b6fb24e6bc9b,494cd6274d5d44d8ed45a75e6a1faace03639092ba61ae8839a360ed6c24b9da,2.23,0.0,2.23,0.5009,0.0,0.5009
synthetic_high_sparse,GCN,label_smoothing,"{""alpha"": 0.1}",789,0.7995,0.005,0.0,0.86,0.8596,0.9723,0.2221,0.4693,0.196,0.3922,0.0261,0.6411,0.6364,0.0,0.0105,0.2898,0.6555,0.6257,0.0053,0.0481,0.3102,0.685,0.6203,0.0107,0.1176,0.3048,,,,,,,0.0768,,,,,0.0,none,586f0080db8fb1aa539dadaf3508d2f5eec7c67c2138fec58cc1524100c927d2,87888fbadb1fcca31bdfc5ddca49dd05897fca215da3862b8454912aac8d6122,2.2256,0.0,2.2256,0.5216,0.0,0.5216
synthetic_high_sparse,GCN,label_smoothing,"{""alpha"": 0.1}",1024,0.7995,0.005,0.0,0.86,0.8587,0.9782,0.2227,0.4623,0.1759,0.3819,0.0469,0.6008,0.5989,0.0,0.0556,0.2382,0.6032,0.5989,0.0055,0.044,0.2033,0.65,0.5742,0.0055,0.0275,0.2418,,,,,,,0.0728,,,,,0.0,none,46a57b18f2e644d81af703911dc11d17849eba146f9189820586d448dac0ef63,6bb4a405172bd9ae61f68d4375e679ba62664dfd7df3817e79748e2c402abc94,1.8058,0.0,1.8058,0.5075,0.0,0.5075
synthetic_high_sparse,GCN,label_smoothing,"{""alpha"": 0.1}",2024,0.7995,0.005,0.0,0.84,0.839,0.9651,0.2176,0.4481,0.1632,0.3675,0.0544,0.618,0.625,0.0,0.0316,0.2744,0.6283,0.5625,0.0,0.0625,0.2604,0.6561,0.6224,0.0052,0.1146,0.2552,,,,,,,0.052,,,,,0.0,none,e64189736f818311bbd3cf5c225f60176095fc78d3f860a71e2beb73d68479e2,2cc602cb4abbc5015217dbdcd1444b04fc0703f6ae581b66c1aff1cdca2c694d,1.9334,0.0,1.9334,0.5146,0.0,0.5146
synthetic_high_sparse,GCN,label_smoothing,"{""alpha"": 0.1}",3141,0.7995,0.005,0.0,0.885,0.8779,0.9847,0.203,0.4359,0.1784,0.3916,0.0245,0.6489,0.6,0.0,0.0244,0.2902,0.6669,0.6278,0.0,0.0611,0.3056,0.6668,0.6389,0.0,0.0611,0.3056,,,,,,,0.103,,,,,0.0,none,9dd904fbe77338a3cfa6edffe355fb40189faaaf9f3c816dbabb010efa4d7e0b,8f0f8df6b905618002e8dc59920da9b42bb5a2427205980cbf05afb7c104fa8c,2.1956,0.0,2.1956,0.5053,0.0,0.5053
synthetic_high_sparse,GCN,label_smoothing,"{""alpha"": 0.1}",5000,0.7995,0.005,0.0,0.865,0.8662,0.9816,0.2352,0.4808,0.1823,0.384,0.0529,0.6014,0.5895,0.0,0.0233,0.2491,0.6614,0.6105,0.0,0.0421,0.3105,0.6624,0.6526,0.0,0.0368,0.3105,,,,,,,0.0986,,,,,0.0,none,27b86c2bafe425523885cfad59d00d55f3bda1dbec7c29ce6d103b8aa090c15e,f0b97f63b98996b310adf2b25ea3964f171474ddff0db5b67cca319ab08b4069,1.8592,0.0,1.8592,0.5039,0.0,0.5039
synthetic_high_sparse,GCN,label_smoothing,"{""alpha"": 0.1}",7777,0.7995,0.005,0.0,0.815,0.8133,0.9766,0.282,0.5083,0.1851,0.3748,0.0969,0.6542,0.6474,0.0,0.0316,0.3368,0.6408,0.6053,0.0053,0.0421,0.2895,0.6438,0.6342,0.0105,0.0579,0.2947,,,,,,,0.0742,,,,,0.0,none,d750c3cf7e3cc875479f6f956d498669a3826257e176005e4fe6bbf1b7781ff2,c2bd633a3858fdbe7022eef764e815aea87ef40c258d87aa634d7b8abe284b48,1.9429,0.0,1.9429,0.5076,0.0,0.5076
synthetic_high_sparse,GCN,label_smoothing,"{""alpha"": 0.1}",9999,0.7995,0.005,0.0,0.86,0.8557,0.9843,0.2344,0.4773,0.1831,0.389,0.0513,0.6165,0.6163,0.0854,0.1341,0.2569,0.6033,0.5581,0.0,0.0872,0.2209,0.6591,0.6134,0.0233,0.0872,0.2442,,,,,,,0.0566,,,,,0.0,none,5f0e4877a504c857f8a9fe193a48fec79659381e52c94fda8797f51329a49b1e,3c897e40fa57955e68398f022c12ba041163d2c0ec6b758511d4e6d49aae47eb,1.9841,0.0,1.9841,0.4974,0.0,0.4974
synthetic_high_sparse,GCN,early_stopping,"{""patience"": 15}",42,0.7995,0.005,0.0,0.82,0.8171,0.9667,0.2748,0.6057,0.1721,0.4256,0.1027,0.7348,0.6512,0.0595,0.1667,0.3528,0.7066,0.6221,0.0814,0.157,0.3488,0.707,0.6395,0.0814,0.1628,0.3547,,,,,,,0.0973,,,,,0.0,none,75196e15508d2447612179e7894963f515a93847b9ea04ca5a885c0b8f2aa01d,13ecb8732829b7d3bea34bfa2415db770d29597dcdd3f557e1858f925aa9b28a,2.0297,0.0,2.0297,0.0156,0.0,0.0156
synthetic_high_sparse,GCN,early_stopping,"{""patience"": 15}",123,0.7995,0.005,0.0,0.88,0.8791,0.977,0.3071,0.6282,0.2469,0.5201,0.0602,0.6746,0.6011,0.022,0.1209,0.2581,0.6321,0.5628,0.0383,0.1148,0.2295,0.6311,0.5929,0.0492,0.1148,0.224,,,,,,,0.0815,,,,,0.0,none,d1e71c93780d12d3a4b47b1bebf8d816591e85ca32aa3d387dc5ca6d4ecd56e7,a40a181b8119d18bdde1c2c7227480caa2c656229ad05d41bfa0e606c0884018,1.6614,0.0,1.6614,0.0541,0.0,0.0541
synthetic_high_sparse,GCN,early_stopping,"{""patience"": 15}",456,0.7995,0.005,0.0,0.89,0.8886,0.9794,0.262,0.5701,0.2851,0.558,-0.0231,0.5787,0.5722,0.0109,0.0543,0.1955,0.6017,0.5561,0.0,0.0374,0.1979,0.602,0.5882,0.0214,0.0535,0.1925,,,,,,,0.0663,,,,,0.0,none,9ed1e3cbba41cfcbf5ad833b1ab489468350371d111c652ee5cd5dbcfe6210c4,b6d3c65f16a6edca7f6dc76f1824ff9cb97b49d156488a7746af976881bde7a2,2.2518,0.0,2.2518,0.0222,0.0,0.0222
synthetic_high_sparse,GCN,early_stopping,"{""patience"": 15}",789,0.7995,0.005,0.0,0.88,0.8796,0.9741,0.27,0.5921,0.2799,0.5538,-0.01,0.6144,0.6043,0.0105,0.0421,0.2524,0.6437,0.6043,0.016,0.0428,0.2406,0.6437,0.6096,0.016,0.0428,0.2406,,,,,,,0.0796,,,,,0.0,none,6d5668810be1f649a349e0883f4618e94ed5c709bd8cf4cbb7b0ab0705f6e52b,bd2bb94025871743f179ee8e8578312cf42ae0ebf16ca5a08ca98ebc174feac0,2.2357,0.0,2.2357,0.0582,0.0,0.0582
synthetic_high_sparse,GCN,early_stopping,"{""patience"": 15}",1024,0.7995,0.005,0.0,0.865,0.862,0.9828,0.2568,0.5851,0.239,0.505,0.0177,0.5947,0.5714,0.0778,0.1,0.2034,0.5949,0.5604,0.033,0.0879,0.1538,0.5935,0.5577,0.0495,0.0879,0.1593,,,,,,,0.0826,,,,,0.0,none,33bceba43d32dd03f908553e78ea74b80d9d2ec7cc5621d2e8b155c49e444e38,cd86daa39dd24a85e607ea4d9fb5c35306994cd5cd59acc90c14a189acdf4302,1.762,0.0,1.762,0.0543,0.0,0.0543
synthetic_high_sparse,GCN,early_stopping,"{""patience"": 15}",2024,0.7995,0.005,0.0,0.845,0.8442,0.9618,0.2617,0.5797,0.2019,0.4714,0.0599,0.5909,0.6042,0.0,0.0632,0.2356,0.6003,0.5521,0.0104,0.0885,0.2344,0.5997,0.5885,0.0104,0.0885,0.2292,,,,,,,0.1147,,,,,0.0,none,cd52e2a344b9a08c1fb404aa1adf876f3d5ccd94b37e6b0b62db496ea4eedfbe,6696b9af88e8d4459927275000ca310afef84ebe52e95d68e4d1b95bdcf20f91,1.9272,0.0,1.9272,0.0487,0.0,0.0487
synthetic_high_sparse,GCN,early_stopping,"{""patience"": 15}",3141,0.7995,0.005,0.0,0.895,0.8859,0.9859,0.2524,0.5951,0.2269,0.5086,0.0254,0.6326,0.5944,0.0122,0.0488,0.2675,0.6385,0.5833,0.0,0.1,0.2444,0.6386,0.6028,0.0111,0.1,0.2444,,,,,,,0.0627,,,,,0.0,none,06464e1be24f5d8c8aae34dc7be387db422cdcf687a954b19ef7e3bda30134b3,2433af096a5f9d5000742734b9b97b8666d9a595c0ef58348149e3bed87c28d2,2.1988,0.0,2.1988,0.0382,0.0,0.0382
synthetic_high_sparse,GCN,early_stopping,"{""patience"": 15}",5000,0.7995,0.005,0.0,0.88,0.8816,0.9836,0.2651,0.5887,0.242,0.519,0.0231,0.6115,0.5579,0.0349,0.0465,0.2151,0.6573,0.6105,0.0,0.0895,0.2632,0.6571,0.6132,0.0368,0.1,0.2632,,,,,,,0.0771,,,,,0.0,none,8976bfe7e7d3cca43f68dd0fb95c0afa860bfcee86ed392980b45b7ef6f9cdc1,eb86811b0f64d04857d0dacc3f52a9f6d71aa49e67b3573dd0f9b3fe1a7192ac,1.8344,0.0,1.8344,0.0319,0.0,0.0319
synthetic_high_sparse,GCN,early_stopping,"{""patience"": 15}",7777,0.7995,0.005,0.0,0.85,0.8474,0.9772,0.3575,0.6854,0.2649,0.5413,0.0925,0.6396,0.6211,0.0,0.0947,0.2737,0.6237,0.5789,0.0,0.0895,0.2474,0.6238,0.6132,0.0316,0.0895,0.2421,,,,,,,0.0821,,,,,0.0,none,4228cbc6e02d1c6caceb2df76327300f220272410ddd5dd2b8f536b7e9ecf8fa,3d8f9751f60f84a08e76568d9157f3f588fe077f9cd507a316860fce5698bd3d,1.9415,0.0,1.9415,0.0424,0.0,0.0424
synthetic_high_sparse,GCN,early_stopping,"{""patience"": 15}",9999,0.7995,0.005,0.0,0.89,0.8867,0.9884,0.2994,0.65,0.2616,0.5322,0.0378,0.6269,0.5581,0.0976,0.1585,0.21,0.6028,0.564,0.0,0.1047,0.1919,0.6027,0.5901,0.0058,0.1047,0.1919,,,,,,,0.0865,,,,,0.0,none,af45932048944ba10c63bcebc836904a1d577eca61b744231d3d5db5a1bbaa6b,7349b236ac089debd5cb0ec5b47263ce44e198d052dabb059bb5e65dabd802f4,1.9694,0.0,1.9694,0.036,0.0,0.036
synthetic_high_sparse,GCN,confidence_masking,"{""top_k"": 2}",42,0.7995,0.005,0.0,0.82,0.8171,0.9377,0.2748,0.6057,0.1721,0.4256,0.1027,0.7292,0.6628,0.0595,0.1905,0.3582,0.7026,0.6105,0.0523,0.1802,0.3372,0.7025,0.6453,0.0756,0.1802,0.3372,,,,,,,0.1024,,,,,0.0,none,75196e15508d2447612179e7894963f515a93847b9ea04ca5a885c0b8f2aa01d,13ecb8732829b7d3bea34bfa2415db770d29597dcdd3f557e1858f925aa9b28a,2.0297,0.0,2.0297,0.0156,0.0,0.0156
synthetic_high_sparse,GCN,confidence_masking,"{""top_k"": 2}",123,0.7995,0.005,0.0,0.88,0.8791,0.9601,0.3071,0.6282,0.2469,0.5201,0.0602,0.6774,0.6011,0.022,0.1538,0.2772,0.6362,0.5683,0.0492,0.1148,0.2295,0.6349,0.612,0.0492,0.1202,0.2295,,,,,,,0.0752,,,,,0.0,none,d1e71c93780d12d3a4b47b1bebf8d816591e85ca32aa3d387dc5ca6d4ecd56e7,a40a181b8119d18bdde1c2c7227480caa2c656229ad05d41bfa0e606c0884018,1.6614,0.0,1.6614,0.0541,0.0,0.0541
synthetic_high_sparse,GCN,confidence_masking,"{""top_k"": 2}",456,0.7995,0.005,0.0,0.89,0.8886,0.9691,0.262,0.5701,0.2851,0.558,-0.0231,0.5807,0.5615,0.0109,0.0543,0.1962,0.6034,0.5615,0.0,0.0374,0.2032,0.6039,0.5802,0.0267,0.0535,0.2032,,,,,,,0.0659,,,,,0.0,none,9ed1e3cbba41cfcbf5ad833b1ab489468350371d111c652ee5cd5dbcfe6210c4,b6d3c65f16a6edca7f6dc76f1824ff9cb97b49d156488a7746af976881bde7a2,2.2518,0.0,2.2518,0.0222,0.0,0.0222
synthetic_high_sparse,GCN,confidence_masking,"{""top_k"": 2}",789,0.7995,0.005,0.0,0.88,0.8796,0.967,0.27,0.5921,0.2799,0.5538,-0.01,0.6097,0.6096,0.0105,0.0421,0.2527,0.6466,0.615,0.0107,0.0481,0.246,0.6466,0.6096,0.0107,0.0481,0.246,,,,,,,0.0778,,,,,0.0,none,6d5668810be1f649a349e0883f4618e94ed5c709bd8cf4cbb7b0ab0705f6e52b,bd2bb94025871743f179ee8e8578312cf42ae0ebf16ca5a08ca98ebc174feac0,2.2357,0.0,2.2357,0.0582,0.0,0.0582
synthetic_high_sparse,GCN,confidence_masking,"{""top_k"": 2}",1024,0.7995,0.005,0.0,0.865,0.862,0.9702,0.2568,0.5851,0.239,0.505,0.0177,0.595,0.5769,0.0778,0.1,0.2143,0.5966,0.5549,0.033,0.0879,0.1593,0.5962,0.5632,0.0495,0.0879,0.1593,,,,,,,0.0889,,,,,0.0,none,33bceba43d32dd03f908553e78ea74b80d9d2ec7cc5621d2e8b155c49e444e38,cd86daa39dd24a85e607ea4d9fb5c35306994cd5cd59acc90c14a189acdf4302,1.762,0.0,1.762,0.0543,0.0,0.0543
synthetic_high_sparse,GCN,confidence_masking,"{""top_k"": 2}",2024,0.7995,0.005,0.0,0.845,0.8442,0.9512,0.2617,0.5797,0.2019,0.4714,0.0599,0.5898,0.6042,0.0,0.0632,0.2262,0.5991,0.5625,0.0,0.0938,0.2292,0.5988,0.6016,0.0,0.0938,0.2292,,,,,,,0.1115,,,,,0.0,none,cd52e2a344b9a08c1fb404aa1adf876f3d5ccd94b37e6b0b62db496ea4eedfbe,6696b9af88e8d4459927275000ca310afef84ebe52e95d68e4d1b95bdcf20f91,1.9272,0.0,1.9272,0.0487,0.0,0.0487
synthetic_high_sparse,GCN,confidence_masking,"{""top_k"": 2}",3141,0.7995,0.005,0.0,0.895,0.8859,0.9745,0.2524,0.5951,0.2269,0.5086,0.0254,0.6299,0.6056,0.0122,0.0488,0.2695,0.6392,0.5889,0.0,0.1111,0.2444,0.6391,0.6139,0.0167,0.1111,0.2444,,,,,,,0.0609,,,,,0.0,none,06464e1be24f5d8c8aae34dc7be387db422cdcf687a954b19ef7e3bda30134b3,2433af096a5f9d5000742734b9b97b8666d9a595c0ef58348149e3bed87c28d2,2.1988,0.0,2.1988,0.0382,0.0,0.0382
synthetic_high_sparse,GCN,confidence_masking,"{""top_k"": 2}",5000,0.7995,0.005,0.0,0.88,0.8816,0.9604,0.2651,0.5887,0.242,0.519,0.0231,0.6168,0.5579,0.0349,0.0465,0.2258,0.6591,0.6158,0.0,0.1053,0.2737,0.6591,0.6079,0.0368,0.1053,0.2737,,,,,,,0.0788,,,,,0.0,none,8976bfe7e7d3cca43f68dd0fb95c0afa860bfcee86ed392980b45b7ef6f9cdc1,eb86811b0f64d04857d0dacc3f52a9f6d71aa49e67b3573dd0f9b3fe1a7192ac,1.8344,0.0,1.8344,0.0319,0.0,0.0319
synthetic_high_sparse,GCN,confidence_masking,"{""top_k"": 2}",7777,0.7995,0.005,0.0,0.85,0.8474,0.9646,0.3575,0.6854,0.2649,0.5413,0.0925,0.6414,0.6263,0.0,0.0947,0.2737,0.6216,0.5684,0.0,0.0789,0.2368,0.6214,0.6053,0.0,0.0789,0.2368,,,,,,,0.0822,,,,,0.0,none,4228cbc6e02d1c6caceb2df76327300f220272410ddd5dd2b8f536b7e9ecf8fa,3d8f9751f60f84a08e76568d9157f3f588fe077f9cd507a316860fce5698bd3d,1.9415,0.0,1.9415,0.0424,0.0,0.0424
synthetic_high_sparse,GCN,confidence_masking,"{""top_k"": 2}",9999,0.7995,0.005,0.0,0.89,0.8867,0.9755,0.2994,0.65,0.2616,0.5322,0.0378,0.6251,0.5756,0.0976,0.1585,0.1989,0.6058,0.5581,0.0,0.0988,0.1919,0.6057,0.5959,0.0058,0.0988,0.1919,,,,,,,0.0768,,,,,0.0,none,af45932048944ba10c63bcebc836904a1d577eca61b744231d3d5db5a1bbaa6b,7349b236ac089debd5cb0ec5b47263ce44e198d052dabb059bb5e65dabd802f4,1.9694,0.0,1.9694,0.036,0.0,0.036
synthetic_high_sparse,GCN,edge_sparsification,"{""rate"": 0.2}",42,0.7995,0.005,0.0,0.81,0.8094,0.9577,0.2592,0.5764,0.1662,0.3946,0.0929,0.7545,0.6337,0.0595,0.1071,0.4102,0.7313,0.6686,0.0581,0.0872,0.3605,0.7308,0.6424,0.0581,0.093,0.3605,,,,,,,0.1057,,,,,0.0,none,13a62b6236dae42ba48b4659c944d88ef3287995fb182d9b68bf4bba0f483f53,025a01a0fcd12c71e1a23e247e2a0c07215538505bcd4b48c5815ef84be33d9b,2.0464,0.0,2.0464,0.028,0.0,0.028
synthetic_high_sparse,GCN,edge_sparsification,"{""rate"": 0.2}",123,0.7995,0.005,0.0,0.83,0.8308,0.9732,0.3136,0.6486,0.2569,0.5267,0.0567,0.6696,0.623,0.022,0.0989,0.2904,0.6415,0.5847,0.0273,0.1038,0.235,0.6411,0.6066,0.0383,0.0984,0.235,,,,,,,0.115,,,,,0.0,none,2b31f123567c3b5d8d353676a66bc3d83985b02fbd5585326d17c6ab7f9dcb1c,ee3b435e7b8e10393ecc87486a36c8cfd4acb5893e69af34741115df2eb8d524,1.7374,0.0,1.7374,0.0331,0.0,0.0331
synthetic_high_sparse,GCN,edge_sparsification,"{""rate"": 0.2}",456,0.7995,0.005,0.0,0.875,0.8735,0.9746,0.2603,0.563,0.2891,0.5533,-0.0289,0.5938,0.5775,0.0326,0.0543,0.1748,0.6114,0.5508,0.0,0.0642,0.2193,0.6117,0.6016,0.0428,0.0642,0.2193,,,,,,,0.0888,,,,,0.0,none,2f95c0c564a9f17a22d5c2e7f7e8b4c1ff68dc7cc693e6977c76ae33a06d883c,7632be191b02bee469e10c98682a33b482c2cffb47a76eda9218b8f7b81b3b4c,2.1632,0.0,2.1632,0.0354,0.0,0.0354
synthetic_high_sparse,GCN,edge_sparsification,"{""rate"": 0.2}",789,0.7995,0.005,0.0,0.815,0.8145,0.9679,0.2674,0.5908,0.2793,0.5456,-0.0119,0.6907,0.6471,0.0316,0.0842,0.3383,0.6884,0.6203,0.0107,0.0695,0.3155,0.6887,0.6524,0.0107,0.0695,0.3155,,,,,,,0.1081,,,,,0.0,none,35c29902139329b9582a3c51ba334ade7d48b77cae14e879feac57acf0ca6070,06cf7083d8dae605186bfedbee80291089b39facac2084ace7c05448fa6b8bc4,2.3462,0.0,2.3462,0.0483,0.0,0.0483
synthetic_high_sparse,GCN,edge_sparsification,"{""rate"": 0.2}",1024,0.7995,0.005,0.0,0.83,0.8304,0.9727,0.253,0.5601,0.215,0.4728,0.038,0.5972,0.5879,0.0556,0.0889,0.2246,0.6214,0.5659,0.033,0.0769,0.2088,0.6216,0.5797,0.033,0.0824,0.2088,,,,,,,0.1059,,,,,0.0,none,194c18e7da74bee6b6b00006bfa65f58956fb3761f3e9e5b98a8a894a1797d66,8932daffbfbe61f2057a94cb75c19f45f934d8070ebaa9e81b676744be5daeff,1.8763,0.0,1.8763,0.0443,0.0,0.0443
synthetic_high_sparse,GCN,edge_sparsification,"{""rate"": 0.2}",2024,0.7995,0.005,0.0,0.795,0.7931,0.9546,0.266,0.5715,0.1872,0.4349,0.0788,0.6397,0.625,0.0,0.0632,0.2985,0.6432,0.5781,0.0,0.0521,0.2969,0.6428,0.612,0.0,0.0521,0.2969,,,,,,,0.1417,,,,,0.0,none,2e11cbf51b99c64d39861c0b667f35ac7656cdabfb1ee32d89e692875c07810b,f045a6eff604626616673e21fc143288b735e1290cf13f9232c3d77de9e498be,2.0795,0.0,2.0795,0.0648,0.0,0.0648
synthetic_high_sparse,GCN,edge_sparsification,"{""rate"": 0.2}",3141,0.7995,0.005,0.0,0.86,0.8514,0.972,0.2441,0.5679,0.2218,0.5017,0.0222,0.6478,0.6111,0.0122,0.061,0.3041,0.6634,0.6056,0.0,0.1278,0.2667,0.6623,0.6222,0.0111,0.1278,0.2556,,,,,,,0.1156,,,,,0.0,none,0fa8f635a5166d8ba6f18cf88b8fd055cbb8ac8f782aa861b5a2e15b2f68e088,28f7f9194f1db0586e7971df8afd86c95cf300d9dff4658ccfab67ce7e4b14eb,2.423,0.0,2.423,0.0468,0.0,0.0468
synthetic_high_sparse,GCN,edge_sparsification,"{""rate"": 0.2}",5000,0.7995,0.005,0.0,0.89,0.8923,0.9783,0.2608,0.5756,0.2452,0.5276,0.0155,0.6523,0.5526,0.0116,0.1512,0.2341,0.6861,0.6211,0.0,0.1474,0.2895,0.6856,0.6237,0.0053,0.1474,0.2895,,,,,,,0.0971,,,,,0.0,none,96ba19265d7741a8fdb0ac70bb7b0800e2a07e684b23ac45d8b775b510451d06,51cde99bd78b25296ca8db6b24d966d527054522c6f192f5c715e0307362e277,1.9298,0.0,1.9298,0.0283,0.0,0.0283
synthetic_high_sparse,GCN,edge_sparsification,"{""rate"": 0.2}",7777,0.7995,0.005,0.0,0.83,0.8276,0.9648,0.336,0.6305,0.2531,0.5059,0.0829,0.6652,0.6316,0.0,0.0632,0.3158,0.6418,0.5895,0.0,0.0579,0.2579,0.6417,0.6132,0.0053,0.0579,0.2579,,,,,,,0.1126,,,,,0.0,none,c17a52eab8e899683db38aa343b580904164c362d88257c62d4df2b7f2b2afb0,f6fe22330da1eafb26bd6b0f44e979eec00f4ed361ff7f31536d1c1e3f0a8011,2.0989,0.0,2.0989,0.0551,0.0,0.0551
synthetic_high_sparse,GCN,edge_sparsification,"{""rate"": 0.2}",9999,0.7995,0.005,0.0,0.85,0.8487,0.9812,0.2821,0.5963,0.2549,0.5249,0.0273,0.6594,0.5988,0.0244,0.0976,0.2827,0.6071,0.561,0.0,0.0465,0.2267,0.6072,0.6105,0.0116,0.0465,0.2267,,,,,,,0.1034,,,,,0.0,none,63cdce98eba7d970f04d3a2e239f2d5142468454c67015002e5df2bf4fc96642,a31df3ef85709cc6719fda11d81d3aea3bf00e025706b2abca24e6eaaa2ce9af,2.0472,0.0,2.0472,0.0748,0.0,0.0748
synthetic_high_sparse,GCN,epsd_tuned,"{""lambda_epsd"": 1.0}",42,0.7995,0.005,0.0,0.815,0.8115,0.9687,0.2161,0.4974,0.1391,0.3511,0.077,0.7279,0.6279,0.0119,0.2143,0.3604,0.7003,0.6337,0.0291,0.1512,0.314,0.6995,0.6308,0.0291,0.1453,0.3198,,,,,,,0.074,,,,,1.0,none,e09a5361d65d24505eb46f81266c878f3baf50ec74ba1290eeaa1c7d70760d5e,646910a53f90b24418b392d159ec8685d623ffcdde494db904f39cd0b707cc3b,2.0297,0.234,2.2637,0.0556,0.2295,0.2852
synthetic_high_sparse,GCN,epsd_tuned,"{""lambda_epsd"": 1.0}",123,0.7995,0.005,0.0,0.88,0.8757,0.9781,0.2493,0.5395,0.2278,0.4858,0.0215,0.6615,0.5847,0.011,0.0989,0.29,0.6309,0.5902,0.0328,0.0929,0.2186,0.6299,0.582,0.0328,0.0984,0.2186,,,,,,,0.0509,,,,,1.0,none,a0cefc6ded428f7d87f08d7aeb6a0684772a7b496053962c427e42d5307c470a,e77648b4f36c80d8fd0756b99da184a7efa87a4b8ba362516d47c70c48ca8f18,1.6614,0.2154,1.8768,0.0823,0.2752,0.3575
synthetic_high_sparse,GCN,epsd_tuned,"{""lambda_epsd"": 1.0}",456,0.7995,0.005,0.0,0.865,0.8634,0.9788,0.2339,0.5345,0.2757,0.5548,-0.0418,0.5201,0.5615,0.0,0.0109,0.2068,0.5667,0.5294,0.016,0.0267,0.1818,0.5665,0.5909,0.0214,0.0321,0.1818,,,,,,,0.0781,,,,,1.0,none,58dae41ebc527c240014deacd017d7807b2a07d1ee6bdf44dd288959fd495987,2ec6bfd26b29ae0544d0aa38751a21df91339d0b044da67f8e198348d59678f4,2.2518,0.22,2.4718,0.0555,0.2494,0.3049
synthetic_high_sparse,GCN,epsd_tuned,"{""lambda_epsd"": 1.0}",789,0.7995,0.005,0.0,0.865,0.8647,0.9763,0.219,0.5011,0.2539,0.5133,-0.035,0.5922,0.5882,0.0,0.0842,0.2117,0.6112,0.5722,0.0107,0.0695,0.2353,0.6117,0.5936,0.0107,0.0695,0.2353,,,,,,,0.0545,,,,,1.0,none,29a379ef097a5e14d6a4d3d35318dd66178e094a3b2e77f0391344070123bd91,8902495dd48dda3e3aab0796c919d2b2c32243f3c976e0bc3514709ad69485d9,2.2357,0.238,2.4738,0.0737,0.2299,0.3036
synthetic_high_sparse,GCN,epsd_tuned,"{""lambda_epsd"": 1.0}",1024,0.7995,0.005,0.0,0.865,0.8623,0.9803,0.2056,0.4852,0.214,0.4689,-0.0084,0.5609,0.5659,0.0111,0.0667,0.1411,0.5774,0.5549,0.0165,0.0879,0.1374,0.5756,0.533,0.022,0.0879,0.1319,,,,,,,0.0864,,,,,1.0,none,4cd80a822c24ffa84b45748ad3159e3ff812c93357809601a1d259bdbc4e0168,261cff0b7a51698c138cb1fde4bb53f3ff634feecea9d819d832174f346ca683,1.762,0.2324,1.9945,0.0628,0.2312,0.294
synthetic_high_sparse,GCN,epsd_tuned,"{""lambda_epsd"": 1.0}",2024,0.7995,0.005,0.0,0.83,0.8287,0.9665,0.2082,0.4874,0.1896,0.4434,0.0186,0.5835,0.5833,0.0,0.1263,0.2259,0.5938,0.5469,0.0052,0.0938,0.2188,0.5924,0.5807,0.0052,0.0885,0.2135,,,,,,,0.096,,,,,1.0,none,6940748220f84f1a60f52808c76099c756cf605ebf87daa98bb3533d5a07b3ad,eddd8f19bf3cc3d6efb69713643e0502b2f29c3c2b97bd7d165684b11b33074a,1.9272,0.2457,2.1729,0.0679,0.2559,0.3238
synthetic_high_sparse,GCN,epsd_tuned,"{""lambda_epsd"": 1.0}",3141,0.7995,0.005,0.0,0.89,0.8813,0.9868,0.1977,0.4854,0.2198,0.4946,-0.0221,0.6068,0.5722,0.0244,0.0488,0.225,0.6173,0.5611,0.0389,0.0667,0.2167,0.6175,0.6056,0.0389,0.0667,0.2167,,,,,,,0.0539,,,,,1.0,none,21b8bbe165b7ad6af443f9b7ef9a6ccdb698288ceec507438e0400360a587f05,b7fc1116623e9fbdcb5936b52a441ffe4b2d8e90db0e2267297a6e010f11948f,2.1988,0.2102,2.4091,0.0636,0.2363,0.2999
synthetic_high_sparse,GCN,epsd_tuned,"{""lambda_epsd"": 1.0}",5000,0.7995,0.005,0.0,0.875,0.8768,0.9828,0.2289,0.5368,0.2381,0.5156,-0.0092,0.589,0.5579,0.0116,0.0233,0.2323,0.6344,0.6,0.0158,0.0579,0.2474,0.6338,0.6211,0.0158,0.0579,0.2421,,,,,,,0.0835,,,,,1.0,none,c307daedb752534e0bd0e5124371529f2d65a510f6266b9a006cb739db469ef7,e9abfc01be877538670bf8fbcb795449b2950f0f1aa647e4ec773a283447cea8,1.8344,0.2301,2.0645,0.045,0.2507,0.2957
synthetic_high_sparse,GCN,epsd_tuned,"{""lambda_epsd"": 1.0}",7777,0.7995,0.005,0.0,0.85,0.8485,0.9755,0.2648,0.5269,0.237,0.4743,0.0279,0.6298,0.6105,0.0,0.0421,0.2947,0.6086,0.5737,0.0053,0.0895,0.2,0.6092,0.5789,0.0,0.0895,0.2,,,,,,,0.0631,,,,,1.0,none,db9acfc78d4df91cf37469bc589ab109bb6c35150a90975e855476b6bad6429b,2028d19ad4e05d6338488582734c7a16004326f4a833d89f17e581322adc2d5f,1.9415,0.2372,2.1786,0.1053,0.2971,0.4024
synthetic_high_sparse,GCN,epsd_tuned,"{""lambda_epsd"": 1.0}",9999,0.7995,0.005,0.0,0.895,0.8919,0.987,0.2316,0.5213,0.2367,0.4816,-0.0051,0.5884,0.564,0.061,0.122,0.197,0.578,0.5349,0.0058,0.0756,0.1919,0.5783,0.5814,0.0058,0.0756,0.1919,,,,,,,0.07,,,,,1.0,none,7326cbfc17dd3b0c61e89d1c3891cf76643e0defcb4988f2741e8a4a58b83490,aa74b80cc5a37792a73f10149a07e079a29101a05ae4959754869b3f344ee147,1.9694,0.2236,2.1929,0.0648,0.2619,0.3267
synthetic_high_sparse,GraphSAGE,none,{},42,0.7995,0.005,0.0,0.81,0.8108,0.9625,0.2539,0.6019,0.3178,0.6172,-0.064,0.7541,0.686,0.0476,0.119,0.4951,0.7388,0.6628,0.0,0.0,0.4884,0.7419,0.7122,0.0407,0.1163,0.4826,,,,,,,0.1274,,,,,0.0,none,411b837e00c6315452ecb2325ca1a69aaf5904e79d6205b4551f6a7e71019630,5fb300a6519ab39e9237543fda1fbb927f842de1fb7ab41944bab3f237fc58d8,1.8678,0.0,1.8678,0.0044,0.0,0.0044
synthetic_high_sparse,GraphSAGE,none,{},123,0.7995,0.005,0.0,0.86,0.8577,0.9679,0.3113,0.6591,0.3441,0.6564,-0.0328,0.7478,0.6393,0.022,0.1758,0.4225,0.7273,0.6393,0.0,0.0,0.4208,0.7289,0.6913,0.0219,0.153,0.4208,,,,,,,0.0971,,,,,0.0,none,0a7abaa86866aa219cdfc6669433c45a51fc2018f61c33767278b190d247a4f7,e88893ab1d6dc5a4fc5fd518b7769976c4e2b22ce408ddc4c42dc8a8c3afb4a4,1.9193,0.0,1.9193,0.0068,0.0,0.0068
synthetic_high_sparse,GraphSAGE,none,{},456,0.7995,0.005,0.0,0.88,0.8782,0.9797,0.2814,0.5676,0.5301,1.1658,-0.2487,0.6453,0.6096,0.0,0.0652,0.3867,0.7142,0.6364,0.0,0.0,0.4011,0.7119,0.6471,0.0267,0.0802,0.4011,,,,,,,0.085,,,,,0.0,none,aa043b03c68e7528d27adb7e48d82ec21e01e522e53506bf9928a126196c9f71,dbb60e87d9d22cb5d17c4df1cdca7e70330c9683aab84cd49c2c1b726749e6bf,1.8757,0.0,1.8757,0.0047,0.0,0.0047
synthetic_high_sparse,GraphSAGE,none,{},789,0.7995,0.005,0.0,0.885,0.8857,0.9814,0.2488,0.5898,0.4786,0.9942,-0.2298,0.7033,0.6952,0.0,0.1053,0.393,0.7018,0.6364,0.0,0.0,0.4118,0.7025,0.6845,0.016,0.0909,0.4118,,,,,,,0.0714,,,,,0.0,none,7c646f0e318b78df9f0f32a38543f046c312e5574b5c3a4fce65c046ef0ec3b8,786e15f28132e80c897791122d73802c7a55cae5cbd3a4edcda312fc68711ac4,1.8904,0.0,1.8904,0.0034,0.0,0.0034
synthetic_high_sparse,GraphSAGE,none,{},1024,0.7995,0.005,0.0,0.905,0.9037,0.9827,0.3209,0.7189,0.4633,1.1638,-0.1424,0.6937,0.6154,0.0,0.1444,0.3329,0.6681,0.6154,0.0,0.0,0.3187,0.6705,0.6154,0.0385,0.1099,0.3132,,,,,,,0.0612,,,,,0.0,none,428aa3b4b55a45b22e106218551cd76d924d69818af52be43a657916721c8622,d04dd36c9db2739b7da9b230d424d3236efd7788d33c6176d98a8a55851eb3c8,1.9205,0.0,1.9205,0.0063,0.0,0.0063
synthetic_high_sparse,GraphSAGE,none,{},2024,0.7995,0.005,0.0,0.855,0.8549,0.9664,0.2544,0.6174,0.3333,0.9235,-0.0789,0.676,0.6667,0.0105,0.0526,0.4424,0.6709,0.6042,0.0,0.0,0.3802,0.6702,0.6719,0.0104,0.0729,0.3802,,,,,,,0.1044,,,,,0.0,none,6959c174fc660556c99d75766f869df6a754f8b68a437fc1a1cf9e6072773117,e5a6a11e31301efdc9d24043001f371eaa016c20ebfcdbc217fd6ae68e15d657,1.8691,0.0,1.8691,0.0166,0.0,0.0166
synthetic_high_sparse,GraphSAGE,none,{},3141,0.7995,0.005,0.0,0.895,0.8923,0.9781,0.2653,0.6062,0.3207,0.6452,-0.0554,0.7476,0.6,0.0,0.061,0.4701,0.7153,0.6444,0.0,0.0,0.3944,0.7154,0.6667,0.0111,0.0611,0.3944,,,,,,,0.0837,,,,,0.0,none,d5431e5610bb9692248efe3b5bde78e5320336f9b03cc3f8a5849c97e4784996,7ba127394ae6c9265da0743dd64611b2b381cc8394a181cee9379a18bcd0043e,1.773,0.0,1.773,0.0071,0.0,0.0071
synthetic_high_sparse,GraphSAGE,none,{},5000,0.7995,0.005,0.0,0.86,0.8617,0.9795,0.2788,0.6729,0.4336,0.8781,-0.1548,0.6717,0.5632,0.0581,0.1628,0.3473,0.6876,0.6,0.0,0.0,0.3474,0.6961,0.6395,0.0211,0.1421,0.3474,,,,,,,0.1144,,,,,0.0,none,6c48bc6c84d953f5a5770da82d60602d0149fa192c1a947d89ef0093e2c6d7b5,6dbd2a5a90be36c04202e81693fe8bebe7813678b8d1e05d42f3686a35546cf2,1.7866,0.0,1.7866,0.0044,0.0,0.0044
synthetic_high_sparse,GraphSAGE,none,{},7777,0.7995,0.005,0.0,0.85,0.8491,0.9758,0.3807,0.7478,0.6631,1.1825,-0.2824,0.6615,0.6579,0.0,0.0632,0.3474,0.6755,0.5947,0.0,0.0,0.3684,0.6737,0.6763,0.0158,0.0789,0.3684,,,,,,,0.1057,,,,,0.0,none,e0800c9632a9a49050e6c038eaa519d2924d395bc6df29614b824b86b7013d05,50bd3db6c0e213eeb0d5dd6d5271fadc23a04b668a2789bdd53d5116a19eed78,1.9937,0.0,1.9937,0.0118,0.0,0.0118
synthetic_high_sparse,GraphSAGE,none,{},9999,0.7995,0.005,0.0,0.885,0.8832,0.9877,0.3066,0.6602,0.731,1.3616,-0.4244,0.6889,0.6337,0.0488,0.1463,0.3545,0.6916,0.6105,0.0,0.0,0.3547,0.6923,0.6424,0.0116,0.093,0.3547,,,,,,,0.0818,,,,,0.0,none,a29cdf710b4e431471fa1b59fbdd5a79f7a4ae8aadd92402d23d2c5f68d8b9b2,4778446601435fff82f3a47ec8c07baaeed4085f77b24d7012d6e6087b7228c9,1.7624,0.0,1.7624,0.0159,0.0,0.0159
synthetic_high_sparse,GraphSAGE,dropedge,"{""rate"": 0.3}",42,0.7995,0.005,0.0,0.845,0.8428,0.9703,0.3255,0.6608,0.4891,0.9651,-0.1637,0.7733,0.6802,0.0238,0.1786,0.5298,0.7592,0.686,0.0,0.0,0.5058,0.7626,0.6831,0.0349,0.1395,0.5058,,,,,,,0.1198,,,,,0.0,none,f280f3e63a86fc6fa473215ca54ed478bdee41cb2bd83eddebfe8dcd10cd9d37,9da1082bd2fee2b099167d97690f88e18d82e3b87574c141661ae383526d05d7,1.8632,0.0,1.8632,0.0262,0.0,0.0262
synthetic_high_sparse,GraphSAGE,dropedge,"{""rate"": 0.3}",123,0.7995,0.005,0.0,0.845,0.8408,0.9754,0.3948,0.7456,0.5054,0.7919,-0.1106,0.7604,0.6448,0.011,0.1648,0.4337,0.7424,0.6721,0.0,0.1257,0.4262,0.7421,0.6858,0.0164,0.1311,0.4262,,,,,,,0.0873,,,,,0.0,none,8b339ea1cee65f23847e47c7c9223bee65edcd3c0fed12ff2e4cf257e271a86f,ca912ee1be5c166ac175a9442a9dfb02d26fcb025ab4e58555f5a26f803056ef,1.872,0.0,1.872,0.0445,0.0,0.0445
synthetic_high_sparse,GraphSAGE,dropedge,"{""rate"": 0.3}",456,0.7995,0.005,0.0,0.89,0.8884,0.9847,0.3529,0.6266,0.7254,1.1819,-0.3725,0.7112,0.615,0.0109,0.0978,0.4166,0.7523,0.6845,0.0,0.123,0.4439,0.7527,0.6711,0.0535,0.1123,0.4385,,,,,,,0.0917,,,,,0.0,none,289b6984ecfdf7becf1598b717be56027287d9f22777fad66b0b0e2c2c53f65c,b43766bf08e403b0eb8c2eb9409aa8d9c78a5b4e6cfcf85ebb1367890e0615eb,1.8311,0.0,1.8311,0.0263,0.0,0.0263
synthetic_high_sparse,GraphSAGE,dropedge,"{""rate"": 0.3}",789,0.7995,0.005,0.0,0.89,0.8908,0.9829,0.3214,0.65,0.6765,0.9881,-0.3551,0.723,0.6791,0.0,0.0526,0.4087,0.7258,0.6684,0.0,0.0,0.4118,0.7257,0.6711,0.016,0.0374,0.4171,,,,,,,0.0542,,,,,0.0,none,2b65bdec569dd21cb59d6c0a551b3eb1441b9a27b61726226acbce970459f1d7,95a65536b328614d5b891827d491a30eb1ee0f0191fa130a31faf192e79e57fd,1.8222,0.0,1.8222,0.0705,0.0,0.0705
synthetic_high_sparse,GraphSAGE,dropedge,"{""rate"": 0.3}",1024,0.7995,0.005,0.0,0.92,0.9172,0.9851,0.3893,0.7303,0.6605,1.2586,-0.2712,0.7443,0.6264,0.0111,0.0667,0.4307,0.7091,0.6429,0.0,0.0934,0.3681,0.7094,0.6264,0.033,0.1099,0.3681,,,,,,,0.0597,,,,,0.0,none,6b0664105757d17b79a2ec3e98e767b0e8043eb410dd7f9733996dbb47776b85,1134adf4849f48b3f0f09a521729cdc81ec7d021b70567305fc7208514973f48,1.9028,0.0,1.9028,0.0479,0.0,0.0479
synthetic_high_sparse,GraphSAGE,dropedge,"{""rate"": 0.3}",2024,0.7995,0.005,0.0,0.84,0.8391,0.9722,0.3234,0.6041,0.5327,0.9317,-0.2092,0.7314,0.6927,0.0316,0.0947,0.463,0.7318,0.6562,0.0,0.099,0.4479,0.7313,0.6771,0.0156,0.1302,0.4375,,,,,,,0.0996,,,,,0.0,none,c4fbfb92dc91e594258181c1e850cff333251ae07f15fa73bc775f3ff47e0a26,b382a681a564797f78c16f05ff395b02c59d5740ff2513706821145155872e11,1.8603,0.0,1.8603,0.0698,0.0,0.0698
synthetic_high_sparse,GraphSAGE,dropedge,"{""rate"": 0.3}",3141,0.7995,0.005,0.0,0.895,0.8913,0.9855,0.3658,0.7478,0.4547,0.804,-0.0889,0.7789,0.5944,0.0,0.0854,0.4905,0.7402,0.6722,0.0,0.1,0.4167,0.7405,0.6667,0.0111,0.1167,0.4167,,,,,,,0.0678,,,,,0.0,none,bf9f3af28855afeffcfe49adb84836c0d1e26a6a7a7f31762d77271c1dfd5504,61e2793ffa76582c1919632c9cb45042a01cd1053d037a8520d81a3b700868e6,1.8477,0.0,1.8477,0.0544,0.0,0.0544
synthetic_high_sparse,GraphSAGE,dropedge,"{""rate"": 0.3}",5000,0.7995,0.005,0.0,0.905,0.9061,0.9878,0.3332,0.7274,0.5724,0.9163,-0.2392,0.7144,0.5737,0.0581,0.0698,0.3625,0.7346,0.6526,0.0,0.0,0.3947,0.7352,0.6526,0.0421,0.1105,0.4,,,,,,,0.0488,,,,,0.0,none,f894e0542f21650be72c4adb0badc3ebd7a5e631d4394fe03fa63d6cc743484c,9f32f0d284b821198cb5692f2407ceb6fb1e52de98f0ef13912769ad5707db04,1.7925,0.0,1.7925,0.0305,0.0,0.0305
synthetic_high_sparse,GraphSAGE,dropedge,"{""rate"": 0.3}",7777,0.7995,0.005,0.0,0.88,0.8803,0.9823,0.4237,0.6746,0.8212,1.3676,-0.3976,0.6978,0.6474,0.0,0.0421,0.3579,0.7071,0.6474,0.0,0.0632,0.3895,0.7072,0.6605,0.0105,0.0684,0.3842,,,,,,,0.0578,,,,,0.0,none,a137d75461f26ecbd312448988e629696e8e568ca10719b0a9adfcede676b15c,ed804cec38d68171bc60762f85bf51c672389729e229c6aec38dc76150193b38,1.8878,0.0,1.8878,0.0663,0.0,0.0663
synthetic_high_sparse,GraphSAGE,dropedge,"{""rate"": 0.3}",9999,0.7995,0.005,0.0,0.875,0.8734,0.9926,0.4157,0.8326,0.7931,1.3827,-0.3774,0.7497,0.6279,0.0488,0.1585,0.4325,0.7275,0.6337,0.0,0.1279,0.3953,0.7276,0.657,0.0407,0.1279,0.4012,,,,,,,0.0691,,,,,0.0,none,2ea2d90963216b9bdfbed29b59d7b48dd9909c9561299c6e972ecfd03051897a,194dff384768b8705304322e49e360b080bc1d085c5ed92d0fa511a332f44ea5,1.8651,0.0,1.8651,0.0217,0.0,0.0217
synthetic_high_sparse,GraphSAGE,label_smoothing,"{""alpha"": 0.1}",42,0.7995,0.005,0.0,0.785,0.7823,0.9513,0.2827,0.3156,0.1512,0.1268,0.1316,0.801,0.7674,0.0,0.0238,0.6126,0.8361,0.7616,0.0,0.0349,0.6395,0.8492,0.7994,0.0174,0.1453,0.6628,,,,,,,0.1039,,,,,0.0,none,969ccade71478ef5e10e2c8a45ee033192174a76e39780df16ddb667f364e50f,3409734056500093bf09ff6b67793193eca5de3dc15c193a33f68bb91467a109,1.8641,0.0,1.8641,0.4539,0.0,0.4539
synthetic_high_sparse,GraphSAGE,label_smoothing,"{""alpha"": 0.1}",123,0.7995,0.005,0.0,0.84,0.8409,0.9584,0.3096,0.3566,0.1835,0.1954,0.1261,0.8208,0.7814,0.011,0.0659,0.6085,0.8157,0.7541,0.0,0.0601,0.5738,0.8257,0.7923,0.0055,0.0437,0.5902,,,,,,,0.1457,,,,,0.0,none,c9ac8e5939543541c19eb60c608d4d7ea6a0f2c776c33976e8fcf7cfa47a9203,93b71ed429441e2707343dac6aebdd75f2e26bb6a81194ceaa5af864771ba4a2,1.9111,0.0,1.9111,0.4714,0.0,0.4714
synthetic_high_sparse,GraphSAGE,label_smoothing,"{""alpha"": 0.1}",456,0.7995,0.005,0.0,0.86,0.858,0.9729,0.311,0.3411,0.1939,0.2186,0.1171,0.7236,0.7433,0.0,0.0,0.526,0.78,0.7166,0.0,0.0107,0.5936,0.802,0.7968,0.0535,0.139,0.5989,,,,,,,0.1513,,,,,0.0,none,4efea4a44a7052560d5965e5019349325ae5eff6f33690700f564d581dbe8863,d61de16ca141e524c73a9221d014914fe3d41a9732c92132189739744a44636e,1.8844,0.0,1.8844,0.4607,0.0,0.4607
synthetic_high_sparse,GraphSAGE,label_smoothing,"{""alpha"": 0.1}",789,0.7995,0.005,0.0,0.85,0.8495,0.9728,0.2507,0.3102,0.1714,0.1802,0.0792,0.8199,0.7807,0.0,0.0211,0.6308,0.8114,0.754,0.0,0.016,0.6096,0.8677,0.7914,0.0642,0.2834,0.615,,,,,,,0.1482,,,,,0.0,none,d45aa8877888cfcdfe9a8314fe0f7bf26d94a7b84be30f429bf4f9eee05650b3,5f7132107cf5a0840fcdf6e64760d4090899f119eb45e41678cf733255406545,1.883,0.0,1.883,0.4586,0.0,0.4586
synthetic_high_sparse,GraphSAGE,label_smoothing,"{""alpha"": 0.1}",1024,0.7995,0.005,0.0,0.885,0.8838,0.984,0.296,0.3399,0.2296,0.2713,0.0664,0.7722,0.7527,0.0,0.0222,0.5635,0.7704,0.7308,0.0,0.0,0.5495,0.7651,0.7527,0.0,0.0,0.5275,,,,,,,0.1398,,,,,0.0,none,8bfd40e581436c9eaa82072c200e1429e352b5521e2dccc0de4b24aebb8e8bbf,6dde65f2c9efeeef36ad82dc607d0d38fa35ca417fd671c9848e1fa89bf8953d,1.9144,0.0,1.9144,0.4623,0.0,0.4623
synthetic_high_sparse,GraphSAGE,label_smoothing,"{""alpha"": 0.1}",2024,0.7995,0.005,0.0,0.81,0.8103,0.9647,0.26,0.3301,0.1624,0.191,0.0976,0.7348,0.7552,0.0,0.0105,0.5137,0.761,0.6927,0.0,0.026,0.526,0.7642,0.763,0.0,0.0312,0.5312,,,,,,,0.0736,,,,,0.0,none,b8d55be0f117f27b1462c94b590df2f7ee084c99f84697c715d989198cdcb271,c0f46c7ddd71ced7d4f95af1c6ac4011fb3a3991ec4495d3d1ae486f6a288bfe,1.8661,0.0,1.8661,0.4783,0.0,0.4783
synthetic_high_sparse,GraphSAGE,label_smoothing,"{""alpha"": 0.1}",3141,0.7995,0.005,0.0,0.84,0.834,0.9717,0.2816,0.3106,0.1698,0.1689,0.1118,0.8374,0.7833,0.0,0.0122,0.6533,0.8108,0.7667,0.0,0.0278,0.6222,0.8054,0.7806,0.0,0.0222,0.6056,,,,,,,0.1159,,,,,0.0,none,139d83406869374f057b49c4b9037c3938c193987501251fe9b8c70acf9ed998,45a930d2113d23fa0b4576fe485e92b468c708cb88f68733dcbb3312c735aea8,1.7811,0.0,1.7811,0.4739,0.0,0.4739
synthetic_high_sparse,GraphSAGE,label_smoothing,"{""alpha"": 0.1}",5000,0.7995,0.005,0.0,0.87,0.8705,0.981,0.3015,0.3334,0.2104,0.1986,0.091,0.7564,0.6947,0.0,0.0698,0.4788,0.7832,0.7158,0.0,0.0684,0.5211,0.7825,0.7368,0.0,0.0684,0.5158,,,,,,,0.1336,,,,,0.0,none,9ac5884a89d30016b3099ca2a2196a7983f6b278dfc780a249bab13edeab3c04,874712af1b52c03fe752d53c59d0fa0f06e5e6307e0df117b972d148e610e5fa,1.8026,0.0,1.8026,0.4588,0.0,0.4588
synthetic_high_sparse,GraphSAGE,label_smoothing,"{""alpha"": 0.1}",7777,0.7995,0.005,0.0,0.8,0.7999,0.9682,0.355,0.3593,0.2447,0.2492,0.1103,0.7641,0.7263,0.0,0.0105,0.5263,0.7615,0.7053,0.0,0.0526,0.5105,0.7811,0.7553,0.0105,0.1105,0.5158,,,,,,,0.0891,,,,,0.0,none,80dbd621c72bbb336d8c85fffd401d1227ba5cc62f63dbd84a44e7148a900f2d,7dcd38bfc5a4377ca2832bce951dc9c9aa9a1acdb968fda8ff2a18c3a047d256,1.9848,0.0,1.9848,0.4759,0.0,0.4759
synthetic_high_sparse,GraphSAGE,label_smoothing,"{""alpha"": 0.1}",9999,0.7995,0.005,0.0,0.88,0.8779,0.9836,0.298,0.3301,0.254,0.26,0.044,0.7359,0.7267,0.0,0.0244,0.4924,0.7341,0.686,0.0,0.0233,0.4884,0.7274,0.7413,0.0,0.0233,0.4826,,,,,,,0.1239,,,,,0.0,none,3747d067b19ead36b86b6660d3ebc9e5f8b9cbee812973d37a5fadfc52e83be1,b4dc34c45f201f2449e27a84317e06fa79039e5b88a422307eccdac42df9a0e3,1.7728,0.0,1.7728,0.473,0.0,0.473
synthetic_high_sparse,GraphSAGE,early_stopping,"{""patience"": 15}",42,0.7995,0.005,0.0,0.81,0.8108,0.9625,0.2539,0.6019,0.3178,0.6172,-0.064,0.7541,0.686,0.0476,0.119,0.4951,0.7388,0.6628,0.0,0.0,0.4884,0.7419,0.7122,0.0407,0.1163,0.4826,,,,,,,0.1274,,,,,0.0,none,411b837e00c6315452ecb2325ca1a69aaf5904e79d6205b4551f6a7e71019630,5fb300a6519ab39e9237543fda1fbb927f842de1fb7ab41944bab3f237fc58d8,1.8678,0.0,1.8678,0.0044,0.0,0.0044
synthetic_high_sparse,GraphSAGE,early_stopping,"{""patience"": 15}",123,0.7995,0.005,0.0,0.86,0.8577,0.9679,0.3113,0.6591,0.3441,0.6564,-0.0328,0.7478,0.6393,0.022,0.1758,0.4225,0.7273,0.6393,0.0,0.0,0.4208,0.7289,0.6913,0.0219,0.153,0.4208,,,,,,,0.0971,,,,,0.0,none,0a7abaa86866aa219cdfc6669433c45a51fc2018f61c33767278b190d247a4f7,e88893ab1d6dc5a4fc5fd518b7769976c4e2b22ce408ddc4c42dc8a8c3afb4a4,1.9193,0.0,1.9193,0.0068,0.0,0.0068
synthetic_high_sparse,GraphSAGE,early_stopping,"{""patience"": 15}",456,0.7995,0.005,0.0,0.88,0.8782,0.9797,0.2814,0.5676,0.5301,1.1658,-0.2487,0.6453,0.6096,0.0,0.0652,0.3867,0.7142,0.6364,0.0,0.0,0.4011,0.7119,0.6471,0.0267,0.0802,0.4011,,,,,,,0.085,,,,,0.0,none,aa043b03c68e7528d27adb7e48d82ec21e01e522e53506bf9928a126196c9f71,dbb60e87d9d22cb5d17c4df1cdca7e70330c9683aab84cd49c2c1b726749e6bf,1.8757,0.0,1.8757,0.0047,0.0,0.0047
synthetic_high_sparse,GraphSAGE,early_stopping,"{""patience"": 15}",789,0.7995,0.005,0.0,0.885,0.8857,0.9814,0.2488,0.5898,0.4786,0.9942,-0.2298,0.7033,0.6952,0.0,0.1053,0.393,0.7018,0.6364,0.0,0.0,0.4118,0.7025,0.6845,0.016,0.0909,0.4118,,,,,,,0.0714,,,,,0.0,none,7c646f0e318b78df9f0f32a38543f046c312e5574b5c3a4fce65c046ef0ec3b8,786e15f28132e80c897791122d73802c7a55cae5cbd3a4edcda312fc68711ac4,1.8904,0.0,1.8904,0.0034,0.0,0.0034
synthetic_high_sparse,GraphSAGE,early_stopping,"{""patience"": 15}",1024,0.7995,0.005,0.0,0.905,0.9037,0.9827,0.3209,0.7189,0.4633,1.1638,-0.1424,0.6937,0.6154,0.0,0.1444,0.3329,0.6681,0.6154,0.0,0.0,0.3187,0.6705,0.6154,0.0385,0.1099,0.3132,,,,,,,0.0612,,,,,0.0,none,428aa3b4b55a45b22e106218551cd76d924d69818af52be43a657916721c8622,d04dd36c9db2739b7da9b230d424d3236efd7788d33c6176d98a8a55851eb3c8,1.9205,0.0,1.9205,0.0063,0.0,0.0063
synthetic_high_sparse,GraphSAGE,early_stopping,"{""patience"": 15}",2024,0.7995,0.005,0.0,0.855,0.8549,0.9664,0.2544,0.6174,0.3333,0.9235,-0.0789,0.676,0.6667,0.0105,0.0526,0.4424,0.6709,0.6042,0.0,0.0,0.3802,0.6702,0.6719,0.0104,0.0729,0.3802,,,,,,,0.1044,,,,,0.0,none,6959c174fc660556c99d75766f869df6a754f8b68a437fc1a1cf9e6072773117,e5a6a11e31301efdc9d24043001f371eaa016c20ebfcdbc217fd6ae68e15d657,1.8691,0.0,1.8691,0.0166,0.0,0.0166
synthetic_high_sparse,GraphSAGE,early_stopping,"{""patience"": 15}",3141,0.7995,0.005,0.0,0.895,0.8923,0.9781,0.2653,0.6062,0.3207,0.6452,-0.0554,0.7476,0.6,0.0,0.061,0.4701,0.7153,0.6444,0.0,0.0,0.3944,0.7154,0.6667,0.0111,0.0611,0.3944,,,,,,,0.0837,,,,,0.0,none,d5431e5610bb9692248efe3b5bde78e5320336f9b03cc3f8a5849c97e4784996,7ba127394ae6c9265da0743dd64611b2b381cc8394a181cee9379a18bcd0043e,1.773,0.0,1.773,0.0071,0.0,0.0071
synthetic_high_sparse,GraphSAGE,early_stopping,"{""patience"": 15}",5000,0.7995,0.005,0.0,0.86,0.8617,0.9795,0.2788,0.6729,0.4336,0.8781,-0.1548,0.6717,0.5632,0.0581,0.1628,0.3473,0.6876,0.6,0.0,0.0,0.3474,0.6961,0.6395,0.0211,0.1421,0.3474,,,,,,,0.1144,,,,,0.0,none,6c48bc6c84d953f5a5770da82d60602d0149fa192c1a947d89ef0093e2c6d7b5,6dbd2a5a90be36c04202e81693fe8bebe7813678b8d1e05d42f3686a35546cf2,1.7866,0.0,1.7866,0.0044,0.0,0.0044
synthetic_high_sparse,GraphSAGE,early_stopping,"{""patience"": 15}",7777,0.7995,0.005,0.0,0.85,0.8491,0.9758,0.3807,0.7478,0.6631,1.1825,-0.2824,0.6615,0.6579,0.0,0.0632,0.3474,0.6755,0.5947,0.0,0.0,0.3684,0.6737,0.6763,0.0158,0.0789,0.3684,,,,,,,0.1057,,,,,0.0,none,e0800c9632a9a49050e6c038eaa519d2924d395bc6df29614b824b86b7013d05,50bd3db6c0e213eeb0d5dd6d5271fadc23a04b668a2789bdd53d5116a19eed78,1.9937,0.0,1.9937,0.0118,0.0,0.0118
synthetic_high_sparse,GraphSAGE,early_stopping,"{""patience"": 15}",9999,0.7995,0.005,0.0,0.885,0.8832,0.9877,0.3066,0.6602,0.731,1.3616,-0.4244,0.6889,0.6337,0.0488,0.1463,0.3545,0.6916,0.6105,0.0,0.0,0.3547,0.6923,0.6424,0.0116,0.093,0.3547,,,,,,,0.0818,,,,,0.0,none,a29cdf710b4e431471fa1b59fbdd5a79f7a4ae8aadd92402d23d2c5f68d8b9b2,4778446601435fff82f3a47ec8c07baaeed4085f77b24d7012d6e6087b7228c9,1.7624,0.0,1.7624,0.0159,0.0,0.0159
synthetic_high_sparse,GraphSAGE,confidence_masking,"{""top_k"": 2}",42,0.7995,0.005,0.0,0.81,0.8108,0.935,0.2539,0.6019,0.3178,0.6172,-0.064,0.756,0.686,0.0357,0.1071,0.4843,0.7411,0.657,0.0,0.0,0.4826,0.7444,0.7064,0.0349,0.1395,0.4826,,,,,,,0.135,,,,,0.0,none,411b837e00c6315452ecb2325ca1a69aaf5904e79d6205b4551f6a7e71019630,5fb300a6519ab39e9237543fda1fbb927f842de1fb7ab41944bab3f237fc58d8,1.8678,0.0,1.8678,0.0044,0.0,0.0044
synthetic_high_sparse,GraphSAGE,confidence_masking,"{""top_k"": 2}",123,0.7995,0.005,0.0,0.86,0.8577,0.953,0.3113,0.6591,0.3441,0.6564,-0.0328,0.7512,0.6284,0.022,0.1758,0.4343,0.7283,0.6393,0.0,0.0,0.4262,0.7306,0.694,0.0219,0.1585,0.4262,,,,,,,0.0971,,,,,0.0,none,0a7abaa86866aa219cdfc6669433c45a51fc2018f61c33767278b190d247a4f7,e88893ab1d6dc5a4fc5fd518b7769976c4e2b22ce408ddc4c42dc8a8c3afb4a4,1.9193,0.0,1.9193,0.0068,0.0,0.0068
synthetic_high_sparse,GraphSAGE,confidence_masking,"{""top_k"": 2}",456,0.7995,0.005,0.0,0.88,0.8782,0.9708,0.2814,0.5676,0.5301,1.1658,-0.2487,0.6457,0.6096,0.0,0.0652,0.3759,0.716,0.631,0.0,0.0,0.3957,0.7141,0.6444,0.0267,0.0909,0.3957,,,,,,,0.0966,,,,,0.0,none,aa043b03c68e7528d27adb7e48d82ec21e01e522e53506bf9928a126196c9f71,dbb60e87d9d22cb5d17c4df1cdca7e70330c9683aab84cd49c2c1b726749e6bf,1.8757,0.0,1.8757,0.0047,0.0,0.0047
synthetic_high_sparse,GraphSAGE,confidence_masking,"{""top_k"": 2}",789,0.7995,0.005,0.0,0.885,0.8857,0.9734,0.2488,0.5898,0.4786,0.9942,-0.2298,0.7047,0.6952,0.0,0.0947,0.3923,0.7045,0.639,0.0,0.0,0.4118,0.705,0.6791,0.016,0.0802,0.4118,,,,,,,0.0681,,,,,0.0,none,7c646f0e318b78df9f0f32a38543f046c312e5574b5c3a4fce65c046ef0ec3b8,786e15f28132e80c897791122d73802c7a55cae5cbd3a4edcda312fc68711ac4,1.8904,0.0,1.8904,0.0034,0.0,0.0034
synthetic_high_sparse,GraphSAGE,confidence_masking,"{""top_k"": 2}",1024,0.7995,0.005,0.0,0.905,0.9037,0.9702,0.3209,0.7189,0.4633,1.1638,-0.1424,0.7011,0.6099,0.0111,0.1333,0.3428,0.6734,0.6126,0.0,0.0,0.3132,0.6764,0.6181,0.0385,0.0989,0.3132,,,,,,,0.0661,,,,,0.0,none,428aa3b4b55a45b22e106218551cd76d924d69818af52be43a657916721c8622,d04dd36c9db2739b7da9b230d424d3236efd7788d33c6176d98a8a55851eb3c8,1.9205,0.0,1.9205,0.0063,0.0,0.0063
synthetic_high_sparse,GraphSAGE,confidence_masking,"{""top_k"": 2}",2024,0.7995,0.005,0.0,0.855,0.8549,0.9506,0.2544,0.6174,0.3333,0.9235,-0.0789,0.6763,0.6615,0.0105,0.0632,0.4426,0.6714,0.6042,0.0,0.0,0.3854,0.6709,0.6719,0.0052,0.0781,0.3854,,,,,,,0.1067,,,,,0.0,none,6959c174fc660556c99d75766f869df6a754f8b68a437fc1a1cf9e6072773117,e5a6a11e31301efdc9d24043001f371eaa016c20ebfcdbc217fd6ae68e15d657,1.8691,0.0,1.8691,0.0166,0.0,0.0166
synthetic_high_sparse,GraphSAGE,confidence_masking,"{""top_k"": 2}",3141,0.7995,0.005,0.0,0.895,0.8923,0.9721,0.2653,0.6062,0.3207,0.6452,-0.0554,0.7535,0.6,0.0,0.0732,0.4925,0.7167,0.65,0.0,0.0,0.3944,0.7176,0.6667,0.0167,0.0611,0.3944,,,,,,,0.0831,,,,,0.0,none,d5431e5610bb9692248efe3b5bde78e5320336f9b03cc3f8a5849c97e4784996,7ba127394ae6c9265da0743dd64611b2b381cc8394a181cee9379a18bcd0043e,1.773,0.0,1.773,0.0071,0.0,0.0071
synthetic_high_sparse,GraphSAGE,confidence_masking,"{""top_k"": 2}",5000,0.7995,0.005,0.0,0.86,0.8617,0.959,0.2788,0.6729,0.4336,0.8781,-0.1548,0.6736,0.5579,0.0349,0.1744,0.3549,0.6895,0.5947,0.0,0.0,0.3684,0.697,0.6447,0.0211,0.1263,0.3684,,,,,,,0.1089,,,,,0.0,none,6c48bc6c84d953f5a5770da82d60602d0149fa192c1a947d89ef0093e2c6d7b5,6dbd2a5a90be36c04202e81693fe8bebe7813678b8d1e05d42f3686a35546cf2,1.7866,0.0,1.7866,0.0044,0.0,0.0044
synthetic_high_sparse,GraphSAGE,confidence_masking,"{""top_k"": 2}",7777,0.7995,0.005,0.0,0.85,0.8491,0.9688,0.3807,0.7478,0.6631,1.1825,-0.2824,0.6624,0.6368,0.0,0.0842,0.3684,0.6785,0.6053,0.0,0.0,0.3737,0.677,0.6763,0.0158,0.0789,0.3737,,,,,,,0.0887,,,,,0.0,none,e0800c9632a9a49050e6c038eaa519d2924d395bc6df29614b824b86b7013d05,50bd3db6c0e213eeb0d5dd6d5271fadc23a04b668a2789bdd53d5116a19eed78,1.9937,0.0,1.9937,0.0118,0.0,0.0118
synthetic_high_sparse,GraphSAGE,confidence_masking,"{""top_k"": 2}",9999,0.7995,0.005,0.0,0.885,0.8832,0.976,0.3066,0.6602,0.731,1.3616,-0.4244,0.6905,0.6163,0.0488,0.1585,0.3734,0.696,0.6163,0.0,0.0,0.3663,0.697,0.6483,0.0116,0.0988,0.3663,,,,,,,0.0764,,,,,0.0,none,a29cdf710b4e431471fa1b59fbdd5a79f7a4ae8aadd92402d23d2c5f68d8b9b2,4778446601435fff82f3a47ec8c07baaeed4085f77b24d7012d6e6087b7228c9,1.7624,0.0,1.7624,0.0159,0.0,0.0159
synthetic_high_sparse,GraphSAGE,edge_sparsification,"{""rate"": 0.2}",42,0.7995,0.005,0.0,0.82,0.8153,0.9588,0.2822,0.6812,0.4437,0.8522,-0.1615,0.7123,0.6686,0.0357,0.119,0.4156,0.7187,0.6279,0.0,0.0,0.4186,0.7222,0.7006,0.0465,0.1163,0.4186,,,,,,,0.1273,,,,,0.0,none,c131f7ec0903d9464158c9f435c96a0560bb540a85cbf21b75aea523173a037d,681cfd41af89622fbcaa18b9b6f7aa204d16d2c77a66e7c5265a039dccf47912,1.7997,0.0,1.7997,0.0094,0.0,0.0094
synthetic_high_sparse,GraphSAGE,edge_sparsification,"{""rate"": 0.2}",123,0.7995,0.005,0.0,0.815,0.813,0.964,0.3987,0.8528,0.4732,0.9689,-0.0746,0.7705,0.6721,0.011,0.1978,0.4562,0.7431,0.6667,0.0,0.0,0.4426,0.7443,0.7049,0.0164,0.153,0.4426,,,,,,,0.1201,,,,,0.0,none,56c0c19a74c39fa4b91f76fb919a45df11e5e1995605b9609b349c40e0116ee4,99c6b7aff50d849d19f898a15c8bd23f1de919f430938bba1e7d3ab982b301c2,1.9384,0.0,1.9384,0.0092,0.0,0.0092
synthetic_high_sparse,GraphSAGE,edge_sparsification,"{""rate"": 0.2}",456,0.7995,0.005,0.0,0.885,0.8837,0.9783,0.3114,0.6261,0.562,1.2296,-0.2506,0.6777,0.6364,0.0,0.1087,0.3355,0.727,0.6471,0.0,0.0,0.3797,0.7286,0.6658,0.0267,0.1337,0.3743,,,,,,,0.0831,,,,,0.0,none,08d711b993b03deb47376618d3e61e9d01cc111c1dca1fbd2680ff2da36d4038,dd9fb808a3ae21e81ee633c9639312c8b151fa66749e4c44ae255f61c5dad573,1.9556,0.0,1.9556,0.0085,0.0,0.0085
synthetic_high_sparse,GraphSAGE,edge_sparsification,"{""rate"": 0.2}",789,0.7995,0.005,0.0,0.88,0.8791,0.9764,0.2584,0.5781,0.4818,0.9227,-0.2234,0.7491,0.7219,0.0105,0.0842,0.5021,0.7195,0.6524,0.0,0.0,0.4545,0.7186,0.6845,0.0214,0.0588,0.4492,,,,,,,0.0668,,,,,0.0,none,0be6aab7e6630185bb3431e2feefc98560216ad8fdce0e50a0ae7f53fe914991,c3e9f7b806d25c0a185d050d138d2739c15e420307cc3799a0355eccb9791ae7,1.8871,0.0,1.8871,0.0071,0.0,0.0071
synthetic_high_sparse,GraphSAGE,edge_sparsification,"{""rate"": 0.2}",1024,0.7995,0.005,0.0,0.885,0.8842,0.9776,0.3392,0.6687,0.5721,1.4363,-0.2329,0.6644,0.6154,0.0,0.0556,0.3256,0.6607,0.5879,0.0,0.0,0.3132,0.6578,0.6374,0.0165,0.0659,0.3132,,,,,,,0.0741,,,,,0.0,none,b7b287791a78e1560e2860a46428ab179d728b3c94634c63cf57568ee8f3bb82,6cd67ccd2ed3dd1acef70b83cd234d2986d667ca4e38b5d07863c8f4fd430b58,1.9869,0.0,1.9869,0.0047,0.0,0.0047
synthetic_high_sparse,GraphSAGE,edge_sparsification,"{""rate"": 0.2}",2024,0.7995,0.005,0.0,0.825,0.8253,0.9622,0.2871,0.6616,0.3547,0.7827,-0.0677,0.7211,0.6927,0.0,0.0316,0.4835,0.7212,0.6406,0.0,0.0,0.4531,0.7204,0.6953,0.0,0.0625,0.4479,,,,,,,0.1254,,,,,0.0,none,7c0824eb5f48d3b502a99935da92c7ff69233098b242c41488f7ea47b9fb886b,cc24adb8ce97a80695c868938480fb15bd457c973b73d117e8394bbbd37bd5be,1.8995,0.0,1.8995,0.0129,0.0,0.0129
synthetic_high_sparse,GraphSAGE,edge_sparsification,"{""rate"": 0.2}",3141,0.7995,0.005,0.0,0.885,0.8849,0.9793,0.3427,0.8208,0.3723,0.7352,-0.0296,0.7434,0.5944,0.0,0.0854,0.445,0.6947,0.6389,0.0,0.0,0.3778,0.6957,0.6556,0.0111,0.0722,0.3722,,,,,,,0.0658,,,,,0.0,none,093c64b38d988198c738597e40f30ec50178356602fdae4e0ae9b4c0f7e13a12,03f47821e61196748c5fbb6cd3a148ae757d003032707ae267fc54a8da5ec618,1.8387,0.0,1.8387,0.0149,0.0,0.0149
synthetic_high_sparse,GraphSAGE,edge_sparsification,"{""rate"": 0.2}",5000,0.7995,0.005,0.0,0.86,0.8612,0.969,0.3574,0.7972,0.4608,0.9022,-0.1034,0.7028,0.5789,0.0233,0.1744,0.3341,0.6959,0.6158,0.0,0.0,0.3368,0.6994,0.6579,0.0105,0.1474,0.3316,,,,,,,0.0945,,,,,0.0,none,e91116c93f0546ac07f2db7fccd0c0fd49fb4aa4a5b8aa77da4e2ed89a5a5e70,ab8f7ef6b45f5394a992c375cbf696d3c0fade5417fea7754f051be9920289e9,1.7751,0.0,1.7751,0.0116,0.0,0.0116
synthetic_high_sparse,GraphSAGE,edge_sparsification,"{""rate"": 0.2}",7777,0.7995,0.005,0.0,0.855,0.8547,0.9605,0.3823,0.6898,0.6286,1.2546,-0.2463,0.6687,0.6737,0.0,0.0842,0.3684,0.683,0.6105,0.0,0.0,0.3842,0.6831,0.6842,0.0053,0.0737,0.3789,,,,,,,0.0969,,,,,0.0,none,4521c17d502d6e7f77ead307ceb5904184e71b2f275e286ea624988937217e2b,5ccda54346625b4636d04a10c0494569770028f12badc278970cab31592a8f17,1.9746,0.0,1.9746,0.0296,0.0,0.0296
synthetic_high_sparse,GraphSAGE,edge_sparsification,"{""rate"": 0.2}",9999,0.7995,0.005,0.0,0.88,0.878,0.983,0.3348,0.6961,0.6916,1.3688,-0.3567,0.6789,0.6279,0.0366,0.0976,0.3491,0.6916,0.6279,0.0,0.0,0.3779,0.6913,0.6512,0.0233,0.0872,0.3721,,,,,,,0.0665,,,,,0.0,none,e2d8478158a680322ded6206a79e4bef1f70ef64780328bf4c89d1d4773f619e,c429da8e28c15b46e6964401ff2e73f8e74bcc18e5924fec60c2104c3adc77d6,1.8957,0.0,1.8957,0.0064,0.0,0.0064
synthetic_high_sparse,GraphSAGE,epsd_tuned,"{""lambda_epsd"": 1.0}",42,0.7995,0.005,0.0,0.775,0.7726,0.9401,0.0643,0.1707,0.0699,0.1549,-0.0055,0.6069,0.6279,0.0,0.0119,0.3068,0.7104,0.657,0.064,0.1337,0.3547,0.6882,0.6541,0.093,0.1279,0.3605,,,,,,,0.1113,,,,,1.0,none,72ae547dcc216b83dc6686f26e1fd9dbcf3dcd418a6be3d002b49c8f7e922424,65eeeca9a63da0dfe7fd94ae1d0b78632957a337ef6009c9d59e739138e4aea7,1.8678,0.2211,2.0889,0.0712,0.0836,0.1548
synthetic_high_sparse,GraphSAGE,epsd_tuned,"{""lambda_epsd"": 1.0}",123,0.7995,0.005,0.0,0.835,0.8336,0.9581,0.0689,0.167,0.0841,0.1575,-0.0152,0.728,0.5574,0.044,0.1538,0.4325,0.7107,0.6612,0.0437,0.1257,0.377,0.6951,0.6721,0.0492,0.1257,0.388,,,,,,,0.0728,,,,,1.0,none,a1c16645b8bc2ff7d04ee3e06510d09f2f15a22b0e889a60ea1533b6b9b900d4,feff704c4689889d25baea6e1f8cf36446df892b62487c6cb0940745ca0e4cf4,1.9193,0.2123,2.1315,0.1026,0.1127,0.2153
synthetic_high_sparse,GraphSAGE,epsd_tuned,"{""lambda_epsd"": 1.0}",456,0.7995,0.005,0.0,0.865,0.8635,0.9701,0.0667,0.1714,0.1179,0.249,-0.0512,0.5939,0.5561,0.0,0.0543,0.257,0.6498,0.5989,0.0,0.0,0.2781,0.6367,0.6337,0.0267,0.0588,0.2781,,,,,,,0.0948,,,,,1.0,none,05ade522d473f5ed062446940c83b862d9781c4e9623dd7cd7bf314168982518,59379c32ee1b3e637d1182b27a74e95e407f4406294c4d136646a27f11b2bd84,1.8757,0.2063,2.0821,0.0756,0.0889,0.1646
synthetic_high_sparse,GraphSAGE,epsd_tuned,"{""lambda_epsd"": 1.0}",789,0.7995,0.005,0.0,0.84,0.8405,0.9672,0.0744,0.1971,0.1299,0.3015,-0.0555,0.6919,0.6203,0.0,0.0211,0.389,0.7033,0.6631,0.0,0.0481,0.4011,0.6899,0.6791,0.0053,0.0481,0.4011,,,,,,,0.0693,,,,,1.0,none,7a3dae9478709250c073bef06053b90f5fbf654f391d1a20c9a44ee4a0c5e9ee,881c356b75a91f17e90e4afc9d21456eb4b39941f2d973076336f0fe3a548a69,1.8904,0.1823,2.0727,0.0621,0.1087,0.1707
synthetic_high_sparse,GraphSAGE,epsd_tuned,"{""lambda_epsd"": 1.0}",1024,0.7995,0.005,0.0,0.88,0.8793,0.9716,0.0873,0.2261,0.1094,0.2868,-0.0221,0.6486,0.5604,0.0,0.1,0.2553,0.6277,0.5824,0.0,0.0604,0.2143,0.6169,0.5907,0.0165,0.0659,0.2033,,,,,,,0.0817,,,,,1.0,none,e7bbb337065759adef4355b2726ed8929eed5ebed1218d0dbc190527d0d95503,be7085e40a9c97f7aa1ba287a5c119e3e74a1703e5284826cfc5e9c7c63c68a7,1.9205,0.2143,2.1349,0.064,0.0924,0.1564
synthetic_high_sparse,GraphSAGE,epsd_tuned,"{""lambda_epsd"": 1.0}",2024,0.7995,0.005,0.0,0.85,0.8501,0.9598,0.0725,0.1894,0.1042,0.2426,-0.0316,0.6603,0.5938,0.0,0.0632,0.3273,0.656,0.599,0.026,0.0729,0.3021,0.6423,0.6432,0.0417,0.0885,0.2969,,,,,,,0.1125,,,,,1.0,none,70d95ca15c2fbd7925d9e357dac7a333512c18d96d385c9e87ca83b16a10fdd9,0d97c811eddd28d45673496b230420b122e1b4a520c28903f886a1d33eb4b671,1.8691,0.214,2.0831,0.0619,0.1017,0.1635
synthetic_high_sparse,GraphSAGE,epsd_tuned,"{""lambda_epsd"": 1.0}",3141,0.7995,0.005,0.0,0.89,0.8851,0.964,0.0646,0.1826,0.1206,0.2947,-0.056,0.7226,0.5667,0.0244,0.2195,0.3845,0.6767,0.6444,0.0,0.1111,0.3222,0.6633,0.6222,0.0389,0.1222,0.3167,,,,,,,0.1091,,,,,1.0,none,f1f0aa1a5a3f1245dff6fc24457be5c8b0bdd7d50170e071dd0277d6c8c02112,23c939b7ee4ebefd94c208e015779eaa9357b7d38e5a90a452fa63d02f790c71,1.773,0.2069,1.9799,0.0569,0.0822,0.1391
synthetic_high_sparse,GraphSAGE,epsd_tuned,"{""lambda_epsd"": 1.0}",5000,0.7995,0.005,0.0,0.86,0.8618,0.9634,0.0713,0.1796,0.116,0.2427,-0.0447,0.602,0.5211,0.0349,0.1395,0.2082,0.6516,0.5789,0.0,0.1,0.2579,0.6357,0.6158,0.0526,0.1263,0.2632,,,,,,,0.1013,,,,,1.0,none,33674e90ec82fb7ca9189c0296f59395e30a91eb5e1a0af79bb057ae152d2e16,8b3d627acc13fe092b749059dbad623ddc33607b6af201b7076f725a5217f8f1,1.7866,0.2337,2.0202,0.0749,0.102,0.1769
synthetic_high_sparse,GraphSAGE,epsd_tuned,"{""lambda_epsd"": 1.0}",7777,0.7995,0.005,0.0,0.84,0.8408,0.9621,0.0873,0.1964,0.1142,0.238,-0.0268,0.6277,0.5526,0.0,0.0632,0.2421,0.6394,0.6053,0.0158,0.0895,0.2684,0.619,0.6158,0.0211,0.0895,0.2684,,,,,,,0.1138,,,,,1.0,none,ce6647c28ea9e711c6353f7e4217a9a5f026731cc56a15e00b9bd6f65bdd79a0,cb8daafb8526d7024587ecd72940176342fbc1bda0a075360de5949ac910b888,1.9937,0.2085,2.2021,0.1019,0.1152,0.2171
synthetic_high_sparse,GraphSAGE,epsd_tuned,"{""lambda_epsd"": 1.0}",9999,0.7995,0.005,0.0,0.855,0.8545,0.9731,0.0708,0.1776,0.1338,0.2543,-0.0631,0.6488,0.5814,0.0244,0.122,0.2837,0.6598,0.5988,0.0,0.0988,0.3314,0.6464,0.6424,0.0349,0.0988,0.3314,,,,,,,0.0878,,,,,1.0,none,6c5f7f853bbab024a5b7528078bfb0cb91973c00b768a095b80a71a776aca1d4,53b6a1357d7c6d98c1f15ce6ca91322c4d5527f6a8b1a25369c01210549fb7c5,1.7624,0.2326,1.995,0.0708,0.0984,0.1691
synthetic_high_medium,LogReg,none,{},42,0.7995,0.015,0.0021,0.715,0.7105,0.934,,,,,,0.665,0.6761,0.0,0.1176,0.3823,0.6342,0.5625,0.0114,0.0511,0.3864,0.7331,0.6989,0.0682,0.1705,0.4034,,,,,,,0.1597,,,,,0.0,none,N/A,b4ae8010cdd729c3ffa594faf61ee3e66c28e76fc2684bf5af40c72b97e2b53d,,,,,,
synthetic_high_medium,LogReg,none,{},123,0.7995,0.015,0.0021,0.685,0.6861,0.9161,,,,,,0.696,0.7021,0.0,0.0319,0.4574,0.6966,0.6277,0.0106,0.0426,0.4574,0.7716,0.6941,0.0851,0.1596,0.4574,,,,,,,0.1881,,,,,0.0,none,N/A,d2df0010348a7010f6b56ee835fe1e159f55867d0548fa154ebd307201434359,,,,,,
synthetic_high_medium,LogReg,none,{},456,0.7995,0.015,0.0021,0.735,0.7355,0.938,,,,,,0.6709,0.6845,0.0109,0.0217,0.4312,0.6386,0.5829,0.0107,0.0321,0.4118,0.775,0.6952,0.0588,0.1444,0.4813,,,,,,,0.1249,,,,,0.0,none,N/A,fe461d276c45e11fd41dd7ce4a707c997414125c9cc9f176095eef90a001e9f8,,,,,,
synthetic_high_medium,LogReg,none,{},789,0.7995,0.015,0.0023,0.74,0.7412,0.9361,,,,,,0.6565,0.6576,0.0,0.0761,0.3913,0.6353,0.5543,0.0054,0.0924,0.3804,0.7527,0.6766,0.0489,0.2391,0.375,,,,,,,0.1572,,,,,0.0,none,N/A,df95d7e7d3fa707a20c561bc24e68f595b11be36171ce5523de76cb101da054d,,,,,,
synthetic_high_medium,LogReg,none,{},1024,0.7995,0.015,0.0023,0.71,0.6985,0.9249,,,,,,0.678,0.7234,0.0,0.0426,0.4468,0.6241,0.5532,0.0106,0.0638,0.3723,0.7656,0.6755,0.0106,0.2074,0.3936,,,,,,,0.1705,,,,,0.0,none,N/A,a13ee9d4d8ab973ca65f7632ba2400186cd8864709af942a2b79508959b937b8,,,,,,
synthetic_high_medium,LogReg,none,{},2024,0.7995,0.015,0.0024,0.68,0.6804,0.9207,,,,,,0.6997,0.7158,0.0319,0.0426,0.4688,0.6793,0.6,0.0158,0.0526,0.4263,0.764,0.7158,0.0,0.1579,0.4526,,,,,,,0.1948,,,,,0.0,none,N/A,1bdfaae6b7dd836e57251c3b4b053a0cd9ae830ef0dabce69391c3f718a0fb7e,,,,,,
synthetic_high_medium,LogReg,none,{},3141,0.7995,0.015,0.0023,0.745,0.7422,0.9379,,,,,,0.6807,0.7049,0.0238,0.0952,0.4729,0.6314,0.5355,0.0109,0.082,0.4098,0.6633,0.6995,0.0055,0.0929,0.4098,,,,,,,0.1333,,,,,0.0,none,N/A,ac0e9b0bd681c7127b63b7ed783854363ad441fe73467eed4a57d0edc1dafa7f,,,,,,
synthetic_high_medium,LogReg,none,{},5000,0.7995,0.015,0.0021,0.775,0.7713,0.9526,,,,,,0.7057,0.674,0.0238,0.0238,0.4408,0.7083,0.6243,0.011,0.0497,0.4475,0.6919,0.6796,0.0,0.0276,0.4033,,,,,,,0.0854,,,,,0.0,none,N/A,e2bbf7c965dd1b2dd5579df8df3345eac6550b6e25d1f89fe5bdb22d2c5b0c6a,,,,,,
synthetic_high_medium,LogReg,none,{},7777,0.7995,0.015,0.0023,0.695,0.6962,0.917,,,,,,0.6749,0.6824,0.0,0.033,0.4827,0.6617,0.5882,0.0,0.0471,0.4588,0.7674,0.7235,0.0588,0.1882,0.4471,,,,,,,0.17,,,,,0.0,none,N/A,12db2931d93b39bda3db0b6e0708ab94adae4d5f224ce511aabe56b84f5eb96b,,,,,,
synthetic_high_medium,LogReg,none,{},9999,0.7995,0.015,0.0023,0.785,0.7838,0.9632,,,,,,0.6117,0.6486,0.0109,0.0109,0.3441,0.5742,0.5081,0.0162,0.0486,0.3297,0.7431,0.6351,0.1027,0.2432,0.3405,,,,,,,0.1024,,,,,0.0,none,N/A,8576ce2d5907764ef9c2110028147dac2807179118b63fd03bfca8b6f67c4dd5,,,,,,
synthetic_high_medium,MLP,none,{},42,0.7995,0.015,0.0413,0.71,0.6993,0.9201,,,,,,0.7935,0.7898,0.0,0.0353,0.6476,0.7735,0.7216,0.0,0.017,0.6136,0.7716,0.7983,0.0,0.017,0.6136,,,,,,,0.1496,,,,,0.0,none,N/A,ba347e5a85668a50376d0a22c6d1fa1522203bb825ed2901a3deb2280868cb19,,,,,,
synthetic_high_medium,MLP,none,{},123,0.7995,0.015,0.0428,0.695,0.6926,0.9226,,,,,,0.837,0.8191,0.0106,0.0957,0.6596,0.8244,0.766,0.016,0.0957,0.6383,0.8236,0.8138,0.016,0.0957,0.6383,,,,,,,0.1473,,,,,0.0,none,N/A,f6becaa7acbc1e6a42dcec23841c26b79f4bcaec209e20623d2720e8ba6c3211,,,,,,
synthetic_high_medium,MLP,none,{},456,0.7995,0.015,0.0443,0.735,0.7343,0.9358,,,,,,0.7509,0.7807,0.0109,0.0761,0.6105,0.7498,0.6952,0.0053,0.0374,0.5989,0.7484,0.7861,0.0053,0.0374,0.5936,,,,,,,0.1237,,,,,0.0,none,N/A,2e6f39aa4cda276ee40add560c8f22528efd3975fc1f36d1c8c1faebef6654d6,,,,,,
synthetic_high_medium,MLP,none,{},789,0.7995,0.015,0.0433,0.71,0.7103,0.9118,,,,,,0.7948,0.788,0.0109,0.1739,0.5978,0.7665,0.6793,0.0054,0.1304,0.587,0.7662,0.7908,0.0054,0.1304,0.5815,,,,,,,0.1597,,,,,0.0,none,N/A,67ea1282e07d1db0a6d87cfc76eb7e45635b1ec5cc1d710f5b781fa4be326b4d,,,,,,
synthetic_high_medium,MLP,none,{},1024,0.7995,0.015,0.0431,0.785,0.7865,0.9435,,,,,,0.8382,0.7872,0.0213,0.2021,0.6277,0.7984,0.734,0.0106,0.117,0.5957,0.7972,0.7899,0.0106,0.1223,0.5904,,,,,,,0.066,,,,,0.0,none,N/A,9d0e962eda87f847be653b3afaa009da2c7f9f8bb6e52a92cccdc2119736eb6b,,,,,,
synthetic_high_medium,MLP,none,{},2024,0.7995,0.015,0.0426,0.61,0.608,0.8975,,,,,,0.8251,0.8158,0.0213,0.0745,0.6866,0.8091,0.7632,0.0158,0.0579,0.6421,0.8079,0.8026,0.0158,0.0579,0.6421,,,,,,,0.2238,,,,,0.0,none,N/A,3077bb828f3ac306bb3047defd76d28808d22804e0285b3baf482aed14a14cdf,,,,,,
synthetic_high_medium,MLP,none,{},3141,0.7995,0.015,0.0437,0.73,0.7289,0.9281,,,,,,0.8593,0.8087,0.0238,0.1429,0.7183,0.7951,0.7268,0.0219,0.1148,0.5956,0.7936,0.7923,0.0219,0.1148,0.5902,,,,,,,0.1202,,,,,0.0,none,N/A,6c6f353e50a054c28b3567adcdc9d2df04853ac2d48c21ef4a99bde94622a769,,,,,,
synthetic_high_medium,MLP,none,{},5000,0.7995,0.015,0.043,0.795,0.7939,0.955,,,,,,0.7959,0.768,0.0,0.0833,0.6241,0.8034,0.7403,0.0,0.0608,0.6243,0.8024,0.7845,0.0,0.0663,0.6188,,,,,,,0.0793,,,,,0.0,none,N/A,1cba8a72c3c8941e06ce60459c34e5e75f34780adede09d2e332a4ac385f3ffe,,,,,,
synthetic_high_medium,MLP,none,{},7777,0.7995,0.015,0.0432,0.705,0.7046,0.9282,,,,,,0.8452,0.8529,0.044,0.1538,0.6835,0.8263,0.7412,0.0353,0.1529,0.6647,0.8258,0.8206,0.0353,0.1529,0.6588,,,,,,,0.1273,,,,,0.0,none,N/A,11b9ee2c59eb5531bde07c9540bd20d4b4ddc8ae4033a01ffa7da95b63273b93,,,,,,
synthetic_high_medium,MLP,none,{},9999,0.7995,0.015,0.0426,0.76,0.7609,0.9504,,,,,,0.8011,0.773,0.0,0.1196,0.5803,0.7764,0.7027,0.0,0.0703,0.5514,0.7761,0.7703,0.0,0.0703,0.5514,,,,,,,0.0866,,,,,0.0,none,N/A,eb084ec732efe9e4f527de7906c14dcb9c7d2f81d28e91df41e090b2975557e5,,,,,,
synthetic_high_medium,GCN,none,{},42,0.7995,0.015,0.0,0.995,0.9955,0.9996,0.004,0.0383,0.01,0.1132,-0.006,0.6043,0.5057,0.0235,0.0824,0.2053,0.5832,0.5341,0.0057,0.0682,0.1591,0.5833,0.5312,0.017,0.0682,0.1648,,,,,,,0.0162,,,,,0.0,none,c2e1679f30c48e18727d431f88101e14e97a3ac6bc24374a226fd75cd590d952,63b5bb528f61c031d5b76e4423d8375f6adf39ba52402294bf879a5418105c53,1.685,0.0,1.685,0.0102,0.0,0.0102
synthetic_high_medium,GCN,none,{},123,0.7995,0.015,0.0,0.985,0.9857,0.9998,0.0104,0.1255,0.0069,0.0438,0.0035,0.5524,0.5426,0.0213,0.1064,0.1064,0.5274,0.5,0.0,0.0957,0.0904,0.5272,0.5266,0.0372,0.1011,0.0904,,,,,,,0.0148,,,,,0.0,none,55c1cedd36d15e27feef182256325a55ff991c2930212838e8647b44ea4da59d,b96ff98418ce11259167a65582f56335b1703de887e3856771ce233891a1c18b,1.4533,0.0,1.4533,0.0065,0.0,0.0065
synthetic_high_medium,GCN,none,{},456,0.7995,0.015,0.0,0.975,0.9747,0.9998,0.0175,0.2005,0.012,0.1419,0.0056,0.5228,0.5134,0.0,0.0435,0.0915,0.499,0.492,0.0,0.0,0.0588,0.4984,0.5,0.0053,0.0535,0.0588,,,,,,,0.016,,,,,0.0,none,ec65206714aa66f2f04966112f65ab7538485cb1a5a9b7838dd942f6e163f183,c218f2381f6c7010c6d78fdf79b4e45ea6dc7c0f3a25dcc8571da974a9e65608,1.9014,0.0,1.9014,0.0226,0.0,0.0226
synthetic_high_medium,GCN,none,{},789,0.7995,0.015,0.0,0.98,0.9794,0.9983,0.0038,0.0214,0.0053,0.0262,-0.0015,0.5896,0.5163,0.0,0.1087,0.1957,0.5327,0.538,0.0,0.0326,0.0978,0.5323,0.5163,0.0,0.0489,0.0978,,,,,,,0.0155,,,,,0.0,none,38462745dfe648b2c8e6451b3fc72d68ec162303677892760e59a113f6f4ed84,0d5720e76bc238887bac0c14dc41df19a6018a3399edefe5659fdbf8ce46a4c3,2.0048,0.0,2.0048,0.0057,0.0,0.0057
synthetic_high_medium,GCN,none,{},1024,0.7995,0.015,0.0,0.995,0.9952,0.9999,0.0116,0.1164,0.0044,0.0392,0.0072,0.5418,0.5372,0.0,0.0106,0.1064,0.5036,0.4894,0.0,0.0213,0.0904,0.503,0.5239,0.016,0.0372,0.0904,,,,,,,0.0203,,,,,0.0,none,50bd161a9272a4219046bcfd53b372cdb7e9c5dfb5a199e7b742423154526bfd,7f5f55269589ed8df29a25f400e6ef28f8f4f404e18574127e73f1fb172ac109,1.5744,0.0,1.5744,0.0067,0.0,0.0067
synthetic_high_medium,GCN,none,{},2024,0.7995,0.015,0.0,0.98,0.9803,0.9998,0.003,0.0132,0.0154,0.1414,-0.0124,0.5135,0.4947,0.0,0.0319,0.0938,0.5214,0.5474,0.0,0.0316,0.1,0.5207,0.4895,0.0,0.0526,0.1105,,,,,,,0.0102,,,,,0.0,none,7de0d42e4be4aaa980146523f9870d86a027419c7751c7a76f4c5db816cf4b43,8d35bd461aac019d4910b690368790ef403d00625b5244652d6cd0579ab054b1,1.6737,0.0,1.6737,0.0166,0.0,0.0166
synthetic_high_medium,GCN,none,{},3141,0.7995,0.015,0.0,0.97,0.9678,0.9979,0.0318,0.2125,0.0032,0.0142,0.0286,0.4965,0.4918,0.0119,0.0714,0.0783,0.4956,0.4918,0.0,0.0492,0.071,0.4962,0.5219,0.0219,0.0546,0.071,,,,,,,0.0188,,,,,0.0,none,29379f8b18c1637a5effd542cbba6675321efa7a17de173050c7ee617b950c04,0f91b95c87a9a614958b28ee083bfccc46ed6ff2ea7f5ab5e89e726360563228,1.9028,0.0,1.9028,0.0132,0.0,0.0132
synthetic_high_medium,GCN,none,{},5000,0.7995,0.015,0.0,0.995,0.9954,0.9999,0.0037,0.0321,0.021,0.1632,-0.0172,0.426,0.4807,0.0,0.0238,0.0412,0.4775,0.4751,0.0,0.0,0.0442,0.4785,0.5138,0.0,0.0331,0.0442,,,,,,,0.0078,,,,,0.0,none,1f0d2bbc813b79faa21bd9a72d9ec137dce37c970337abc7bcec1072498af204,47eb8b823baca8dde3d49f3d90d7e99cd6b79f6ac86176f7510f3270e12c5f22,1.6055,0.0,1.6055,0.0058,0.0,0.0058
synthetic_high_medium,GCN,none,{},7777,0.7995,0.015,0.0,0.955,0.9553,0.9983,0.0067,0.0773,0.0127,0.076,-0.006,0.5542,0.4647,0.022,0.0659,0.1949,0.584,0.5412,0.0,0.0471,0.1588,0.5837,0.5559,0.0118,0.0706,0.1647,,,,,,,0.0188,,,,,0.0,none,0f3fab8559a06fb413ec239ce226d6e2966a622bb2022de08724850bfc279d3c,fbaaa2717dbb52eeb62435aff4140b691f70842d1613fb6b567bb083be1035f6,1.7164,0.0,1.7164,0.0051,0.0,0.0051
synthetic_high_medium,GCN,none,{},9999,0.7995,0.015,0.0,0.98,0.9786,0.9994,0.0013,0.0088,0.0101,0.1133,-0.0088,0.5058,0.5081,0.0543,0.1196,0.0872,0.4925,0.4649,0.0,0.0432,0.0811,0.4937,0.527,0.0108,0.0811,0.0811,,,,,,,0.013,,,,,0.0,none,3e08420c97293df2f090312eaa063f0aadf38524a68c5911cc811f51a4e71ca0,f450e29d4e1b0794bed128e4cbc64aa950c7d372557f0a101db7cf43c0b09990,1.693,0.0,1.693,0.0059,0.0,0.0059
synthetic_high_medium,GCN,dropedge,"{""rate"": 0.3}",42,0.7995,0.015,0.0,0.985,0.9862,0.9993,0.0044,0.034,0.0046,0.0392,-0.0002,0.5975,0.5057,0.0235,0.1412,0.2122,0.59,0.5625,0.017,0.0852,0.1932,0.59,0.554,0.017,0.0852,0.1932,,,,,,,0.0197,,,,,0.0,none,b6e71a63a4f43d847a8f00d454eb8c41802ada59df77a1bad1a73e323e848dc9,066d51eec1a53eff3d83810350325d8305628ba9d3bbf47601b7622c58a7856d,1.7984,0.0,1.7984,0.0932,0.0,0.0932
synthetic_high_medium,GCN,dropedge,"{""rate"": 0.3}",123,0.7995,0.015,0.0,0.985,0.9857,0.9998,0.0092,0.0875,0.0065,0.0349,0.0027,0.5663,0.5638,0.0426,0.0957,0.1596,0.5418,0.5266,0.0213,0.1064,0.1011,0.5428,0.5372,0.0213,0.1064,0.1011,,,,,,,0.0111,,,,,0.0,none,28ce0df812c47bd980c53851d43471bd019c370356ddef21ebe407197bf7aa38,8956e1cd2f592e75215ef7ba0da9ab807453217b043d502e37051e1e1c9903c8,1.5249,0.0,1.5249,0.0668,0.0,0.0668
synthetic_high_medium,GCN,dropedge,"{""rate"": 0.3}",456,0.7995,0.015,0.0,0.975,0.9747,0.9997,0.0181,0.1892,0.0121,0.1325,0.006,0.5189,0.5027,0.0,0.0435,0.1405,0.5138,0.4866,0.0053,0.0642,0.0749,0.513,0.5321,0.0053,0.0642,0.0802,,,,,,,0.0246,,,,,0.0,none,35c4708ddcc7ef7a34d319d9b9d1ecf2815324e069ef68248a667e556acf5380,957f8e9f007746cbf3d62dce0f9c0fb71728d0aafc7aef8588dd11e2e3bd126a,2.0343,0.0,2.0343,0.0596,0.0,0.0596
synthetic_high_medium,GCN,dropedge,"{""rate"": 0.3}",789,0.7995,0.015,0.0,0.97,0.9695,0.9986,0.0059,0.0314,0.0056,0.0313,0.0003,0.6053,0.5489,0.0,0.1196,0.1957,0.5445,0.538,0.0,0.0326,0.0978,0.5451,0.5299,0.0,0.0326,0.0978,,,,,,,0.0143,,,,,0.0,none,0166594a82f052aa492615e559bbb95e9576669b916c2f0cc472a0190d584e76,97df6b62bd33e516c63817a0ba3e7985231f398dda21c2ad618e2977e8d38c29,2.0948,0.0,2.0948,0.1165,0.0,0.1165
synthetic_high_medium,GCN,dropedge,"{""rate"": 0.3}",1024,0.7995,0.015,0.0,0.99,0.9901,1.0,0.0128,0.1091,0.0056,0.0366,0.0072,0.5599,0.5106,0.0,0.0213,0.1489,0.5242,0.5213,0.0,0.0479,0.1011,0.524,0.5213,0.0,0.0479,0.1011,,,,,,,0.0242,,,,,0.0,none,ec65a51c49c5c5efeb40b7ce5a95d80a95189338ad8bbb3e98cb29a5fe3605f8,38531ad41e5385028abf2d24a5cd0a9e02724df5502d74958170d151e9ffb48b,1.5796,0.0,1.5796,0.1054,0.0,0.1054
synthetic_high_medium,GCN,dropedge,"{""rate"": 0.3}",2024,0.7995,0.015,0.0,0.975,0.9751,0.9998,0.0041,0.0133,0.0086,0.0852,-0.0046,0.516,0.5105,0.0106,0.0532,0.0929,0.5296,0.5526,0.0053,0.0421,0.1368,0.5295,0.5026,0.0053,0.0474,0.1421,,,,,,,0.0301,,,,,0.0,none,46c69782ea71c8b71b11589447f4005e2ee19014bd69c53084f3b5bb2374e8b4,478a1770914c8cdfc1010704b544a2c548c188bc4703cac930b298f6968403e0,1.7274,0.0,1.7274,0.106,0.0,0.106
synthetic_high_medium,GCN,dropedge,"{""rate"": 0.3}",3141,0.7995,0.015,0.0,0.97,0.9678,0.9972,0.0301,0.1787,0.0037,0.0216,0.0264,0.4881,0.4973,0.0119,0.0476,0.1306,0.503,0.4973,0.0273,0.0546,0.1093,0.5039,0.5246,0.0273,0.0546,0.1202,,,,,,,0.0153,,,,,0.0,none,335ed73c5113c0efb6bc4de41094d15a3a9ee582ee5703e6220e93f841c51114,3a805d805ec82080a5c648ee077a7648955f75006394521e90f995d85f71bae5,1.9801,0.0,1.9801,0.2179,0.0,0.2179
synthetic_high_medium,GCN,dropedge,"{""rate"": 0.3}",5000,0.7995,0.015,0.0,0.99,0.9907,1.0,0.0047,0.0293,0.0198,0.1602,-0.0151,0.4607,0.4917,0.0,0.0238,0.0617,0.5012,0.4972,0.0,0.0276,0.0718,0.5008,0.5221,0.0,0.0387,0.0663,,,,,,,0.0148,,,,,0.0,none,406253aa936bd743c13de458edf93e8f71d82b4de9134f6185609b50af631f9e,0dd89f169d05c0487d6e664838e7067ef81f5c134b0c787b924ed31e98965d74,1.6501,0.0,1.6501,0.076,0.0,0.076
synthetic_high_medium,GCN,dropedge,"{""rate"": 0.3}",7777,0.7995,0.015,0.0,0.965,0.9647,0.9984,0.0086,0.0807,0.0092,0.0474,-0.0006,0.5759,0.4647,0.022,0.0879,0.1696,0.5928,0.5647,0.0059,0.1,0.1765,0.594,0.5765,0.0118,0.1059,0.1882,,,,,,,0.0192,,,,,0.0,none,055434f3b7d8bb621a046aba42faf053db76770b3a6124e376b96162a13291b0,a34e0e978c8a0762d35bf64c3d2cab879608025480d4e706b1327a86fb7fc725,1.7142,0.0,1.7142,0.1127,0.0,0.1127
synthetic_high_medium,GCN,dropedge,"{""rate"": 0.3}",9999,0.7995,0.015,0.0,0.975,0.9733,0.9993,0.0016,0.0073,0.0099,0.1129,-0.0083,0.5178,0.5243,0.0435,0.1196,0.1064,0.4986,0.4649,0.0216,0.0919,0.0811,0.4995,0.5378,0.0216,0.0919,0.0811,,,,,,,0.0085,,,,,0.0,none,e517261aee1933f61a54f3bf34530b199db3eb45b4ab2342e83cee917c915978,781d16670766ba90f46b5e31d921a6c1199e367d0d83f573b0a39382d950b181,1.7516,0.0,1.7516,0.0634,0.0,0.0634
synthetic_high_medium,GCN,label_smoothing,"{""alpha"": 0.1}",42,0.7995,0.015,0.0,0.985,0.9858,0.9993,0.0046,0.021,0.0088,0.0788,-0.0043,0.6076,0.5568,0.0118,0.0941,0.2655,0.599,0.5795,0.0057,0.0568,0.1989,0.6185,0.5568,0.0,0.0852,0.2216,,,,,,,0.134,,,,,0.0,none,59ca6e363de1727a3a82c35546119c06ef8a7e30493595ee90aca5a5bf449d0d,de60c7a35dfa442cf38871769daad4ba2a5674d0d1a373bebc3778b93676b02e,1.6882,0.0,1.6882,0.4564,0.0,0.4564
synthetic_high_medium,GCN,label_smoothing,"{""alpha"": 0.1}",123,0.7995,0.015,0.0,0.985,0.9849,0.9998,0.0113,0.0486,0.0071,0.0274,0.0043,0.5701,0.5638,0.0213,0.0532,0.1489,0.5505,0.5319,0.0213,0.0479,0.1489,0.5746,0.5452,0.0053,0.0904,0.1277,,,,,,,0.1175,,,,,0.0,none,68b1f421e0c02ca9a1b395c5697e2d0fc2d5e43dd2603a7c0cb12390801a23b4,565023c2d3985853a71a1be5bd18f391e5d59dd6fd2e031f56047b0e13fa4688,1.4797,0.0,1.4797,0.454,0.0,0.454
synthetic_high_medium,GCN,label_smoothing,"{""alpha"": 0.1}",456,0.7995,0.015,0.0,0.985,0.9847,0.9995,0.0138,0.0985,0.0071,0.0477,0.0066,0.5172,0.5134,0.0,0.0326,0.0889,0.5116,0.4652,0.0053,0.0321,0.0909,0.5771,0.5508,0.0267,0.1176,0.1337,,,,,,,0.1107,,,,,0.0,none,2b2a76349046bc64d630357def3c2dabcce84cf4b5c93c29f8989f7d01c3c542,896b584f8b73773954c6052d5a5d5e8600d6534c02cd1eea67d61acd479d90c5,1.8877,0.0,1.8877,0.4618,0.0,0.4618
synthetic_high_medium,GCN,label_smoothing,"{""alpha"": 0.1}",789,0.7995,0.015,0.0,0.965,0.9639,0.9991,0.0071,0.0299,0.0045,0.0153,0.0026,0.6089,0.5815,0.0,0.1304,0.2174,0.5597,0.5326,0.0,0.0326,0.1359,0.545,0.5462,0.0,0.038,0.125,,,,,,,0.0983,,,,,0.0,none,d5cf789d5a1cab334aef9aaacfbfcea3cc7a002a3de28def0a59c72f7e32601e,258bdea0fa0aa537109af96ca8d7c1008cb58ed4d1c0ef5f47baba2ee334aac2,1.9818,0.0,1.9818,0.4495,0.0,0.4495
synthetic_high_medium,GCN,label_smoothing,"{""alpha"": 0.1}",1024,0.7995,0.015,0.0,0.99,0.9907,0.9998,0.0117,0.0675,0.0079,0.0356,0.0038,0.5609,0.5319,0.0,0.0,0.1596,0.5144,0.5053,0.0053,0.0266,0.1223,0.5978,0.5798,0.0106,0.0798,0.1809,,,,,,,0.1075,,,,,0.0,none,e664045f1fdb24f785aead1adc488cbf0d469b794d2dcf9d51d20033c538d228,54ab5cbd04cd991c012769d1a299e215edf51bc429384d655bd078182f9268a0,1.5987,0.0,1.5987,0.4536,0.0,0.4536
synthetic_high_medium,GCN,label_smoothing,"{""alpha"": 0.1}",2024,0.7995,0.015,0.0,0.98,0.9802,0.9996,0.0058,0.0138,0.0104,0.0789,-0.0046,0.5016,0.5316,0.0,0.0106,0.0807,0.5092,0.5105,0.0,0.0105,0.0632,0.5088,0.5237,0.0,0.0105,0.0684,,,,,,,0.0901,,,,,0.0,none,31cff77a14b0fa623a4a5d34de79ff9ef9f1e0533cd7c6c0ba118f68994e6a3a,6d718f7c63915b5c8c08e26e6714bc776e6d06a6d54f034dba25cc4eda8a375d,1.6758,0.0,1.6758,0.4599,0.0,0.4599
synthetic_high_medium,GCN,label_smoothing,"{""alpha"": 0.1}",3141,0.7995,0.015,0.0,0.975,0.9749,0.9981,0.0251,0.1315,0.0042,0.0187,0.0209,0.5271,0.5355,0.0119,0.0476,0.1378,0.5218,0.4973,0.0055,0.0273,0.1475,0.522,0.5464,0.0055,0.0273,0.1475,,,,,,,0.1063,,,,,0.0,none,53a9224b287e9139a847a2504b7d392e20cb3da62c50108c342b4d73b5123e88,aa86d902e0a9b51588e853173e135084a59a4e567d5831518da91e214f6de1f4,1.8968,0.0,1.8968,0.4568,0.0,0.4568
synthetic_high_medium,GCN,label_smoothing,"{""alpha"": 0.1}",5000,0.7995,0.015,0.0,0.995,0.9954,1.0,0.0073,0.0233,0.0156,0.1091,-0.0083,0.4494,0.5028,0.0,0.0238,0.0855,0.488,0.4696,0.0,0.0166,0.1105,0.4869,0.547,0.0,0.0166,0.105,,,,,,,0.0991,,,,,0.0,none,4df0f4d023642699272044907fb2e68cfe9e77323011a562095a8fb42180491e,f86513d0c5236b1ae01505f3170ccaaed378697ea54c0335cda8d36e59644681,1.6219,0.0,1.6219,0.4481,0.0,0.4481
synthetic_high_medium,GCN,label_smoothing,"{""alpha"": 0.1}",7777,0.7995,0.015,0.0,0.965,0.966,0.9984,0.0085,0.0526,0.0078,0.0311,0.0007,0.5689,0.4941,0.0,0.0,0.2429,0.587,0.5529,0.0,0.0294,0.2176,0.5996,0.5676,0.0647,0.0824,0.2118,,,,,,,0.113,,,,,0.0,none,b7d999fa6c773a3d157bfb40d11efd39ed374e0d972154cf1f948763ec98e779,625bfafa0a1ddd11d160b25ba6745a06b690d7ed75b986d1dcf3e3f6db559d38,1.7123,0.0,1.7123,0.4478,0.0,0.4478
synthetic_high_medium,GCN,label_smoothing,"{""alpha"": 0.1}",9999,0.7995,0.015,0.0,0.97,0.9693,0.9981,0.0037,0.0112,0.0091,0.0758,-0.0054,0.556,0.5946,0.0326,0.0326,0.2028,0.5211,0.4757,0.0,0.027,0.1351,0.5455,0.5541,0.0054,0.0162,0.1297,,,,,,,0.0896,,,,,0.0,none,b6bf3700aba83d420d3b14e25937d5c577ff76b5c3212fe1d8f6fd85651fdd1e,1df323bffb5d867c27c091c57d7bb187de62aff8f2626fde623132e49dae2645,1.7038,0.0,1.7038,0.4423,0.0,0.4423
synthetic_high_medium,GCN,early_stopping,"{""patience"": 15}",42,0.7995,0.015,0.0,0.995,0.9955,0.9996,0.004,0.0383,0.01,0.1132,-0.006,0.6043,0.5057,0.0235,0.0824,0.2053,0.5832,0.5341,0.0057,0.0682,0.1591,0.5833,0.5312,0.017,0.0682,0.1648,,,,,,,0.0162,,,,,0.0,none,c2e1679f30c48e18727d431f88101e14e97a3ac6bc24374a226fd75cd590d952,63b5bb528f61c031d5b76e4423d8375f6adf39ba52402294bf879a5418105c53,1.685,0.0,1.685,0.0102,0.0,0.0102
synthetic_high_medium,GCN,early_stopping,"{""patience"": 15}",123,0.7995,0.015,0.0,0.985,0.9857,0.9998,0.0104,0.1255,0.0069,0.0438,0.0035,0.5524,0.5426,0.0213,0.1064,0.1064,0.5274,0.5,0.0,0.0957,0.0904,0.5272,0.5266,0.0372,0.1011,0.0904,,,,,,,0.0148,,,,,0.0,none,55c1cedd36d15e27feef182256325a55ff991c2930212838e8647b44ea4da59d,b96ff98418ce11259167a65582f56335b1703de887e3856771ce233891a1c18b,1.4533,0.0,1.4533,0.0065,0.0,0.0065
synthetic_high_medium,GCN,early_stopping,"{""patience"": 15}",456,0.7995,0.015,0.0,0.975,0.9747,0.9998,0.0175,0.2005,0.012,0.1419,0.0056,0.5228,0.5134,0.0,0.0435,0.0915,0.499,0.492,0.0,0.0,0.0588,0.4984,0.5,0.0053,0.0535,0.0588,,,,,,,0.016,,,,,0.0,none,ec65206714aa66f2f04966112f65ab7538485cb1a5a9b7838dd942f6e163f183,c218f2381f6c7010c6d78fdf79b4e45ea6dc7c0f3a25dcc8571da974a9e65608,1.9014,0.0,1.9014,0.0226,0.0,0.0226
synthetic_high_medium,GCN,early_stopping,"{""patience"": 15}",789,0.7995,0.015,0.0,0.98,0.9794,0.9983,0.0038,0.0214,0.0053,0.0262,-0.0015,0.5896,0.5163,0.0,0.1087,0.1957,0.5327,0.538,0.0,0.0326,0.0978,0.5323,0.5163,0.0,0.0489,0.0978,,,,,,,0.0155,,,,,0.0,none,38462745dfe648b2c8e6451b3fc72d68ec162303677892760e59a113f6f4ed84,0d5720e76bc238887bac0c14dc41df19a6018a3399edefe5659fdbf8ce46a4c3,2.0048,0.0,2.0048,0.0057,0.0,0.0057
synthetic_high_medium,GCN,early_stopping,"{""patience"": 15}",1024,0.7995,0.015,0.0,0.995,0.9952,0.9999,0.0116,0.1164,0.0044,0.0392,0.0072,0.5418,0.5372,0.0,0.0106,0.1064,0.5036,0.4894,0.0,0.0213,0.0904,0.503,0.5239,0.016,0.0372,0.0904,,,,,,,0.0203,,,,,0.0,none,50bd161a9272a4219046bcfd53b372cdb7e9c5dfb5a199e7b742423154526bfd,7f5f55269589ed8df29a25f400e6ef28f8f4f404e18574127e73f1fb172ac109,1.5744,0.0,1.5744,0.0067,0.0,0.0067
synthetic_high_medium,GCN,early_stopping,"{""patience"": 15}",2024,0.7995,0.015,0.0,0.98,0.9803,0.9998,0.003,0.0132,0.0154,0.1414,-0.0124,0.5135,0.4947,0.0,0.0319,0.0938,0.5214,0.5474,0.0,0.0316,0.1,0.5207,0.4895,0.0,0.0526,0.1105,,,,,,,0.0102,,,,,0.0,none,7de0d42e4be4aaa980146523f9870d86a027419c7751c7a76f4c5db816cf4b43,8d35bd461aac019d4910b690368790ef403d00625b5244652d6cd0579ab054b1,1.6737,0.0,1.6737,0.0166,0.0,0.0166
synthetic_high_medium,GCN,early_stopping,"{""patience"": 15}",3141,0.7995,0.015,0.0,0.97,0.9678,0.9979,0.0318,0.2125,0.0032,0.0142,0.0286,0.4965,0.4918,0.0119,0.0714,0.0783,0.4956,0.4918,0.0,0.0492,0.071,0.4962,0.5219,0.0219,0.0546,0.071,,,,,,,0.0188,,,,,0.0,none,29379f8b18c1637a5effd542cbba6675321efa7a17de173050c7ee617b950c04,0f91b95c87a9a614958b28ee083bfccc46ed6ff2ea7f5ab5e89e726360563228,1.9028,0.0,1.9028,0.0132,0.0,0.0132
synthetic_high_medium,GCN,early_stopping,"{""patience"": 15}",5000,0.7995,0.015,0.0,0.995,0.9954,0.9999,0.0037,0.0321,0.021,0.1632,-0.0172,0.426,0.4807,0.0,0.0238,0.0412,0.4775,0.4751,0.0,0.0,0.0442,0.4785,0.5138,0.0,0.0331,0.0442,,,,,,,0.0078,,,,,0.0,none,1f0d2bbc813b79faa21bd9a72d9ec137dce37c970337abc7bcec1072498af204,47eb8b823baca8dde3d49f3d90d7e99cd6b79f6ac86176f7510f3270e12c5f22,1.6055,0.0,1.6055,0.0058,0.0,0.0058
synthetic_high_medium,GCN,early_stopping,"{""patience"": 15}",7777,0.7995,0.015,0.0,0.955,0.9553,0.9983,0.0067,0.0773,0.0127,0.076,-0.006,0.5542,0.4647,0.022,0.0659,0.1949,0.584,0.5412,0.0,0.0471,0.1588,0.5837,0.5559,0.0118,0.0706,0.1647,,,,,,,0.0188,,,,,0.0,none,0f3fab8559a06fb413ec239ce226d6e2966a622bb2022de08724850bfc279d3c,fbaaa2717dbb52eeb62435aff4140b691f70842d1613fb6b567bb083be1035f6,1.7164,0.0,1.7164,0.0051,0.0,0.0051
synthetic_high_medium,GCN,early_stopping,"{""patience"": 15}",9999,0.7995,0.015,0.0,0.98,0.979,0.9995,0.0016,0.0087,0.0098,0.1097,-0.0083,0.5071,0.4973,0.0435,0.1304,0.0981,0.4923,0.4757,0.0054,0.0703,0.0541,0.4924,0.5,0.0216,0.0919,0.0541,,,,,,,0.0073,,,,,0.0,none,e5c796a4d7caac409eec4e5d0826b9380eb0930e73eeca2233f01ebed1a53e1f,98a12d53a5cbe29a6f7184ba6b169a27a247b71d2d1db0faf4e0124c2661214a,1.693,0.0,1.693,0.0067,0.0,0.0067
synthetic_high_medium,GCN,confidence_masking,"{""top_k"": 2}",42,0.7995,0.015,0.0,0.995,0.9955,0.9969,0.004,0.0383,0.01,0.1132,-0.006,0.6101,0.517,0.0118,0.0941,0.2186,0.5808,0.5398,0.017,0.0568,0.1591,0.5809,0.5256,0.017,0.0568,0.1648,,,,,,,0.0107,,,,,0.0,none,c2e1679f30c48e18727d431f88101e14e97a3ac6bc24374a226fd75cd590d952,63b5bb528f61c031d5b76e4423d8375f6adf39ba52402294bf879a5418105c53,1.685,0.0,1.685,0.0102,0.0,0.0102
synthetic_high_medium,GCN,confidence_masking,"{""top_k"": 2}",123,0.7995,0.015,0.0,0.985,0.9857,0.9998,0.0104,0.1255,0.0069,0.0438,0.0035,0.5535,0.5426,0.0213,0.117,0.117,0.5271,0.4947,0.0,0.0957,0.0957,0.5272,0.5372,0.0319,0.1011,0.0957,,,,,,,0.0123,,,,,0.0,none,55c1cedd36d15e27feef182256325a55ff991c2930212838e8647b44ea4da59d,b96ff98418ce11259167a65582f56335b1703de887e3856771ce233891a1c18b,1.4533,0.0,1.4533,0.0065,0.0,0.0065
synthetic_high_medium,GCN,confidence_masking,"{""top_k"": 2}",456,0.7995,0.015,0.0,0.975,0.9747,0.997,0.0175,0.2005,0.012,0.1419,0.0056,0.5269,0.5134,0.0,0.0435,0.0946,0.5023,0.4866,0.0,0.0,0.0535,0.5024,0.5107,0.0,0.0535,0.0535,,,,,,,0.0128,,,,,0.0,none,ec65206714aa66f2f04966112f65ab7538485cb1a5a9b7838dd942f6e163f183,c218f2381f6c7010c6d78fdf79b4e45ea6dc7c0f3a25dcc8571da974a9e65608,1.9014,0.0,1.9014,0.0226,0.0,0.0226
synthetic_high_medium,GCN,confidence_masking,"{""top_k"": 2}",789,0.7995,0.015,0.0,0.98,0.9794,0.9958,0.0038,0.0214,0.0053,0.0262,-0.0015,0.5834,0.5054,0.0,0.1304,0.2065,0.5312,0.5272,0.0,0.0326,0.1033,0.5309,0.5245,0.0,0.0489,0.1033,,,,,,,0.014,,,,,0.0,none,38462745dfe648b2c8e6451b3fc72d68ec162303677892760e59a113f6f4ed84,0d5720e76bc238887bac0c14dc41df19a6018a3399edefe5659fdbf8ce46a4c3,2.0048,0.0,2.0048,0.0057,0.0,0.0057
synthetic_high_medium,GCN,confidence_masking,"{""top_k"": 2}",1024,0.7995,0.015,0.0,0.995,0.9952,0.9999,0.0116,0.1164,0.0044,0.0392,0.0072,0.5397,0.5372,0.0,0.0,0.1064,0.5036,0.4787,0.0,0.0319,0.0904,0.5038,0.5346,0.016,0.0372,0.0904,,,,,,,0.0187,,,,,0.0,none,50bd161a9272a4219046bcfd53b372cdb7e9c5dfb5a199e7b742423154526bfd,7f5f55269589ed8df29a25f400e6ef28f8f4f404e18574127e73f1fb172ac109,1.5744,0.0,1.5744,0.0067,0.0,0.0067
synthetic_high_medium,GCN,confidence_masking,"{""top_k"": 2}",2024,0.7995,0.015,0.0,0.98,0.9803,0.9971,0.003,0.0132,0.0154,0.1414,-0.0124,0.5167,0.5105,0.0,0.0319,0.0933,0.5246,0.5474,0.0,0.0474,0.1053,0.5243,0.4947,0.0,0.0579,0.1053,,,,,,,0.0122,,,,,0.0,none,7de0d42e4be4aaa980146523f9870d86a027419c7751c7a76f4c5db816cf4b43,8d35bd461aac019d4910b690368790ef403d00625b5244652d6cd0579ab054b1,1.6737,0.0,1.6737,0.0166,0.0,0.0166
synthetic_high_medium,GCN,confidence_masking,"{""top_k"": 2}",3141,0.7995,0.015,0.0,0.97,0.9678,0.991,0.0318,0.2125,0.0032,0.0142,0.0286,0.4927,0.4918,0.0119,0.0714,0.0866,0.4917,0.4754,0.0,0.0437,0.0765,0.4918,0.5328,0.0219,0.0437,0.0765,,,,,,,0.0179,,,,,0.0,none,29379f8b18c1637a5effd542cbba6675321efa7a17de173050c7ee617b950c04,0f91b95c87a9a614958b28ee083bfccc46ed6ff2ea7f5ab5e89e726360563228,1.9028,0.0,1.9028,0.0132,0.0,0.0132
synthetic_high_medium,GCN,confidence_masking,"{""top_k"": 2}",5000,0.7995,0.015,0.0,0.995,0.9954,0.9999,0.0037,0.0321,0.021,0.1632,-0.0172,0.4227,0.4807,0.0,0.0238,0.0396,0.476,0.4751,0.0,0.0,0.0331,0.4758,0.5166,0.0,0.0221,0.0331,,,,,,,0.007,,,,,0.0,none,1f0d2bbc813b79faa21bd9a72d9ec137dce37c970337abc7bcec1072498af204,47eb8b823baca8dde3d49f3d90d7e99cd6b79f6ac86176f7510f3270e12c5f22,1.6055,0.0,1.6055,0.0058,0.0,0.0058
synthetic_high_medium,GCN,confidence_masking,"{""top_k"": 2}",7777,0.7995,0.015,0.0,0.955,0.9553,0.9872,0.0067,0.0773,0.0127,0.076,-0.006,0.5547,0.4647,0.022,0.0549,0.1593,0.5851,0.5294,0.0,0.0647,0.1529,0.5853,0.5529,0.0118,0.0647,0.1529,,,,,,,0.0205,,,,,0.0,none,0f3fab8559a06fb413ec239ce226d6e2966a622bb2022de08724850bfc279d3c,fbaaa2717dbb52eeb62435aff4140b691f70842d1613fb6b567bb083be1035f6,1.7164,0.0,1.7164,0.0051,0.0,0.0051
synthetic_high_medium,GCN,confidence_masking,"{""top_k"": 2}",9999,0.7995,0.015,0.0,0.98,0.9786,0.9969,0.0013,0.0088,0.0101,0.1133,-0.0088,0.4968,0.5027,0.0217,0.1196,0.0766,0.4878,0.4649,0.0,0.0432,0.0811,0.4875,0.5243,0.0108,0.0703,0.0811,,,,,,,0.018,,,,,0.0,none,3e08420c97293df2f090312eaa063f0aadf38524a68c5911cc811f51a4e71ca0,f450e29d4e1b0794bed128e4cbc64aa950c7d372557f0a101db7cf43c0b09990,1.693,0.0,1.693,0.0059,0.0,0.0059
synthetic_high_medium,GCN,edge_sparsification,"{""rate"": 0.2}",42,0.7995,0.015,0.0,0.975,0.9759,0.9992,0.0069,0.0813,0.009,0.1068,-0.0021,0.566,0.5284,0.0235,0.0941,0.1463,0.5791,0.5511,0.0227,0.0909,0.125,0.5789,0.5369,0.0227,0.1023,0.125,,,,,,,0.0228,,,,,0.0,none,d4633839fa1e37fa227ac11cfbebf22caa28db290385b0efb2f450d546c74311,d1ae508737e11bcb18d33f12f8f8ecc1ac49ba6a475778d7b1ab36889836ecdc,1.6797,0.0,1.6797,0.0161,0.0,0.0161
synthetic_high_medium,GCN,edge_sparsification,"{""rate"": 0.2}",123,0.7995,0.015,0.0,0.97,0.9689,0.9965,0.0049,0.0469,0.0047,0.0265,0.0002,0.5871,0.5691,0.0319,0.1489,0.1489,0.5602,0.5319,0.0,0.1117,0.1064,0.5604,0.5426,0.0266,0.133,0.1064,,,,,,,0.0097,,,,,0.0,none,35e09fa8f47220df009f12f6e31546708c9e651f45e9a9fa5e5a5cfb2d0aeb05,039b95d2643d2a0d5daf4aa9df8e284afe5e46ef55776831af4359d3574df8ab,1.4544,0.0,1.4544,0.0092,0.0,0.0092
synthetic_high_medium,GCN,edge_sparsification,"{""rate"": 0.2}",456,0.7995,0.015,0.0,0.985,0.9845,0.9992,0.0177,0.1615,0.0115,0.1249,0.0062,0.5495,0.5348,0.0109,0.0652,0.1324,0.5068,0.4759,0.0,0.0642,0.0963,0.5071,0.5267,0.0214,0.0642,0.0963,,,,,,,0.0062,,,,,0.0,none,1438440368d4903fec7d944a3e98f5a63adadb7309aff1edc38ab3deacdb554b,1b45237c2123770cabeaeb408c5b8e740e52f2385cbdcf21792f12e28556dbb7,2.0181,0.0,2.0181,0.016,0.0,0.016
synthetic_high_medium,GCN,edge_sparsification,"{""rate"": 0.2}",789,0.7995,0.015,0.0,0.97,0.9708,0.9974,0.0044,0.025,0.0038,0.0213,0.0006,0.6005,0.5761,0.0109,0.087,0.163,0.5429,0.538,0.0,0.0543,0.1141,0.5426,0.5489,0.0054,0.0598,0.1087,,,,,,,0.0235,,,,,0.0,none,b899e107c83854b8cebfc322cceb653265293e4a73d80b04fd653bc0bfc2f4f2,855a8b4f2466b14f3d4cdb83654278fd5716e1aa064a120624b60e1261da3541,2.0225,0.0,2.0225,0.015,0.0,0.015
synthetic_high_medium,GCN,edge_sparsification,"{""rate"": 0.2}",1024,0.7995,0.015,0.0,0.985,0.9849,0.9997,0.0133,0.119,0.0067,0.0493,0.0066,0.5502,0.5532,0.0106,0.0106,0.117,0.5297,0.5106,0.0,0.0372,0.1011,0.5289,0.5426,0.0106,0.0372,0.1011,,,,,,,0.0209,,,,,0.0,none,15b1fe07bf18e74002760fe8be1ab5c03c3ef16581291561b19fbef05d4799b8,5700d60a57839c65052de24986c66795c6f7b691b588a31f3dec3471a96b8cf5,1.6695,0.0,1.6695,0.0082,0.0,0.0082
synthetic_high_medium,GCN,edge_sparsification,"{""rate"": 0.2}",2024,0.7995,0.015,0.0,0.965,0.9649,0.9986,0.0041,0.0172,0.017,0.1615,-0.013,0.4998,0.5211,0.0106,0.0213,0.1042,0.5095,0.4895,0.0,0.0632,0.0947,0.5089,0.5053,0.0053,0.0684,0.0947,,,,,,,0.0315,,,,,0.0,none,bbcbdb51cee851e1349d3672cac171b08b1e604ac8219f1060c61aaa945ba341,fcded57f0a49ce165470a04698338494c0aaccdc218d7a70f5d63be29b1d28a3,1.743,0.0,1.743,0.0122,0.0,0.0122
synthetic_high_medium,GCN,edge_sparsification,"{""rate"": 0.2}",3141,0.7995,0.015,0.0,0.96,0.9604,0.9982,0.0335,0.2038,0.0049,0.027,0.0286,0.528,0.5137,0.0,0.0833,0.1288,0.5302,0.5355,0.0,0.082,0.1038,0.53,0.5027,0.0055,0.0984,0.0984,,,,,,,0.023,,,,,0.0,none,aaa5d820079cbe41e8b1afda70ab6a1e9b0f93771aa871372d9064ffa6670f25,085d44dfba28a7fc83aaba68613fdf1ddeb35a4d34f33760d9f30c7975d8daec,1.9245,0.0,1.9245,0.0196,0.0,0.0196
synthetic_high_medium,GCN,edge_sparsification,"{""rate"": 0.2}",5000,0.7995,0.015,0.0,0.99,0.9897,1.0,0.0035,0.0211,0.0202,0.1623,-0.0167,0.4562,0.4751,0.0,0.0238,0.0809,0.5107,0.5083,0.0,0.0,0.0663,0.509,0.5276,0.0,0.0497,0.0718,,,,,,,0.0128,,,,,0.0,none,6fc8151d99a1228aeb6320d1c32ec50cdc009d5b27b0389faab9485275cfcf61,f62d4fbc826d2ff1db6a05b49498e3c121dc216e3df4fc57f7b627e56cf2e664,1.6543,0.0,1.6543,0.0113,0.0,0.0113
synthetic_high_medium,GCN,edge_sparsification,"{""rate"": 0.2}",7777,0.7995,0.015,0.0,0.92,0.9165,0.995,0.011,0.1086,0.0119,0.0792,-0.0009,0.5589,0.4647,0.022,0.0549,0.1772,0.5802,0.5471,0.0,0.0529,0.1706,0.5799,0.5618,0.0176,0.0647,0.1706,,,,,,,0.0457,,,,,0.0,none,b584c2d7b98fa14c4a53527a91efc6459ffc0c3441225b7267fa8e25965cb22c,a86f1f85cebf429af907a5cef70a7de1c5c07cbc03cd8dbf5789ae755df899f2,1.725,0.0,1.725,0.0089,0.0,0.0089
synthetic_high_medium,GCN,edge_sparsification,"{""rate"": 0.2}",9999,0.7995,0.015,0.0,0.98,0.9796,0.9991,0.0025,0.0176,0.0097,0.1122,-0.0073,0.5176,0.4919,0.0,0.1087,0.0875,0.5132,0.4865,0.0,0.0757,0.0919,0.5135,0.5459,0.0378,0.0973,0.0919,,,,,,,0.0093,,,,,0.0,none,ad4578cd75171975a5acf3bd72721f2b5296aaa2e589af52fcb219c53eac0c7f,79190dc6da642df1e4e60d8e8f0cd60f2cd617f9cc9d1144b2ceca737d711213,1.6957,0.0,1.6957,0.0056,0.0,0.0056
synthetic_high_medium,GCN,dp_sgd,{},42,0.7995,0.015,0.0,0.985,0.9857,0.9987,0.0094,0.0876,0.0092,0.1137,0.0003,0.4266,0.483,0.0,0.0,0.0,0.5546,0.5,0.0,0.0,0.1534,0.57,0.5,0.0114,0.0511,0.1591,,,,,,,0.0129,23.3572,0.0,1.0,1.0,0.0,none,2d05bfd41608cb9de11dd2a806092d428c5def2da48a4c2bca68894d419a7ff9,1a9b91b32eec4443cae5c0b42c56c482eb6a0366de84367ee77e7758f8cf8410,,,,,,
synthetic_high_medium,GCN,dp_sgd,{},123,0.7995,0.015,0.0,0.98,0.9802,0.9997,0.0052,0.0527,0.0074,0.0682,-0.0023,0.5091,0.516,0.0426,0.0638,0.117,0.5102,0.5,0.0,0.0,0.0691,0.5076,0.5106,0.0213,0.0691,0.0745,,,,,,,0.0122,23.3572,0.0,1.0,1.0,0.0,none,45f10a9c7f248db98d3c0661ac9bdf1b1a92f1714a4d58cbcadc91b0c885891f,c7cfc498e6c80d08ea587a68a851630c1e8f98718930c6b80e61bca3d7d6c262,,,,,,
synthetic_high_medium,GCN,dp_sgd,{},456,0.7995,0.015,0.0,0.985,0.9849,0.9999,0.028,0.2753,0.0207,0.2194,0.0072,0.4699,0.492,0.0,0.0,0.0974,0.5015,0.5,0.0,0.0,0.0588,0.4966,0.5,0.0,0.0588,0.0642,,,,,,,0.0104,23.3572,0.0,1.0,1.0,0.0,none,f26dfe277961a9ac81b39a083ee699095cd2613ee9f4708b3d5675d5298424b0,4787ba46120d9cc89426c97c8f7b07f973deb922cad308466e4b980c79bea774,,,,,,
synthetic_high_medium,GCN,dp_sgd,{},789,0.7995,0.015,0.0,0.975,0.9745,0.9991,0.0038,0.0243,0.0044,0.0357,-0.0006,0.5841,0.5054,0.0,0.0978,0.1739,0.5088,0.5,0.0,0.0,0.0435,0.5257,0.5136,0.0,0.0326,0.0924,,,,,,,0.017,23.3572,0.0,1.0,1.0,0.0,none,05c2adb136594b436270415cb0d5d37206b6a7657f16ef82562465b89cd3f379,5b5e59093ef71932e2c3835288b2b3e0ff178fe40fdd9a0697aa5faffaccc49c,,,,,,
synthetic_high_medium,GCN,dp_sgd,{},1024,0.7995,0.015,0.0,0.99,0.9901,1.0,0.0243,0.3065,0.0081,0.0698,0.0162,0.5438,0.5106,0.0106,0.0213,0.0957,0.5013,0.5,0.0,0.0,0.0638,0.516,0.5053,0.0,0.0426,0.0638,,,,,,,0.0084,23.3572,0.0,1.0,1.0,0.0,none,07a23317276e027ec7bdf837aa2e968e3f024dd623b1c47ac0d7e689867bddbe,f799688e86456e9d113c844075b95817eebfe25e3f8a3586bd67aceb0d5eb3b1,,,,,,
synthetic_high_medium,GCN,dp_sgd,{},2024,0.7995,0.015,0.0,0.985,0.9856,0.9998,0.008,0.0574,0.036,0.37,-0.028,0.5113,0.5,0.0,0.0638,0.0711,0.497,0.5,0.0,0.0,0.0158,0.5149,0.4947,0.0053,0.0684,0.0895,,,,,,,0.0153,23.3572,0.0,1.0,1.0,0.0,none,103f936239e233ec176900264a05be3888aa49c362fb404af9deadebdefcb08e,e64e36c594476b6133046d1a3592e3ba744c23acbd556b8ec567012094be2fad,,,,,,
synthetic_high_medium,GCN,dp_sgd,{},3141,0.7995,0.015,0.0,0.975,0.9734,0.9985,0.0268,0.1742,0.0055,0.0327,0.0213,0.4949,0.4809,0.0119,0.0238,0.075,0.4995,0.5,0.0,0.0,0.0437,0.5183,0.5082,0.0,0.0273,0.0765,,,,,,,0.0175,23.3572,0.0,1.0,1.0,0.0,none,0b3f742325e114587b473af222dab8329cd3af709bc7fbedb5b14698038baf82,04c831ef208c6fc51e297b7fcbd24cc59c006226f31a0122b8c032368c229422,,,,,,
synthetic_high_medium,GCN,dp_sgd,{},5000,0.7995,0.015,0.0,0.99,0.9907,0.9999,0.0021,0.0189,0.0207,0.1655,-0.0186,0.4141,0.4696,0.0,0.0238,0.0396,0.4782,0.5,0.0,0.0,0.0221,0.4781,0.5083,0.0055,0.0276,0.0276,,,,,,,0.0086,23.3572,0.0,1.0,1.0,0.0,none,3c0df450f98149053d9cdffb2b43a1e65e5e3960613e0998a94d305f0fecc05f,7267899120d7c4a25666b7d048cc743818528a1423c86b7731fd76ef36d11697,,,,,,
synthetic_high_medium,GCN,dp_sgd,{},7777,0.7995,0.015,0.0,0.975,0.9743,0.9986,0.0028,0.0374,0.0319,0.2876,-0.0291,0.5373,0.4647,0.022,0.0769,0.1139,0.5642,0.5,0.0,0.0,0.1235,0.5664,0.5353,0.0,0.0941,0.1353,,,,,,,0.0242,23.3572,0.0,1.0,1.0,0.0,none,537bd89c16aa7a7b654e578c9df9a957d5ed446bccaf2489ee5dcb541b85bcfa,2bb12f19a36903b6e0abf32dce8268018c81f193f8c8fd873b75188e00938887,,,,,,
synthetic_high_medium,GCN,dp_sgd,{},9999,0.7995,0.015,0.0,0.98,0.9786,0.9994,0.0009,0.007,0.01,0.1152,-0.0091,0.5019,0.4919,0.0109,0.087,0.0567,0.495,0.5,0.0,0.0,0.0378,0.4846,0.5162,0.0054,0.0865,0.0649,,,,,,,0.0229,23.3572,0.0,1.0,1.0,0.0,none,b2208d98b23c331c7dc299e92c02cad11703c620e29e7d5f7a9bf00c3adc77cb,b27e5b10ff016cae02927821e48358fd130446ebba0366dc6a0c952425a7628f,,,,,,
synthetic_high_medium,GCN,epsd_tuned,"{""lambda_epsd"": 1.0}",42,0.7995,0.015,0.0,0.995,0.9955,0.9996,0.0021,0.0154,0.0099,0.1124,-0.0078,0.5995,0.5227,0.0235,0.0471,0.1794,0.5841,0.5398,0.017,0.0398,0.1534,0.5845,0.5398,0.0227,0.0568,0.1534,,,,,,,0.0117,,,,,1.0,none,4c21719327542d444f0c4fcbc2e99fc354501e16425d14630b68a93c1bf90d0d,3a9537ada69e96bfd0e67b016aad6936f9416f545e3f2a079f6ff676367c68df,1.685,0.0526,1.7376,0.0135,0.0241,0.0376
synthetic_high_medium,GCN,epsd_tuned,"{""lambda_epsd"": 1.0}",123,0.7995,0.015,0.0,0.99,0.9905,0.9998,0.0057,0.0679,0.0059,0.0333,-0.0002,0.5463,0.5372,0.0319,0.1064,0.1277,0.5223,0.5053,0.0,0.0851,0.0957,0.523,0.5399,0.016,0.1064,0.1011,,,,,,,0.023,,,,,1.0,none,066c211c33741fc8f298c829414f119f673c8cfd009394a83f3063d7f28dba62,485b922024a5f66e48457b94c469d9963f2d78f84d067c58c441c395295a599d,1.4533,0.0472,1.5005,0.0053,0.0156,0.021
synthetic_high_medium,GCN,epsd_tuned,"{""lambda_epsd"": 1.0}",456,0.7995,0.015,0.0,0.975,0.9747,0.9997,0.0064,0.0605,0.0111,0.1262,-0.0047,0.5352,0.5134,0.0,0.0435,0.1259,0.5021,0.4706,0.0,0.0,0.0588,0.5024,0.5107,0.0053,0.0481,0.0535,,,,,,,0.0217,,,,,1.0,none,3bf98cf79dbf2799e1254858df5b6cea0e6979d2519e8d2ca17d59ae74a06bda,f23c1fb59186f2fff9f54432a6f3ccdc7ec058bcf6edc61971b68f2605fd9692,1.9014,0.0538,1.9552,0.0112,0.0284,0.0396
synthetic_high_medium,GCN,epsd_tuned,"{""lambda_epsd"": 1.0}",789,0.7995,0.015,0.0,0.97,0.9693,0.9983,0.0027,0.0168,0.0049,0.0273,-0.0023,0.5919,0.5272,0.0,0.087,0.163,0.5346,0.5326,0.0,0.0543,0.087,0.5349,0.5326,0.0,0.0761,0.087,,,,,,,0.0136,,,,,1.0,none,7ce873cdc9fd1d10b223a1ad0e680b44f26fb5df4a37adaba45c9857f824bd9e,8bb24229a794b7ba03b56a4b9c6135d2b4dfd9f21eec45cb1a926859c2a01931,2.0048,0.0447,2.0495,0.0035,0.0109,0.0144
synthetic_high_medium,GCN,epsd_tuned,"{""lambda_epsd"": 1.0}",1024,0.7995,0.015,0.0,0.99,0.9904,0.9999,0.0053,0.0484,0.0055,0.049,-0.0002,0.5446,0.5319,0.0,0.0,0.1277,0.509,0.4894,0.016,0.0319,0.117,0.5094,0.5372,0.0266,0.0319,0.117,,,,,,,0.0129,,,,,1.0,none,0bf92a24c375d84a89ce1ffb23edb5f9ac5b1c4bf16b69b8b0c053b5e4ecda24,b512dc140b15d2944084aaf0f7876d77c0cc01e33b85a1880f14c99dc88885d4,1.5744,0.0427,1.6171,0.0056,0.0191,0.0248
synthetic_high_medium,GCN,epsd_tuned,"{""lambda_epsd"": 1.0}",2024,0.7995,0.015,0.0,0.975,0.975,0.9998,0.0024,0.0111,0.0138,0.1286,-0.0114,0.5176,0.5053,0.0,0.0106,0.0853,0.5251,0.5421,0.0,0.0579,0.1158,0.5245,0.5,0.0,0.0684,0.1105,,,,,,,0.0145,,,,,1.0,none,0f5c38cb8c31a9801cd2ed741a6e598af6b0ddae0dd332d2f9a8d6f76ca35b44,8de6a357b5ccc5b69ae1299177790254108b12812d481295db922a1dae222b4b,1.6737,0.0443,1.718,0.014,0.0197,0.0338
synthetic_high_medium,GCN,epsd_tuned,"{""lambda_epsd"": 1.0}",3141,0.7995,0.015,0.0,0.975,0.9741,0.998,0.02,0.1346,0.0041,0.02,0.0159,0.5057,0.5027,0.0119,0.0714,0.1086,0.4995,0.4809,0.0164,0.0492,0.082,0.5001,0.5191,0.0219,0.0492,0.082,,,,,,,0.019,,,,,1.0,none,5730349f99582ce342d5763b0d039e4983761347b05116dc18447319680183e1,fec5324b299de4ab80373bb40bd3dc4b77885cce6e189a8beffe90d1805ac04d,1.9028,0.0515,1.9542,0.0208,0.0325,0.0533
synthetic_high_medium,GCN,epsd_tuned,"{""lambda_epsd"": 1.0}",5000,0.7995,0.015,0.0,0.995,0.9954,0.9999,0.0021,0.0154,0.0206,0.1625,-0.0185,0.4424,0.4696,0.0,0.0238,0.0491,0.4928,0.4751,0.0,0.0,0.0608,0.4925,0.5249,0.011,0.0331,0.0608,,,,,,,0.0081,,,,,1.0,none,ee4e7eb2e6e2140d36e7057d0708d67c93b5d2fa3066de0128616b203f8ab9f6,8ed4bce3bebbfbd56ac053696a655bf827aecd57bb3056686c5436c1a641ada3,1.6055,0.0456,1.6511,0.0078,0.0162,0.024
synthetic_high_medium,GCN,epsd_tuned,"{""lambda_epsd"": 1.0}",7777,0.7995,0.015,0.0,0.96,0.9605,0.9985,0.0027,0.0285,0.0132,0.0777,-0.0105,0.5563,0.4647,0.022,0.0659,0.1906,0.5838,0.5412,0.0,0.0647,0.1647,0.5843,0.5647,0.0118,0.0706,0.1647,,,,,,,0.0143,,,,,1.0,none,0611e2970a678d6866c9a3542c83467f84c491fecadd4ff4de15b6e24e92f4cd,f02450c799adaeff43fbe0c16faa6c20d43b7bed31022cfa64b74fe6743ffa99,1.7164,0.0395,1.7559,0.0034,0.0055,0.0089
synthetic_high_medium,GCN,epsd_tuned,"{""lambda_epsd"": 1.0}",9999,0.7995,0.015,0.0,0.975,0.9733,0.9992,0.0009,0.0049,0.0101,0.1139,-0.0092,0.4987,0.5135,0.0543,0.1196,0.0873,0.4921,0.4649,0.0,0.0865,0.0703,0.4924,0.5297,0.0054,0.0919,0.0649,,,,,,,0.0155,,,,,1.0,none,686cb3910cdc4efaf9c27f157eaafd8f5994f4dd7e0496f87675d91f36b65014,df2836533293a1e4daf177bb719e4fb6a7e45478d890dddc7e57f9596e40a565,1.693,0.0508,1.7438,0.0057,0.0131,0.0188
synthetic_high_medium,GraphSAGE,none,{},42,0.7995,0.015,0.0,0.985,0.9862,0.9981,0.0385,0.205,0.0579,0.2726,-0.0194,0.6465,0.5284,0.0235,0.0824,0.2577,0.6339,0.5909,0.0,0.0,0.233,0.6401,0.5909,0.017,0.0682,0.2386,,,,,,,0.0127,,,,,0.0,none,f37829de1830897e2185b899c260fb92f978bd6f6176669c4346976098dc3c6d,1efbb2faca17d48d41f0cfd3ce88e72bd54d6855ae77108afeba303d6b366451,1.767,0.0,1.767,0.0003,0.0,0.0003
synthetic_high_medium,GraphSAGE,none,{},123,0.7995,0.015,0.0,0.97,0.9704,0.9992,0.0299,0.3523,0.0743,0.3807,-0.0444,0.6471,0.5479,0.0106,0.0745,0.2447,0.6188,0.5824,0.0,0.0,0.1809,0.6225,0.5771,0.0106,0.0957,0.1915,,,,,,,0.019,,,,,0.0,none,9e5e4e2af9bf3b1b136c81e22fa226c09fe1120db3215346d1179c7dfc433fb0,36526417abf8d7b6b4f1414f010cd8313a19c066922d59b0d2fee5f804cfd2e1,1.835,0.0,1.835,0.0073,0.0,0.0073
synthetic_high_medium,GraphSAGE,none,{},456,0.7995,0.015,0.0,0.99,0.9898,0.9999,0.0579,0.4898,0.0743,0.3854,-0.0165,0.5434,0.5348,0.0,0.0435,0.1368,0.5677,0.5455,0.0,0.0,0.1604,0.5676,0.5749,0.0,0.0588,0.1604,,,,,,,0.0093,,,,,0.0,none,6175eb8bbf4fa03d0c6ff96f715601a181ec3a4310ef8d4e59910a40d565a217,ad16cdd67eb7832658153d9def61847003c465a5fab702db27080fddc1dca7bd,1.8492,0.0,1.8492,0.0034,0.0,0.0034
synthetic_high_medium,GraphSAGE,none,{},789,0.7995,0.015,0.0,0.98,0.9802,0.9948,0.0209,0.1442,0.0634,0.336,-0.0425,0.6509,0.5598,0.0543,0.087,0.2609,0.6138,0.5842,0.0,0.0,0.212,0.6124,0.5571,0.0326,0.0598,0.2174,,,,,,,0.0181,,,,,0.0,none,9b5f08126c7537272ce52e2220d76f52efc395a05c5bd700588443fbe0d4e426,e7ae07847acb24de40632e07afbbdc017abacee3da1e90dd7fff0b7adeb47753,1.9088,0.0,1.9088,0.0028,0.0,0.0028
synthetic_high_medium,GraphSAGE,none,{},1024,0.7995,0.015,0.0,0.985,0.9853,0.9997,0.0383,0.2295,0.0791,0.3389,-0.0407,0.6555,0.5691,0.0,0.0532,0.2447,0.5992,0.5505,0.0,0.0,0.2074,0.5929,0.5691,0.0,0.0266,0.2128,,,,,,,0.0196,,,,,0.0,none,0f901c93e9dc45c6a95c79117093e4656d37863f1494eca82400723271a8012d,661816ac4d4ef622f9578755ae43529fafa0e34a7551fd6caedb8d939b3ff805,1.9328,0.0,1.9328,0.0008,0.0,0.0008
synthetic_high_medium,GraphSAGE,none,{},2024,0.7995,0.015,0.0,0.98,0.9796,0.9997,0.0218,0.149,0.1314,0.6281,-0.1096,0.6427,0.5158,0.0,0.0532,0.2595,0.6286,0.5632,0.0,0.0,0.1947,0.6228,0.5474,0.0053,0.0684,0.2,,,,,,,0.0156,,,,,0.0,none,07bd49e82d1ce0b72c8547bad9ece3be66a137a52b9cad4e7754f3a72ec6ec1c,9804e9fdac25be299a95a760740f7213a6eb1ac93be6f78e9c217df9d15eb485,1.8591,0.0,1.8591,0.0025,0.0,0.0025
synthetic_high_medium,GraphSAGE,none,{},3141,0.7995,0.015,0.0,0.98,0.9768,0.9975,0.0599,0.3348,0.0875,0.4534,-0.0276,0.6186,0.5027,0.0,0.0238,0.2468,0.5819,0.5437,0.0,0.0,0.1749,0.5813,0.5683,0.0,0.0437,0.1694,,,,,,,0.0177,,,,,0.0,none,255845353df77845b3ea0a31a4995d29220ca1e224ffbde386f463f6ec4a24bd,88cb43bbf0239c5e9a291fbfd6b641b35b8b3fb72e2bd85b2dcbb1d1ba985aaf,1.7139,0.0,1.7139,0.0024,0.0,0.0024
synthetic_high_medium,GraphSAGE,none,{},5000,0.7995,0.015,0.0,0.995,0.9949,1.0,0.0236,0.1762,0.0647,0.3141,-0.041,0.5794,0.4807,0.0238,0.0833,0.1771,0.5713,0.547,0.0,0.0,0.1381,0.5955,0.5359,0.0166,0.1215,0.1823,,,,,,,0.0073,,,,,0.0,none,350fa9e1fb6c484491bb3e1149997501903cc14506016e66c528702e6a5380b4,eddff6d0230ee1d08643f4d18470ebb1357e446d2a2ffd642dabb8c2fa7a1be4,1.7093,0.0,1.7093,0.0005,0.0,0.0005
synthetic_high_medium,GraphSAGE,none,{},7777,0.7995,0.015,0.0,0.945,0.9445,0.9973,0.0154,0.0772,0.0654,0.2339,-0.05,0.6305,0.4647,0.033,0.1429,0.2132,0.6297,0.5824,0.0,0.0,0.2176,0.6315,0.5912,0.0412,0.1,0.2176,,,,,,,0.0412,,,,,0.0,none,8bddcb39a76bac26419d3323aa5d36f7884c8ba4edc0320fbeaa59736fed02fa,636ea7916113b6fbaf58e1a5b28fc0d099cfa6c93d2ff7856ed05d6e20b8cbf3,2.0098,0.0,2.0098,0.0025,0.0,0.0025
synthetic_high_medium,GraphSAGE,none,{},9999,0.7995,0.015,0.0,0.99,0.9895,0.9964,0.0314,0.1669,0.0358,0.1807,-0.0044,0.5861,0.5351,0.0,0.0652,0.1802,0.5582,0.5216,0.0,0.0,0.1405,0.5489,0.5405,0.0,0.0486,0.1405,,,,,,,0.0131,,,,,0.0,none,d2aa388b045e21cfbbca5ec8a20429021b195d8616373faaf96536c3e6dad04d,37dde85bd7bcb3e05f187db2e2c6dd6b602064653f393c6327e8f912b9d9fbbe,1.7002,0.0,1.7002,0.0039,0.0,0.0039
synthetic_high_medium,GraphSAGE,dropedge,"{""rate"": 0.3}",42,0.7995,0.015,0.0,0.96,0.9589,0.9986,0.0475,0.1326,0.1413,0.4055,-0.0938,0.7248,0.608,0.0,0.0706,0.4239,0.7061,0.6307,0.0,0.0682,0.3693,0.7048,0.6705,0.0227,0.0739,0.3693,,,,,,,0.0211,,,,,0.0,none,9697488d553153d6768fa752b58019fef844853d389509fbe6c455790dd64bee,0876e5f342cb17a3cc0f62e2bfbcc7bfa49bad5f319f29831be57ab7d7629a45,1.7395,0.0,1.7395,0.0514,0.0,0.0514
synthetic_high_medium,GraphSAGE,dropedge,"{""rate"": 0.3}",123,0.7995,0.015,0.0,0.97,0.9704,0.999,0.0448,0.3685,0.1269,0.4102,-0.0821,0.7164,0.6117,0.0319,0.0745,0.383,0.6965,0.633,0.0,0.1064,0.3138,0.6977,0.625,0.0426,0.1117,0.3085,,,,,,,0.0165,,,,,0.0,none,b6a6e2aa480ba0dcd353aa3e0be92a57cf431591bac0c99370e4df70060baf18,06045a60337f017c65f5ed7ea31c15dc947d056f659452a00839f27b107a4aad,1.8399,0.0,1.8399,0.0073,0.0,0.0073
synthetic_high_medium,GraphSAGE,dropedge,"{""rate"": 0.3}",456,0.7995,0.015,0.0,0.975,0.9742,0.9999,0.0608,0.2735,0.1326,0.4613,-0.0718,0.6382,0.5775,0.0,0.0326,0.2685,0.6282,0.5775,0.0,0.0,0.2513,0.6257,0.6123,0.0,0.0428,0.2513,,,,,,,0.0221,,,,,0.0,none,6da469002caa2793ecd33206100f66368511295500d845d87b551ec52b354d74,8c8f07340dc7dc07be2b6c201e1c72b14c2c1990a7d3c06ee01772de6d8da011,1.9467,0.0,1.9467,0.0355,0.0,0.0355
synthetic_high_medium,GraphSAGE,dropedge,"{""rate"": 0.3}",789,0.7995,0.015,0.0,0.98,0.9798,0.9965,0.0329,0.1018,0.1153,0.3611,-0.0824,0.7099,0.6522,0.0435,0.1196,0.3587,0.6609,0.5978,0.0,0.0761,0.2826,0.6609,0.6304,0.0217,0.087,0.288,,,,,,,0.014,,,,,0.0,none,5e63f76cc13395ad2e347eff2992100025c241c010dd4105ddea7099ac2f9945,e21f9b29aaa0ab126b0771ac08aac1eaa9507826f0f87732a12f6e1e35649e36,1.8611,0.0,1.8611,0.0097,0.0,0.0097
synthetic_high_medium,GraphSAGE,dropedge,"{""rate"": 0.3}",1024,0.7995,0.015,0.0,0.975,0.976,0.9997,0.0473,0.1699,0.1613,0.521,-0.114,0.6696,0.617,0.0319,0.0532,0.3404,0.6371,0.6011,0.0,0.0,0.2606,0.6375,0.609,0.016,0.0479,0.2553,,,,,,,0.0149,,,,,0.0,none,d96d8c2b334a323c6d39b5ebf927c32586dac17b8f03855345dfc291962e4a32,e694956fc33eb2ded1a3e680f5af66b370254add3374acf9b1dbc8511f512f15,1.9071,0.0,1.9071,0.0603,0.0,0.0603
synthetic_high_medium,GraphSAGE,dropedge,"{""rate"": 0.3}",2024,0.7995,0.015,0.0,0.995,0.9947,0.9999,0.0519,0.2026,0.1763,0.6592,-0.1243,0.6805,0.5737,0.0106,0.1277,0.2804,0.6768,0.6211,0.0,0.1105,0.2737,0.6762,0.6132,0.0105,0.1211,0.2789,,,,,,,0.0144,,,,,0.0,none,bab478e656435e74b43a84943a91b33f863e343aa5124122f2f940d729a0520c,2b7ce9e95e444af16bd6368a0151722afe365287e6d47a3ff6e447c59fb4279b,1.828,0.0,1.828,0.0277,0.0,0.0277
synthetic_high_medium,GraphSAGE,dropedge,"{""rate"": 0.3}",3141,0.7995,0.015,0.0,0.965,0.9648,0.9983,0.0669,0.2937,0.1626,0.4862,-0.0956,0.7157,0.5628,0.0,0.0952,0.3907,0.6556,0.6011,0.0,0.0601,0.306,0.6557,0.6393,0.0055,0.071,0.3005,,,,,,,0.0182,,,,,0.0,none,689e6b018a825ef65158a60fb499fbe9fb317a536f7ba3924eb7cdabb11a6561,82ee11e576031c7478005e8ca83a41d367349bb9328dbfff587b8e3d287d81fa,1.8287,0.0,1.8287,0.147,0.0,0.147
synthetic_high_medium,GraphSAGE,dropedge,"{""rate"": 0.3}",5000,0.7995,0.015,0.0,0.98,0.9789,0.9999,0.0491,0.1978,0.1169,0.52,-0.0678,0.7062,0.5083,0.0119,0.131,0.3353,0.7005,0.6077,0.0,0.1492,0.2983,0.6986,0.5773,0.0221,0.1602,0.2928,,,,,,,0.0131,,,,,0.0,none,230631a70f122be806113a46a78c633591edd7564abd211dcbf26ea9f996e625,1736d04e1ef9a1c4e594ad266dc0e0f666574cfc31700e53831442d256cb6a74,1.7655,0.0,1.7655,0.0038,0.0,0.0038
synthetic_high_medium,GraphSAGE,dropedge,"{""rate"": 0.3}",7777,0.7995,0.015,0.0,0.94,0.9412,0.9972,0.0241,0.0684,0.0992,0.2828,-0.0751,0.6844,0.4647,0.022,0.1099,0.3358,0.6768,0.5941,0.0,0.1,0.2824,0.6762,0.6147,0.0294,0.1,0.2824,,,,,,,0.0337,,,,,0.0,none,1eb0e83e9192b068513109751288a74b6fa86277469dc898f2afc9a36bad1a0c,c1eeb356db922ffd5d23f50863fbf6acf3d460a73b126d52138f669006dcde2c,1.8661,0.0,1.8661,0.0152,0.0,0.0152
synthetic_high_medium,GraphSAGE,dropedge,"{""rate"": 0.3}",9999,0.7995,0.015,0.0,0.975,0.9749,0.9978,0.0487,0.1918,0.0639,0.2156,-0.0152,0.6288,0.5622,0.0,0.1087,0.2659,0.591,0.5622,0.0,0.0,0.2216,0.5904,0.5676,0.0054,0.0486,0.2162,,,,,,,0.0145,,,,,0.0,none,ead11e181af74190f072057ad2e612bb7814fa4d3b36e6cac4cd5c8206ece625,aea12951554954bcab02de6703db86389c58ac3831773f3b49e345ce1dfdacec,1.8267,0.0,1.8267,0.0109,0.0,0.0109
synthetic_high_medium,GraphSAGE,label_smoothing,"{""alpha"": 0.1}",42,0.7995,0.015,0.0,0.96,0.9568,0.9977,0.0591,0.0827,0.0361,0.0378,0.023,0.69,0.6761,0.0353,0.0353,0.4451,0.702,0.6477,0.0,0.0284,0.483,0.7039,0.6903,0.0,0.0284,0.483,,,,,,,0.1501,,,,,0.0,none,3078b220fb6fd377f55c8715d6beab6f6076b4ce0466e3956137ed82b27d7dce,fcd7662f22f79440f0d24c40aacf2c2d53f7787769f8bc25f912cb7bc170b0e7,1.7658,0.0,1.7658,0.423,0.0,0.423
synthetic_high_medium,GraphSAGE,label_smoothing,"{""alpha"": 0.1}",123,0.7995,0.015,0.0,0.975,0.9754,0.9991,0.0488,0.085,0.0301,0.038,0.0188,0.7173,0.7021,0.0,0.0,0.4362,0.7013,0.6436,0.0,0.0426,0.4149,0.7033,0.7048,0.0,0.0426,0.4202,,,,,,,0.1577,,,,,0.0,none,b93420e84ab0e9232a558a232e2db9713494c788c30b5250ca252392540ffb26,751c6767f481416d0c7cfe76f6b6d0081019072df1046eb3bc1f8fd623281ec7,1.8296,0.0,1.8296,0.4365,0.0,0.4365
synthetic_high_medium,GraphSAGE,label_smoothing,"{""alpha"": 0.1}",456,0.7995,0.015,0.0,0.98,0.9789,0.9995,0.0664,0.0883,0.0387,0.0367,0.0277,0.6584,0.631,0.0,0.0217,0.3664,0.6539,0.6043,0.0,0.0267,0.4011,0.6566,0.639,0.0,0.0267,0.4118,,,,,,,0.1515,,,,,0.0,none,674de316a728362c7edddd35ff0806941ca1bbdcb327c6fbc5d09b8af4f4ef6b,184489f9a119f1a03e6c89eba77ec0939ae62a3492978cba0b9aa8d92a598c88,1.8515,0.0,1.8515,0.4406,0.0,0.4406
synthetic_high_medium,GraphSAGE,label_smoothing,"{""alpha"": 0.1}",789,0.7995,0.015,0.0,0.975,0.975,0.9934,0.0561,0.0613,0.0313,0.0276,0.0249,0.706,0.6739,0.0109,0.0109,0.4783,0.6661,0.6087,0.0054,0.0109,0.4022,0.6627,0.6522,0.0054,0.0054,0.3913,,,,,,,0.1479,,,,,0.0,none,0ad1421768a1902ffcdbd8a9b4286cce8d5e1aabe05c1c11b8a3268cc495f452,07dcf00a7af6c5295b5d27c973c5780fe917e9f7c65bbcf1e4c237477ec9a550,1.8955,0.0,1.8955,0.4325,0.0,0.4325
synthetic_high_medium,GraphSAGE,label_smoothing,"{""alpha"": 0.1}",1024,0.7995,0.015,0.0,0.98,0.9814,0.9997,0.0606,0.069,0.042,0.0437,0.0187,0.7234,0.6862,0.0,0.0,0.4149,0.6509,0.6117,0.0,0.0,0.367,0.6534,0.6489,0.0,0.0,0.367,,,,,,,0.1575,,,,,0.0,none,1d68af23d049ef8eb43deebf313707f03cd8d91f5a20e37c523cd5b906140795,377b918f68901f66b5a9fc9d1f6193179930dd70660030762768a8f34d3b483a,1.9191,0.0,1.9191,0.4299,0.0,0.4299
synthetic_high_medium,GraphSAGE,label_smoothing,"{""alpha"": 0.1}",2024,0.7995,0.015,0.0,0.99,0.99,0.9994,0.0525,0.0604,0.0368,0.0394,0.0157,0.6764,0.7053,0.0,0.0213,0.4262,0.635,0.6,0.0,0.0211,0.3737,0.6364,0.6632,0.0,0.0211,0.3789,,,,,,,0.1592,,,,,0.0,none,92a37199f09691349f82861bac938f9f82aadcaef3d2bf7f4b0c7961da00b251,33b8b03145050f815047b3bd0f584485e78f689705e795bcfa455d90835231f3,1.8495,0.0,1.8495,0.4318,0.0,0.4318
synthetic_high_medium,GraphSAGE,label_smoothing,"{""alpha"": 0.1}",3141,0.7995,0.015,0.0,0.97,0.9683,0.9939,0.0817,0.1161,0.0585,0.0589,0.0232,0.6833,0.6503,0.0,0.0,0.399,0.6534,0.6175,0.0,0.0,0.3607,0.6578,0.6667,0.0,0.0,0.3607,,,,,,,0.1296,,,,,0.0,none,e026540b1cc02f89ac3797eb517d4c7e2f6c889d18ee6bf02c25b85d12c0d31e,ef1fef8dc96fe03f1f3bdd44217c472433efd0f7d4075dc41b705d4d504fea1f,1.7212,0.0,1.7212,0.4388,0.0,0.4388
synthetic_high_medium,GraphSAGE,label_smoothing,"{""alpha"": 0.1}",5000,0.7995,0.015,0.0,0.99,0.9897,0.9999,0.0794,0.0986,0.0526,0.0608,0.0268,0.6487,0.6464,0.0,0.0238,0.3592,0.6684,0.6243,0.0,0.0552,0.3867,0.6704,0.6906,0.0,0.0552,0.3867,,,,,,,0.1397,,,,,0.0,none,ab08ac29725e14bb0601b2612b99a38ee4351b87e28fae5b96a3d7dd8d33c43b,4683e2dc2139944622b927e2e67a4a40d2ed92a86a51585cc95566c0f0929bc1,1.725,0.0,1.725,0.4284,0.0,0.4284
synthetic_high_medium,GraphSAGE,label_smoothing,"{""alpha"": 0.1}",7777,0.7995,0.015,0.0,0.96,0.9602,0.995,0.0599,0.0876,0.0423,0.0549,0.0176,0.682,0.6412,0.0,0.044,0.4008,0.6984,0.6471,0.0,0.0294,0.3824,0.6947,0.6559,0.0,0.0294,0.3824,,,,,,,0.1683,,,,,0.0,none,e4fd9096412f938e49081142c7e31252578a4ac8a01de7b20391ff9ec7ab4966,f7f7b016683b9f8cfc4c8a04540342619ccc004368687cef4dd4f4274e8b6803,1.9966,0.0,1.9966,0.4346,0.0,0.4346
synthetic_high_medium,GraphSAGE,label_smoothing,"{""alpha"": 0.1}",9999,0.7995,0.015,0.0,0.985,0.9837,0.9964,0.0615,0.0845,0.0387,0.0378,0.0227,0.6592,0.6649,0.0,0.0109,0.3538,0.6144,0.5838,0.0,0.0108,0.3243,0.6155,0.6568,0.0,0.0108,0.3243,,,,,,,0.1286,,,,,0.0,none,cc4fa70c5123adcb1bc0d9ab9fc8af0f9af205765507677b15a1cdcb61bc318a,9aa59197b91ab94705a54e1e4fc007a4ca000f8cf2c37fc9d4b2cf6e912dcc20,1.71,0.0,1.71,0.4296,0.0,0.4296
synthetic_high_medium,GraphSAGE,early_stopping,"{""patience"": 15}",42,0.7995,0.015,0.0,0.97,0.9711,0.9982,0.0385,0.1762,0.0569,0.2602,-0.0184,0.649,0.5227,0.0235,0.0706,0.2655,0.6431,0.5852,0.0,0.0,0.2386,0.6418,0.571,0.0284,0.0511,0.2386,,,,,,,0.0176,,,,,0.0,none,05290a4f1ea4398621df2ec775d010cfacb319f64ce69b7f3f4d36b928ed0caa,53ec9cafeacf82b1464ca99dcbbbac274753593c7ca21b00948e5fd0eaf43db7,1.767,0.0,1.767,0.0012,0.0,0.0012
synthetic_high_medium,GraphSAGE,early_stopping,"{""patience"": 15}",123,0.7995,0.015,0.0,0.97,0.9697,0.9992,0.0332,0.3907,0.0631,0.3003,-0.0299,0.6381,0.5585,0.0,0.0851,0.2234,0.6186,0.5745,0.0,0.0,0.1702,0.6197,0.5691,0.0,0.1064,0.1649,,,,,,,0.02,,,,,0.0,none,0b040a12fab2bfcb5d97f5e725a0e00430cb493512622f4ad0a2895e539758d9,799121b99654a0d33509703444b622a35df537e5ad5989c1ecff6b2adb71d3fc,1.835,0.0,1.835,0.0027,0.0,0.0027
synthetic_high_medium,GraphSAGE,early_stopping,"{""patience"": 15}",456,0.7995,0.015,0.0,0.99,0.9898,0.9999,0.0579,0.4898,0.0743,0.3854,-0.0165,0.5434,0.5348,0.0,0.0435,0.1368,0.5677,0.5455,0.0,0.0,0.1604,0.5676,0.5749,0.0,0.0588,0.1604,,,,,,,0.0093,,,,,0.0,none,6175eb8bbf4fa03d0c6ff96f715601a181ec3a4310ef8d4e59910a40d565a217,ad16cdd67eb7832658153d9def61847003c465a5fab702db27080fddc1dca7bd,1.8492,0.0,1.8492,0.0034,0.0,0.0034
synthetic_high_medium,GraphSAGE,early_stopping,"{""patience"": 15}",789,0.7995,0.015,0.0,0.98,0.9802,0.9948,0.0209,0.1442,0.0634,0.336,-0.0425,0.6509,0.5598,0.0543,0.087,0.2609,0.6138,0.5842,0.0,0.0,0.212,0.6124,0.5571,0.0326,0.0598,0.2174,,,,,,,0.0181,,,,,0.0,none,9b5f08126c7537272ce52e2220d76f52efc395a05c5bd700588443fbe0d4e426,e7ae07847acb24de40632e07afbbdc017abacee3da1e90dd7fff0b7adeb47753,1.9088,0.0,1.9088,0.0028,0.0,0.0028
synthetic_high_medium,GraphSAGE,early_stopping,"{""patience"": 15}",1024,0.7995,0.015,0.0,0.98,0.9802,0.9998,0.0421,0.2483,0.0733,0.3135,-0.0312,0.6523,0.5904,0.0,0.0638,0.2447,0.5957,0.5585,0.0,0.0,0.1809,0.5901,0.5824,0.0,0.0372,0.1809,,,,,,,0.006,,,,,0.0,none,034817324384ca1b1f4ef45a38a93218a2ba7db63a8f1d2fbfee94ba8a47ee6f,6fe4c780a64a8e3bb7b40458a6f6b8027c57a4363c7090f5dc393a4f96d0b65e,1.9328,0.0,1.9328,0.0051,0.0,0.0051
synthetic_high_medium,GraphSAGE,early_stopping,"{""patience"": 15}",2024,0.7995,0.015,0.0,0.98,0.9796,0.9997,0.0218,0.149,0.1314,0.6281,-0.1096,0.6427,0.5158,0.0,0.0532,0.2595,0.6286,0.5632,0.0,0.0,0.1947,0.6228,0.5395,0.0053,0.0684,0.2,,,,,,,0.0156,,,,,0.0,none,07bd49e82d1ce0b72c8547bad9ece3be66a137a52b9cad4e7754f3a72ec6ec1c,9804e9fdac25be299a95a760740f7213a6eb1ac93be6f78e9c217df9d15eb485,1.8591,0.0,1.8591,0.0025,0.0,0.0025
synthetic_high_medium,GraphSAGE,early_stopping,"{""patience"": 15}",3141,0.7995,0.015,0.0,0.98,0.9768,0.9975,0.0599,0.3348,0.0875,0.4534,-0.0276,0.6186,0.5027,0.0,0.0238,0.2468,0.5819,0.5437,0.0,0.0,0.1749,0.5813,0.5683,0.0,0.0437,0.1694,,,,,,,0.0177,,,,,0.0,none,255845353df77845b3ea0a31a4995d29220ca1e224ffbde386f463f6ec4a24bd,88cb43bbf0239c5e9a291fbfd6b641b35b8b3fb72e2bd85b2dcbb1d1ba985aaf,1.7139,0.0,1.7139,0.0024,0.0,0.0024
synthetic_high_medium,GraphSAGE,early_stopping,"{""patience"": 15}",5000,0.7995,0.015,0.0,0.995,0.9949,1.0,0.0236,0.1762,0.0647,0.3141,-0.041,0.5794,0.4807,0.0238,0.0833,0.1771,0.5713,0.547,0.0,0.0,0.1381,0.5955,0.5359,0.0166,0.1215,0.1823,,,,,,,0.0073,,,,,0.0,none,350fa9e1fb6c484491bb3e1149997501903cc14506016e66c528702e6a5380b4,eddff6d0230ee1d08643f4d18470ebb1357e446d2a2ffd642dabb8c2fa7a1be4,1.7093,0.0,1.7093,0.0005,0.0,0.0005
synthetic_high_medium,GraphSAGE,early_stopping,"{""patience"": 15}",7777,0.7995,0.015,0.0,0.95,0.9495,0.9976,0.0214,0.1018,0.0734,0.2701,-0.052,0.6271,0.4647,0.033,0.1209,0.2233,0.6302,0.5824,0.0,0.0,0.2,0.6293,0.5941,0.0412,0.0882,0.2,,,,,,,0.0401,,,,,0.0,none,40b511a4ca5a7928cbc5c2504db14551f2eddf675d40448d2a4b850bfff94d06,c6e594245550e2236bac54d013cb0e536ca9a9aa02386ce89a0b821a3ca05bf5,2.0098,0.0,2.0098,0.0007,0.0,0.0007
synthetic_high_medium,GraphSAGE,early_stopping,"{""patience"": 15}",9999,0.7995,0.015,0.0,0.985,0.985,0.9963,0.0358,0.1863,0.0416,0.1986,-0.0057,0.5921,0.5297,0.0,0.0761,0.1914,0.5486,0.5027,0.0,0.0,0.1351,0.5517,0.5378,0.0162,0.0432,0.1297,,,,,,,0.0133,,,,,0.0,none,7aa39ee199a5dbc4b1964fc97c516a9368e7298631c28e346570ff30d501c269,f1ce66401617cc30d37f3e587a6acf60aae96607a9e0ddb4183870de3ebcf3b3,1.7002,0.0,1.7002,0.0012,0.0,0.0012
synthetic_high_medium,GraphSAGE,confidence_masking,"{""top_k"": 2}",42,0.7995,0.015,0.0,0.985,0.9862,0.9969,0.0385,0.205,0.0579,0.2726,-0.0194,0.6512,0.5284,0.0235,0.1176,0.2546,0.6345,0.5767,0.0,0.0,0.2386,0.6416,0.5881,0.0114,0.0511,0.2386,,,,,,,0.0105,,,,,0.0,none,f37829de1830897e2185b899c260fb92f978bd6f6176669c4346976098dc3c6d,1efbb2faca17d48d41f0cfd3ce88e72bd54d6855ae77108afeba303d6b366451,1.767,0.0,1.767,0.0003,0.0,0.0003
synthetic_high_medium,GraphSAGE,confidence_masking,"{""top_k"": 2}",123,0.7995,0.015,0.0,0.97,0.9704,0.9993,0.0299,0.3523,0.0743,0.3807,-0.0444,0.6437,0.5479,0.0106,0.0851,0.2234,0.6167,0.5771,0.0,0.0,0.1755,0.6195,0.5771,0.0106,0.0957,0.1755,,,,,,,0.0156,,,,,0.0,none,9e5e4e2af9bf3b1b136c81e22fa226c09fe1120db3215346d1179c7dfc433fb0,36526417abf8d7b6b4f1414f010cd8313a19c066922d59b0d2fee5f804cfd2e1,1.835,0.0,1.835,0.0073,0.0,0.0073
synthetic_high_medium,GraphSAGE,confidence_masking,"{""top_k"": 2}",456,0.7995,0.015,0.0,0.99,0.9898,0.9973,0.0579,0.4898,0.0743,0.3854,-0.0165,0.5468,0.5294,0.0,0.0435,0.1548,0.5698,0.5481,0.0,0.0,0.1658,0.569,0.5695,0.0,0.0588,0.1658,,,,,,,0.0051,,,,,0.0,none,6175eb8bbf4fa03d0c6ff96f715601a181ec3a4310ef8d4e59910a40d565a217,ad16cdd67eb7832658153d9def61847003c465a5fab702db27080fddc1dca7bd,1.8492,0.0,1.8492,0.0034,0.0,0.0034
synthetic_high_medium,GraphSAGE,confidence_masking,"{""top_k"": 2}",789,0.7995,0.015,0.0,0.98,0.9802,0.9921,0.0209,0.1442,0.0634,0.336,-0.0425,0.6499,0.5761,0.0543,0.0761,0.25,0.6153,0.5761,0.0,0.0,0.2228,0.6139,0.5543,0.0326,0.0435,0.2228,,,,,,,0.013,,,,,0.0,none,9b5f08126c7537272ce52e2220d76f52efc395a05c5bd700588443fbe0d4e426,e7ae07847acb24de40632e07afbbdc017abacee3da1e90dd7fff0b7adeb47753,1.9088,0.0,1.9088,0.0028,0.0,0.0028
synthetic_high_medium,GraphSAGE,confidence_masking,"{""top_k"": 2}",1024,0.7995,0.015,0.0,0.985,0.9853,0.9997,0.0383,0.2295,0.0791,0.3389,-0.0407,0.6561,0.5585,0.0,0.0532,0.2447,0.5994,0.5505,0.0,0.0,0.2128,0.5928,0.5638,0.0,0.0266,0.2128,,,,,,,0.0157,,,,,0.0,none,0f901c93e9dc45c6a95c79117093e4656d37863f1494eca82400723271a8012d,661816ac4d4ef622f9578755ae43529fafa0e34a7551fd6caedb8d939b3ff805,1.9328,0.0,1.9328,0.0008,0.0,0.0008
synthetic_high_medium,GraphSAGE,confidence_masking,"{""top_k"": 2}",2024,0.7995,0.015,0.0,0.98,0.9796,0.9997,0.0218,0.149,0.1314,0.6281,-0.1096,0.6435,0.5158,0.0,0.0426,0.2356,0.6263,0.5789,0.0,0.0,0.1947,0.6233,0.5421,0.0053,0.0632,0.1947,,,,,,,0.0095,,,,,0.0,none,07bd49e82d1ce0b72c8547bad9ece3be66a137a52b9cad4e7754f3a72ec6ec1c,9804e9fdac25be299a95a760740f7213a6eb1ac93be6f78e9c217df9d15eb485,1.8591,0.0,1.8591,0.0025,0.0,0.0025
synthetic_high_medium,GraphSAGE,confidence_masking,"{""top_k"": 2}",3141,0.7995,0.015,0.0,0.98,0.9768,0.9984,0.0599,0.3348,0.0875,0.4534,-0.0276,0.619,0.4973,0.0,0.0476,0.2449,0.5839,0.541,0.0,0.0,0.1858,0.5826,0.5683,0.0,0.0328,0.1858,,,,,,,0.018,,,,,0.0,none,255845353df77845b3ea0a31a4995d29220ca1e224ffbde386f463f6ec4a24bd,88cb43bbf0239c5e9a291fbfd6b641b35b8b3fb72e2bd85b2dcbb1d1ba985aaf,1.7139,0.0,1.7139,0.0024,0.0,0.0024
synthetic_high_medium,GraphSAGE,confidence_masking,"{""top_k"": 2}",5000,0.7995,0.015,0.0,0.995,0.9949,1.0,0.0236,0.1762,0.0647,0.3141,-0.041,0.5832,0.4807,0.0238,0.0952,0.1771,0.5708,0.5387,0.0,0.0,0.1492,0.5954,0.5304,0.0166,0.1326,0.1823,,,,,,,0.0069,,,,,0.0,none,350fa9e1fb6c484491bb3e1149997501903cc14506016e66c528702e6a5380b4,eddff6d0230ee1d08643f4d18470ebb1357e446d2a2ffd642dabb8c2fa7a1be4,1.7093,0.0,1.7093,0.0005,0.0,0.0005
synthetic_high_medium,GraphSAGE,confidence_masking,"{""top_k"": 2}",7777,0.7995,0.015,0.0,0.945,0.9445,0.9864,0.0154,0.0772,0.0654,0.2339,-0.05,0.6294,0.4647,0.033,0.1429,0.2116,0.6306,0.5765,0.0,0.0,0.2176,0.6331,0.5853,0.0412,0.0941,0.2176,,,,,,,0.0418,,,,,0.0,none,8bddcb39a76bac26419d3323aa5d36f7884c8ba4edc0320fbeaa59736fed02fa,636ea7916113b6fbaf58e1a5b28fc0d099cfa6c93d2ff7856ed05d6e20b8cbf3,2.0098,0.0,2.0098,0.0025,0.0,0.0025
synthetic_high_medium,GraphSAGE,confidence_masking,"{""top_k"": 2}",9999,0.7995,0.015,0.0,0.99,0.9895,0.9963,0.0314,0.1669,0.0358,0.1807,-0.0044,0.5899,0.5297,0.0,0.0435,0.1803,0.5579,0.5216,0.0,0.0,0.1459,0.5509,0.5351,0.0054,0.0324,0.1459,,,,,,,0.0134,,,,,0.0,none,d2aa388b045e21cfbbca5ec8a20429021b195d8616373faaf96536c3e6dad04d,37dde85bd7bcb3e05f187db2e2c6dd6b602064653f393c6327e8f912b9d9fbbe,1.7002,0.0,1.7002,0.0039,0.0,0.0039
synthetic_high_medium,GraphSAGE,edge_sparsification,"{""rate"": 0.2}",42,0.7995,0.015,0.0,0.945,0.9442,0.9928,0.0789,0.4638,0.0463,0.1619,0.0326,0.6469,0.5398,0.0,0.0353,0.2944,0.6517,0.5966,0.0,0.0,0.25,0.6458,0.5909,0.0284,0.0511,0.25,,,,,,,0.0359,,,,,0.0,none,df86dd9dd7d7f362245c7bb263da2c80729eda79b48aa2da2fdc3a41c429f4b9,a6338f52a567ecdace7d91d2d0e7a3f7d347934218b8931afaa46c0326c3a36c,1.6412,0.0,1.6412,0.0015,0.0,0.0015
synthetic_high_medium,GraphSAGE,edge_sparsification,"{""rate"": 0.2}",123,0.7995,0.015,0.0,0.945,0.9445,0.9957,0.055,0.5953,0.0895,0.4207,-0.0345,0.6212,0.5798,0.0,0.1064,0.234,0.6327,0.5691,0.0,0.0,0.2394,0.6311,0.5824,0.0053,0.0904,0.2394,,,,,,,0.0421,,,,,0.0,none,74d65c8557787b1b77bcb74ebe32ed39e65a827b1a19675154653ee4e6a9931d,dbefe958f5a578bacd916221951d21ed5efaae1cae77e8a7577045941f9612f1,1.8629,0.0,1.8629,0.0024,0.0,0.0024
synthetic_high_medium,GraphSAGE,edge_sparsification,"{""rate"": 0.2}",456,0.7995,0.015,0.0,0.97,0.9695,0.9984,0.0748,0.4646,0.1164,0.5906,-0.0416,0.5963,0.5508,0.0,0.0761,0.2397,0.6,0.5401,0.0,0.0,0.2353,0.6018,0.5909,0.0,0.0802,0.2299,,,,,,,0.0213,,,,,0.0,none,56b95b5866d1b3c40b94d76bbe2eb51ab77e203a92d7e2059be3233b919deebb,7868a4c73e137e807308b912f75e433ff819131fb1a6f4ca460e0717de2e6236,1.9149,0.0,1.9149,0.0022,0.0,0.0022
synthetic_high_medium,GraphSAGE,edge_sparsification,"{""rate"": 0.2}",789,0.7995,0.015,0.0,0.97,0.9692,0.9984,0.0378,0.2253,0.0681,0.3276,-0.0303,0.6584,0.6033,0.0217,0.1196,0.25,0.6017,0.5543,0.0,0.0,0.2011,0.607,0.5924,0.0163,0.0815,0.2011,,,,,,,0.0243,,,,,0.0,none,caa0ed8330528a5692d21ed00aa080454b42f5a81a1e2180d639ad495ef961e3,97992b054e2eb40e387f943e64c812bd07e4c2fb18d8fd224ff65251ab3a3b9e,1.8629,0.0,1.8629,0.0013,0.0,0.0013
synthetic_high_medium,GraphSAGE,edge_sparsification,"{""rate"": 0.2}",1024,0.7995,0.015,0.0,0.97,0.9708,0.9996,0.0525,0.2845,0.1156,0.4968,-0.0631,0.6563,0.6011,0.0,0.1383,0.2872,0.6034,0.5266,0.0,0.0,0.2447,0.6075,0.5878,0.0,0.0904,0.25,,,,,,,0.0231,,,,,0.0,none,a14c95edc1d6d044c0e8ac3ea6bd69a8e805cb71827af5d67240459287437316,427533ccb155ace1fa5e8643894ef5054ca7a500adb0b7eba10adacd09e6fa8a,1.908,0.0,1.908,0.0015,0.0,0.0015
synthetic_high_medium,GraphSAGE,edge_sparsification,"{""rate"": 0.2}",2024,0.7995,0.015,0.0,0.96,0.9597,0.9987,0.0369,0.1907,0.1229,0.5894,-0.086,0.6201,0.5263,0.0106,0.0426,0.2179,0.6308,0.5974,0.0,0.0,0.2526,0.6296,0.5658,0.0053,0.0632,0.2526,,,,,,,0.0257,,,,,0.0,none,33e9ef61b3fe4cca6355b19940a644e03c2a1f04456c7ea5f9aa5db6282a7964,5bd84b6d8f1e3e3eb034460f3d9b7a09f16bd1c34e205731426fe4cca2c32241,1.8867,0.0,1.8867,0.0022,0.0,0.0022
synthetic_high_medium,GraphSAGE,edge_sparsification,"{""rate"": 0.2}",3141,0.7995,0.015,0.0,0.955,0.9517,0.9952,0.0634,0.3393,0.0964,0.4733,-0.033,0.675,0.5246,0.0,0.0714,0.2835,0.6131,0.5628,0.0,0.0,0.2077,0.6123,0.5929,0.0,0.0874,0.2077,,,,,,,0.0294,,,,,0.0,none,de27096dd6772c9f49baa50a3395a7ebcf3d0f1381a39c29094643a905e215e1,277836a0c727597b31deac5ed10d51e57412ce85da6b11ba914d52abc822a1c3,1.7842,0.0,1.7842,0.0021,0.0,0.0021
synthetic_high_medium,GraphSAGE,edge_sparsification,"{""rate"": 0.2}",5000,0.7995,0.015,0.0,0.99,0.9901,0.999,0.0362,0.2533,0.0511,0.292,-0.0149,0.5773,0.4862,0.0238,0.0714,0.1641,0.567,0.5221,0.0,0.0,0.1547,0.5968,0.5387,0.0055,0.1381,0.1547,,,,,,,0.0163,,,,,0.0,none,8d8ef63b2709f52479cbdebb725cac20199e6ee8476fa1ad8b7975eea0bd1691,0b0265847df9f6bd28bb17563a366c31c21e8eca5fb96f68385dd19144e3ef01,1.7692,0.0,1.7692,0.0007,0.0,0.0007
synthetic_high_medium,GraphSAGE,edge_sparsification,"{""rate"": 0.2}",7777,0.7995,0.015,0.0,0.95,0.9501,0.9939,0.0188,0.081,0.0766,0.2542,-0.0578,0.6468,0.4647,0.033,0.0989,0.3135,0.6451,0.6118,0.0,0.0,0.2471,0.6473,0.5941,0.0294,0.1118,0.2471,,,,,,,0.0418,,,,,0.0,none,48d550f268f6a24fbcb5788ae623567ab219ad7dcfc507ede7fa2694deda643d,f49297c912b8e6fb93ad2c0069c241aa6c34f29be3d98adc51b33ce3aca63f5b,2.0367,0.0,2.0367,0.0022,0.0,0.0022
synthetic_high_medium,GraphSAGE,edge_sparsification,"{""rate"": 0.2}",9999,0.7995,0.015,0.0,0.97,0.9694,0.9964,0.0306,0.1481,0.0361,0.1602,-0.0056,0.5998,0.5405,0.0326,0.0978,0.2038,0.5698,0.5405,0.0,0.0,0.1676,0.565,0.5432,0.0324,0.0757,0.1676,,,,,,,0.0197,,,,,0.0,none,4bf21c0b8bd3b5c5decbfced3e3d5359ff4573818bd84397de2a1dc6c9ecc85c,cf78dd99ea42ee704547749426ee5e5d9c702a719a6a318941bd5c3ebdd6301d,1.7645,0.0,1.7645,0.0212,0.0,0.0212
synthetic_high_medium,GraphSAGE,dp_sgd,{},42,0.7995,0.015,0.0,0.97,0.9698,0.9982,0.1099,0.8893,0.1406,0.6657,-0.0306,0.6407,0.4943,0.0,0.0,0.2247,0.574,0.5,0.0,0.0,0.142,0.6112,0.5256,0.0,0.0,0.1932,,,,,,,0.0281,23.3572,0.0,1.0,1.0,0.0,none,c8595ff7439172f3627b799983fa3bfe3a069e810372aa8d5f2e0fba2fe08c58,071fa9ede1d51ddf4629f5fdb63ce5609cb6123861fe9b457491de5baaca9de0,,,,,,
synthetic_high_medium,GraphSAGE,dp_sgd,{},123,0.7995,0.015,0.0,0.955,0.9555,0.9992,0.0837,0.6554,0.1575,0.637,-0.0738,0.5287,0.5213,0.0,0.0,0.0957,0.5166,0.5,0.0,0.0,0.0638,0.5453,0.5266,0.0,0.0691,0.1223,,,,,,,0.0349,23.3572,0.0,1.0,1.0,0.0,none,28698602b799e72cd92d0794a3f33f20724811ed144b3af6ec18f04af1253737,6f8b014c1cfc4377ba9cb9206b3b2349c962622ad8aef31c72db2c9fb7d023f6,,,,,,
synthetic_high_medium,GraphSAGE,dp_sgd,{},456,0.7995,0.015,0.0,0.99,0.9895,0.9994,0.0715,0.5399,0.1108,0.7168,-0.0392,0.4732,0.508,0.0,0.0,0.1035,0.5277,0.5,0.0,0.0,0.1016,0.5295,0.5134,0.0,0.0,0.1016,,,,,,,0.0153,23.3572,0.0,1.0,1.0,0.0,none,fc6c0b689ee7f8d38ad8647863c0dfafb0ef985f065656dbb45aec6305baa0e0,6f54d25f7d1aca11a3ac0ad52d1f19af444f2eaf8ec4a63677fd3c57c0f18889,,,,,,
synthetic_high_medium,GraphSAGE,dp_sgd,{},789,0.7995,0.015,0.0,0.98,0.9801,0.9942,0.0711,0.4845,0.1914,0.9608,-0.1203,0.5884,0.5163,0.0,0.0,0.1413,0.5548,0.5,0.0,0.0,0.1087,0.5568,0.5109,0.0,0.0,0.125,,,,,,,0.0197,23.3572,0.0,1.0,1.0,0.0,none,9cfe06b5baa3ef426518c61dd56c258ede4ee1ce7d90047913121709cf0e6642,4cf6ca308366ee39cb69c488e72a138a63e8262bc77fe51b0796bf528f960a00,,,,,,
synthetic_high_medium,GraphSAGE,dp_sgd,{},1024,0.7995,0.015,0.0,0.985,0.9853,0.9998,0.1645,1.0557,0.1994,1.0918,-0.0349,0.6089,0.5319,0.0,0.0,0.266,0.567,0.5,0.0,0.0,0.1277,0.5546,0.5293,0.0,0.0,0.1543,,,,,,,0.0153,23.3572,0.0,1.0,1.0,0.0,none,ca019432e51547379b6ad8c8335adc51b9945f93778eaa98f0a31cd57ad02646,fff0fd7ce032cac2be871dfd941873b9cc712a1f127acf2b2f68e7e33c15e98c,,,,,,
synthetic_high_medium,GraphSAGE,dp_sgd,{},2024,0.7995,0.015,0.0,0.96,0.9598,0.999,0.1364,0.9639,0.1652,0.8872,-0.0288,0.6332,0.5105,0.0,0.0638,0.2504,0.5677,0.5,0.0,0.0,0.1263,0.5785,0.5289,0.0,0.0579,0.1684,,,,,,,0.0233,23.3572,0.0,1.0,1.0,0.0,none,c4f9adc919ea85722f5cb4ddfc61a5504fedec76d15b826b79caf9203230f932,aed1bf230a192b6d6e7ce623a5aa04d49fbaf8fdb1714029458a5106c5df33d8,,,,,,
synthetic_high_medium,GraphSAGE,dp_sgd,{},3141,0.7995,0.015,0.0,0.985,0.9833,0.9974,0.2828,1.5687,0.1432,0.6959,0.1396,0.5844,0.459,0.0,0.0,0.2024,0.5454,0.5,0.0,0.0,0.1038,0.4551,0.5027,0.0,0.0383,0.0164,,,,,,,0.0124,23.3572,0.0,1.0,1.0,0.0,none,a6898f26398d448c0d242c2583c07f73082600611f3a191e9cc8d16aa92d4db4,155f554513f397378ec8ae551d3045bc6e55226db9dcff09bc0e6cbbd91cd583,,,,,,
synthetic_high_medium,GraphSAGE,dp_sgd,{},5000,0.7995,0.015,0.0,0.99,0.9898,1.0,0.0573,0.5516,0.0784,0.5464,-0.021,0.5584,0.4696,0.0,0.0,0.1838,0.5587,0.5,0.0,0.0,0.1105,0.5616,0.5166,0.0,0.0,0.1381,,,,,,,0.0104,23.3572,0.0,1.0,1.0,0.0,none,0ecdf701410f4ed00bbe2c4188875fa6abc6144a714e7363e359a81fb54e2c7b,a0922722ab1a6f903a1ab18abff3631097d3b3f2431cdfc3d786992a6dc4b1ff,,,,,,
synthetic_high_medium,GraphSAGE,dp_sgd,{},7777,0.7995,0.015,0.0,0.945,0.9443,0.9965,0.0672,0.5404,0.1855,0.8049,-0.1183,0.5769,0.4647,0.0659,0.1099,0.2159,0.5753,0.5,0.0,0.0,0.1647,0.5837,0.55,0.0,0.0647,0.1647,,,,,,,0.0492,23.3572,0.0,1.0,1.0,0.0,none,59be1e6207bd7968f31ef0c4fa877325decf850ed3789845e64d9efeeb723f9f,7aa55afa7c6fd5b1e369f560534069124dacf3d46118f43d564f145fae5562ba,,,,,,
synthetic_high_medium,GraphSAGE,dp_sgd,{},9999,0.7995,0.015,0.0,0.98,0.9798,0.9967,0.0566,0.4021,0.0568,0.402,-0.0002,0.5292,0.5081,0.0,0.0,0.1396,0.5461,0.5,0.0,0.0,0.1027,0.5122,0.5162,0.0,0.0,0.1081,,,,,,,0.0173,23.3572,0.0,1.0,1.0,0.0,none,3078e03b4671d406982ceea7c9fba8b690934579ae7cc6abda4e146bc0232238,78d6701cffcd1b9b2a22ff52491b8ac4e898f48c47b9f38a218d2e94a24f1b87,,,,,,
synthetic_high_medium,GraphSAGE,epsd_tuned,"{""lambda_epsd"": 1.0}",42,0.7995,0.015,0.0,0.985,0.9849,0.9977,0.0014,0.005,0.0203,0.094,-0.0189,0.6659,0.5341,0.0235,0.1412,0.2795,0.6344,0.5966,0.0,0.0,0.2273,0.6374,0.5795,0.0114,0.0568,0.2273,,,,,,,0.016,,,,,1.0,none,ea2de7444ada160e082c6a86901ebff508d129bb1462481679c425cec1ce25eb,f6676b3e82aae150336c671bdd1baaeaed56264379b0316f8685fcb0b12f2ac7,1.767,0.1533,1.9203,0.0006,0.0075,0.0081
synthetic_high_medium,GraphSAGE,epsd_tuned,"{""lambda_epsd"": 1.0}",123,0.7995,0.015,0.0,0.97,0.9704,0.9988,0.0007,0.0025,0.0299,0.1859,-0.0292,0.6034,0.5532,0.0,0.0426,0.1702,0.5751,0.5479,0.0,0.0,0.1383,0.5811,0.5638,0.0213,0.1011,0.1383,,,,,,,0.0272,,,,,1.0,none,e7580c596b92adffb53d5af189742b2d9f0f37cb5eabb8084bd968a6d0cf7d91,d80839e879d723d8fc7245cf63a84b180da0885ecfa6d59d6cd95b2a62d42cc9,1.835,0.1334,1.9684,0.0003,0.0055,0.0058
synthetic_high_medium,GraphSAGE,epsd_tuned,"{""lambda_epsd"": 1.0}",456,0.7995,0.015,0.0,0.99,0.9898,0.9999,0.0013,0.004,0.0563,0.3246,-0.055,0.557,0.5241,0.0,0.0435,0.1358,0.5511,0.5134,0.0,0.0,0.1283,0.5483,0.5615,0.0,0.0481,0.1337,,,,,,,0.0144,,,,,1.0,none,f5037365ac7a83e93627b5a843005e0352b9d76ae7a5134dc56b6d6ef82217cc,70cef80f2274c78c102d13fba3043df76490a4fee80853e8e613ea72d6caf2b0,1.8492,0.1446,1.9938,0.0008,0.0044,0.0051
synthetic_high_medium,GraphSAGE,epsd_tuned,"{""lambda_epsd"": 1.0}",789,0.7995,0.015,0.0,0.985,0.985,0.9949,0.0005,0.0016,0.0495,0.3281,-0.049,0.6346,0.5707,0.0543,0.0978,0.25,0.6099,0.5679,0.0,0.0,0.1957,0.5976,0.5598,0.0163,0.0707,0.1902,,,,,,,0.0164,,,,,1.0,none,519b5d7b24fec3568fa93c9fe9b4e484aa911d046a99cdc03ce716c0fc01928a,b5123f20186e51b13ebf523a3366dadc3a70d4fb6aa37bd2e90957b16317f4cc,1.9088,0.1383,2.0471,0.0002,0.0019,0.0021
synthetic_high_medium,GraphSAGE,epsd_tuned,"{""lambda_epsd"": 1.0}",1024,0.7995,0.015,0.0,0.98,0.9805,0.9997,0.0008,0.0029,0.0374,0.1669,-0.0366,0.6201,0.5798,0.0,0.0957,0.2234,0.5842,0.5452,0.0,0.0,0.2021,0.5791,0.5691,0.0,0.0532,0.2021,,,,,,,0.023,,,,,1.0,none,c9e5cd3b7698d02631d3cc4efbe49366ba64be5ce8870ed3a7943dcc72c54777,874936c8130b8fe9581f2f34d6291d78cac2580a088fce4e1922dc28e38d4087,1.9328,0.1536,2.0864,0.0003,0.003,0.0033
synthetic_high_medium,GraphSAGE,epsd_tuned,"{""lambda_epsd"": 1.0}",2024,0.7995,0.015,0.0,0.975,0.9752,0.9972,0.001,0.0044,0.0472,0.2676,-0.0461,0.5728,0.5263,0.0,0.0638,0.1554,0.5922,0.5684,0.0,0.0,0.1421,0.5917,0.5553,0.0053,0.0737,0.1421,,,,,,,0.0229,,,,,1.0,none,a6cbf11947b711ea3833d76103821b0229c1fd4733b92fc8301ecaf4546d9250,9ed0d4508580ea757d99cebcb5e28d34b2d9107187c8005ee92a8f752eb907a8,1.8591,0.1437,2.0028,0.004,0.0163,0.0204
synthetic_high_medium,GraphSAGE,epsd_tuned,"{""lambda_epsd"": 1.0}",3141,0.7995,0.015,0.0,0.97,0.9671,0.995,0.0054,0.0494,0.0418,0.1925,-0.0364,0.593,0.5027,0.0,0.0476,0.2334,0.5716,0.5191,0.0,0.0,0.235,0.5698,0.5984,0.0055,0.0546,0.2404,,,,,,,0.0218,,,,,1.0,none,27e8f051096f820ebc34127c825ac658a935b0207da51491d794e6bf29860846,b62b76a852300590bf803e05fed88d4e4400286878f3a64396a7af5341800f3a,1.7139,0.1481,1.862,0.0057,0.0169,0.0226
synthetic_high_medium,GraphSAGE,epsd_tuned,"{""lambda_epsd"": 1.0}",5000,0.7995,0.015,0.0,1.0,1.0,1.0,0.0007,0.0025,0.0321,0.1896,-0.0314,0.5522,0.4751,0.0595,0.0714,0.1177,0.5572,0.5359,0.0,0.0,0.1105,0.5659,0.5387,0.0055,0.0939,0.116,,,,,,,0.0076,,,,,1.0,none,bc597537cc14e58ed3d4e1c99c27574af8e729307a0e10bdf4fee7bfe77bd5b2,a39a7c609511f738554e60b7f09d90779a25cff4e438217bf3ec9f87ba1c9dd2,1.7093,0.1587,1.868,0.0014,0.0046,0.006
synthetic_high_medium,GraphSAGE,epsd_tuned,"{""lambda_epsd"": 1.0}",7777,0.7995,0.015,0.0,0.96,0.96,0.997,0.0007,0.0019,0.0487,0.231,-0.048,0.6237,0.4647,0.033,0.1209,0.2532,0.6138,0.55,0.0,0.0,0.2059,0.6155,0.6029,0.0353,0.0882,0.2059,,,,,,,0.0302,,,,,1.0,none,1d2e3f344cbfd9bfc64f3646e28776676d9e753ea1407e71cc7865b7a5bec974,d9e3d1a8509f578fe583ca83115f6a8b142254526d66a685138fec6cce1f79f7,2.0098,0.1635,2.1734,0.0008,0.0068,0.0076
synthetic_high_medium,GraphSAGE,epsd_tuned,"{""lambda_epsd"": 1.0}",9999,0.7995,0.015,0.0,0.985,0.9837,0.9967,0.0005,0.0019,0.0274,0.1419,-0.0269,0.5541,0.5351,0.0217,0.0435,0.1218,0.5253,0.4973,0.0,0.0,0.1297,0.5286,0.5405,0.0162,0.0432,0.1297,,,,,,,0.0086,,,,,1.0,none,7e27f90304c15331a58ab64d93487fa5377282d5ab799bdd6330751aa9087cd9,12b61a2bdce9ab7da86907cdf0e179e48a99f9bed5bb16ed38c68f2534db2ce1,1.7002,0.1635,1.8637,0.0002,0.0052,0.0053
synthetic_high_dense,LogReg,none,{},42,0.7998,0.04,0.0024,0.725,0.7192,0.928,,,,,,0.677,0.6825,0.0114,0.0341,0.4653,0.6921,0.6296,0.0053,0.0582,0.4339,0.7872,0.7116,0.0635,0.1217,0.4656,,,,,,,0.1548,,,,,0.0,none,N/A,55070a1faa9c012dfbe69df7faf05c3817df936d188fee15fdd5874ec40a7ed2,,,,,,
synthetic_high_dense,LogReg,none,{},123,0.7998,0.04,0.0021,0.715,0.7132,0.9343,,,,,,0.6344,0.672,0.0,0.0106,0.4209,0.6328,0.5661,0.0053,0.0476,0.3968,0.7707,0.6746,0.0423,0.1481,0.4339,,,,,,,0.1569,,,,,0.0,none,N/A,1daa42db71d6f28e95a276bf8e670f2a84e13975b2bbe9a07ed44f67cde50674,,,,,,
synthetic_high_dense,LogReg,none,{},456,0.7998,0.04,0.0021,0.735,0.7307,0.9346,,,,,,0.6193,0.672,0.0,0.0421,0.3725,0.6523,0.582,0.037,0.0794,0.4339,0.7733,0.709,0.0265,0.2381,0.4392,,,,,,,0.1425,,,,,0.0,none,N/A,c172f565e2cba6e8a3e916284b243075a3e10350702f85a7830d53d1f8123521,,,,,,
synthetic_high_dense,LogReg,none,{},789,0.7998,0.04,0.0022,0.72,0.7214,0.9398,,,,,,0.6579,0.7021,0.0213,0.0532,0.4149,0.6413,0.5798,0.0106,0.0479,0.4096,0.7621,0.7048,0.0213,0.1436,0.4202,,,,,,,0.1552,,,,,0.0,none,N/A,a2f554ee9e65f367d253675b683dd31a2da6fc0f3850212b92632893626d0ddc,,,,,,
synthetic_high_dense,LogReg,none,{},1024,0.7998,0.04,0.0021,0.75,0.7486,0.9438,,,,,,0.5729,0.6489,0.0,0.0213,0.3936,0.5903,0.5213,0.0,0.0106,0.3564,0.6017,0.6809,0.0266,0.0532,0.3617,,,,,,,0.1384,,,,,0.0,none,N/A,787e29606ea27754d9482f3476b59dc7f41e394edc47e7566850bde2504aed2d,,,,,,
synthetic_high_dense,LogReg,none,{},2024,0.7998,0.04,0.0026,0.69,0.6945,0.9284,,,,,,0.6281,0.6833,0.0337,0.0787,0.4286,0.614,0.5333,0.0,0.0111,0.3889,0.6142,0.6833,0.0,0.0167,0.3889,,,,,,,0.1821,,,,,0.0,none,N/A,7db7175994f607df80867469709dcc3dcda433d832f380c64234019f5bd097c8,,,,,,
synthetic_high_dense,LogReg,none,{},3141,0.7998,0.04,0.002,0.745,0.7416,0.9477,,,,,,0.6551,0.6444,0.0122,0.0854,0.3716,0.6267,0.5667,0.0111,0.0778,0.3556,0.6649,0.6778,0.0333,0.1056,0.3722,,,,,,,0.136,,,,,0.0,none,N/A,b6fde9777f55411ecbcbfc95ecdb1e85ba68b4e6de592ff3637ffb03072a4906,,,,,,
synthetic_high_dense,LogReg,none,{},5000,0.7998,0.04,0.002,0.785,0.7898,0.9574,,,,,,0.7451,0.7127,0.0119,0.1429,0.5178,0.7168,0.6519,0.011,0.0773,0.4696,0.6761,0.6685,0.011,0.0442,0.3702,,,,,,,0.0785,,,,,0.0,none,N/A,48489465fac5e31f73eafdf4bc121cd8c46929e09d96c029ba409b0a20fb99fe,,,,,,
synthetic_high_dense,LogReg,none,{},7777,0.7998,0.04,0.0023,0.725,0.7227,0.9225,,,,,,0.662,0.6348,0.0316,0.1053,0.3133,0.6323,0.5787,0.0112,0.0449,0.3652,0.7595,0.6826,0.0112,0.1236,0.3989,,,,,,,0.1499,,,,,0.0,none,N/A,8208363f3d8e9bf5519c8113eff08fdfe83ccbe7decf1a3a0b44a7ff11b5c580,,,,,,
synthetic_high_dense,LogReg,none,{},9999,0.7998,0.04,0.0019,0.76,0.7455,0.9422,,,,,,0.6575,0.7097,0.0108,0.0215,0.4516,0.6487,0.586,0.0323,0.0699,0.3925,0.7395,0.6667,0.0,0.1344,0.3925,,,,,,,0.1193,,,,,0.0,none,N/A,03544b07c4fad9cb4df734d0ee1748bdbef51f7d0856ac2a3820b0804e5f7cea,,,,,,
synthetic_high_dense,MLP,none,{},42,0.7998,0.04,0.0427,0.705,0.6926,0.9103,,,,,,0.8019,0.7937,0.0114,0.0455,0.6418,0.8202,0.7672,0.0265,0.0635,0.6825,0.8197,0.8307,0.0265,0.0635,0.672,,,,,,,0.132,,,,,0.0,none,N/A,a9bd4305ba6db4bd47b7b3a61f82a6aa989864802471180da944915cc1c82c50,,,,,,
synthetic_high_dense,MLP,none,{},123,0.7998,0.04,0.0447,0.725,0.7225,0.9306,,,,,,0.8024,0.8148,0.0,0.0213,0.6736,0.8052,0.7407,0.0,0.0212,0.6296,0.8046,0.8148,0.0,0.0212,0.6296,,,,,,,0.0965,,,,,0.0,none,N/A,d602223775b082bb5cd5555df5378aa0f1e6bfa9569f0b025a844124a9f2a8da,,,,,,
synthetic_high_dense,MLP,none,{},456,0.7998,0.04,0.0432,0.755,0.7523,0.9401,,,,,,0.7387,0.7672,0.0105,0.0632,0.5639,0.7277,0.6455,0.0317,0.0635,0.5344,0.727,0.7619,0.0317,0.0635,0.5344,,,,,,,0.1478,,,,,0.0,none,N/A,50f16e15ad7d536fd8280004a991fd1fe6bab0c59b7cb5ef06831bc4d8023477,,,,,,
synthetic_high_dense,MLP,none,{},789,0.7998,0.04,0.043,0.685,0.685,0.9234,,,,,,0.8061,0.7819,0.0106,0.0426,0.617,0.7926,0.7234,0.0106,0.0372,0.6064,0.791,0.7952,0.0106,0.0372,0.6064,,,,,,,0.1578,,,,,0.0,none,N/A,be5d96ff13ab8851c37bbbac1b0bbd48ae4d9745629d94af030d435f24853e19,,,,,,
synthetic_high_dense,MLP,none,{},1024,0.7998,0.04,0.0444,0.775,0.7733,0.9289,,,,,,0.7852,0.8032,0.0638,0.0745,0.6277,0.7844,0.7128,0.0,0.0532,0.6011,0.7828,0.7766,0.0,0.0532,0.5957,,,,,,,0.1058,,,,,0.0,none,N/A,a360f03453da7acbac90f81933878c06a35fac667e73d6a89cf3ab5f0e12a173,,,,,,
synthetic_high_dense,MLP,none,{},2024,0.7998,0.04,0.0433,0.65,0.6522,0.8946,,,,,,0.8423,0.8167,0.0,0.0,0.703,0.8382,0.7944,0.0,0.0833,0.6889,0.8375,0.8361,0.0,0.0833,0.6778,,,,,,,0.1897,,,,,0.0,none,N/A,238d32f72e6ef6b77c3170412315012addf811e17312b638eb046d942a88f54a,,,,,,
synthetic_high_dense,MLP,none,{},3141,0.7998,0.04,0.0429,0.74,0.738,0.9366,,,,,,0.8356,0.7611,0.0366,0.0732,0.6307,0.8157,0.7611,0.0333,0.1167,0.6056,0.8152,0.8,0.0333,0.1167,0.6,,,,,,,0.1322,,,,,0.0,none,N/A,4ef72d47e851df3770f405e8175f7a028c6cb6bf30ecb956fc69302549cb96b6,,,,,,
synthetic_high_dense,MLP,none,{},5000,0.7998,0.04,0.0423,0.77,0.7678,0.9497,,,,,,0.8506,0.7735,0.0238,0.0714,0.7137,0.8122,0.7624,0.0055,0.0663,0.6519,0.8115,0.8066,0.0055,0.0663,0.6464,,,,,,,0.0742,,,,,0.0,none,N/A,7f0d4d2aeb357d2f0fcd9b5117086aaf01499481ec4ff37caddd22c0abf106bc,,,,,,
synthetic_high_dense,MLP,none,{},7777,0.7998,0.04,0.0429,0.715,0.7126,0.9363,,,,,,0.8347,0.8371,0.0105,0.1158,0.6627,0.8033,0.7472,0.0112,0.0393,0.6573,0.8018,0.8174,0.0112,0.0393,0.6461,,,,,,,0.1343,,,,,0.0,none,N/A,2976da489ad33150f77a2b5a4027ff5552062eaeda4ea1a62d1182e67b47fb06,,,,,,
synthetic_high_dense,MLP,none,{},9999,0.7998,0.04,0.045,0.73,0.7192,0.9349,,,,,,0.8315,0.8065,0.0215,0.0753,0.6989,0.8128,0.7312,0.0269,0.1183,0.629,0.8108,0.7688,0.0269,0.1237,0.6344,,,,,,,0.125,,,,,0.0,none,N/A,8a1203780492293ec7cf3810f55244ef57f6fc83306617bc0da11f83bfefee05,,,,,,
synthetic_high_dense,GCN,none,{},42,0.7998,0.04,0.0,1.0,1.0,1.0,0.0,0.0,0.0,0.0001,-0.0,0.5622,0.4656,0.0114,0.0682,0.1149,0.5517,0.5185,0.0159,0.0688,0.1058,0.5514,0.5,0.0159,0.0688,0.1058,,,,,,,0.0012,,,,,0.0,none,1b3d27205315de28c27aceff76d52d5efdc6b5d068b21b3d2cdc563cad051219,e1bf064b35885f98bd38a4819a2a9f6ebac32f805d53c7af681c9ac41c7c0275,1.7076,0.0,1.7076,0.0005,0.0,0.0005
synthetic_high_dense,GCN,none,{},123,0.7998,0.04,0.0,1.0,1.0,1.0,0.0,0.0,0.0,0.0,-0.0,0.558,0.5185,0.0319,0.1064,0.1283,0.5647,0.5185,0.0317,0.0794,0.1164,0.4358,0.4524,0.0,0.0159,0.0,,,,,,,0.0023,,,,,0.0,none,2070cd164af85a6bc83da82e366a9f5e47920236592ddf3cda9158cdcc8de432,0be293fe5aa6234f1fb863842e042e6ccd03c1be305aaa8ed6ca034c0aef5798,1.4693,0.0,1.4693,0.0005,0.0,0.0005
synthetic_high_dense,GCN,none,{},456,0.7998,0.04,0.0,1.0,1.0,1.0,0.0,0.0001,0.0,0.0,0.0,0.5703,0.4974,0.0,0.0526,0.1741,0.505,0.5238,0.0,0.037,0.0635,0.4952,0.5159,0.0053,0.0582,0.0476,,,,,,,0.0009,,,,,0.0,none,2f7288ef381f828749bf0dd3a9126262fb0dd27631d216c7e600eee48be2c439,88dd7ffd395db0aebb7cf14432508fa4757747019d1980edb85099a240d722c8,1.8485,0.0,1.8485,0.0014,0.0,0.0014
synthetic_high_dense,GCN,none,{},789,0.7998,0.04,0.0,1.0,1.0,1.0,0.0,0.0006,0.0,0.0,0.0,0.5455,0.5372,0.0,0.0745,0.117,0.4683,0.4947,0.0,0.0319,0.0266,0.4683,0.5027,0.0106,0.0479,0.0266,,,,,,,0.0017,,,,,0.0,none,ffa472cb1b5622517b1469f8a5728476ec90d7c67a4290532f870e4335d29f2d,7ab1a375c57434150e7318bdb58f23651f6d341868e9c02ed6c4953beb480c45,1.8759,0.0,1.8759,0.0016,0.0,0.0016
synthetic_high_dense,GCN,none,{},1024,0.7998,0.04,0.0,1.0,1.0,1.0,0.0,0.0,0.0,0.0,0.0,0.4921,0.4894,0.0,0.0532,0.0532,0.4604,0.4521,0.0,0.0426,0.0319,0.4613,0.508,0.0,0.0532,0.0319,,,,,,,0.0009,,,,,0.0,none,f64209c53b9cae5bc7821039f0be8d9543263730d6a419df6e84448711f50a46,8adee80990dfa2472dd26d4dad15dc3ed8d997ec3a022c35c0160d2c27b57db8,1.475,0.0,1.475,0.002,0.0,0.002
synthetic_high_dense,GCN,none,{},2024,0.7998,0.04,0.0,1.0,1.0,1.0,0.0,0.0,0.0,0.0001,-0.0,0.4917,0.4944,0.0,0.0562,0.0864,0.4766,0.4556,0.0,0.0333,0.0556,0.4763,0.5,0.0,0.0389,0.0667,,,,,,,0.0005,,,,,0.0,none,fd9941b6f33ae13b45ef22e26c002a28eff28a65f3c913fe4c3a17f2f7bb60c4,4df540ae3b68b05f412d533760f51754256b3ad82ca6c570c33eafc034419f6d,1.652,0.0,1.652,0.0006,0.0,0.0006
synthetic_high_dense,GCN,none,{},3141,0.7998,0.04,0.0,1.0,1.0,1.0,0.0,0.0004,0.0,0.0,0.0,0.4907,0.4556,0.0,0.0732,0.0525,0.489,0.4944,0.0167,0.0833,0.0444,0.489,0.4778,0.0167,0.0833,0.05,,,,,,,0.0014,,,,,0.0,none,e2903580770391f06c9466300c1135607cfb457fa06994a26281faf6fc4abfa9,d607734ce34d5dbdb705b6042a8a88f38a3847c9ad8e1b44f203835b0a6cb74c,1.7235,0.0,1.7235,0.0015,0.0,0.0015
synthetic_high_dense,GCN,none,{},5000,0.7998,0.04,0.0,1.0,1.0,1.0,0.0,0.0001,0.0,0.0002,-0.0,0.5322,0.4696,0.0,0.1071,0.1691,0.5339,0.5249,0.0055,0.105,0.1105,0.5,0.5,0.0,0.0,0.0,,,,,,,0.0036,,,,,0.0,none,5238ae80913e4cf8d3a686ba120b562e4c577e55b7621566281a7c85276953be,bcda0f3bc04f5103bf598acdbcce70c8bab6ac4eb0d65e10d4d3dd9904766df4,1.5785,0.0,1.5785,0.001,0.0,0.001
synthetic_high_dense,GCN,none,{},7777,0.7998,0.04,0.0,1.0,1.0,1.0,0.0,0.0,0.0,0.0004,-0.0,0.5543,0.4663,0.0,0.0526,0.1691,0.5255,0.5225,0.0,0.0169,0.1011,0.5259,0.5365,0.0,0.0169,0.0955,,,,,,,0.0023,,,,,0.0,none,fffa0b273401dcb23334a3fc343dd27c86168bf1d7a8417d405d70513480ae0e,e103b15895d3cf05b8f48ccc0eb579bfceceed7a77d3dc6c3bc4721385ab70d5,1.5898,0.0,1.5898,0.0005,0.0,0.0005
synthetic_high_dense,GCN,none,{},9999,0.7998,0.04,0.0,1.0,1.0,1.0,0.0,0.0,0.0,0.0,0.0,0.5529,0.5269,0.0,0.0538,0.1505,0.5522,0.5161,0.0,0.0699,0.1237,0.5532,0.5242,0.0108,0.0699,0.1237,,,,,,,0.0008,,,,,0.0,none,962b5c0c279049f48e0f90d6a72493f2719076d0ecc96068650ca7083923e9ae,9a7ac1a74cdb4f0e7824d8d1d57b3879e02f215b87020b10b767fd623299eeb4,1.5914,0.0,1.5914,0.0004,0.0,0.0004
synthetic_high_dense,GCN,dropedge,"{""rate"": 0.3}",42,0.7998,0.04,0.0,1.0,1.0,1.0,0.0,0.0,0.0,0.0001,-0.0,0.5622,0.4656,0.0227,0.0455,0.134,0.5485,0.545,0.0106,0.0476,0.0952,0.5487,0.5317,0.0212,0.0476,0.0952,,,,,,,0.0012,,,,,0.0,none,694df815eeac99da496205f41ef493e21342a588041020cf3a7e30e89ffb7a9f,b5aa220ff3ce0ba4562182e75938d40b3e9674bf7b078a3a0a670d9c6e4b19a0,1.7162,0.0,1.7162,0.002,0.0,0.002
synthetic_high_dense,GCN,dropedge,"{""rate"": 0.3}",123,0.7998,0.04,0.0,1.0,1.0,1.0,0.0,0.0,0.0,0.0001,-0.0,0.5499,0.5185,0.0,0.0638,0.1142,0.5671,0.5423,0.0212,0.0582,0.1217,0.5,0.5,0.0,0.0,0.0,,,,,,,0.0017,,,,,0.0,none,3e70e46bf5ac40f765e846c0b15026caf8a119ba4d2f6e614c77ba04e05cf54e,fcbb21c8f12566d6157fdcddabf410372ed04bed5508d3dcf8b10cdcaf07f87c,1.4102,0.0,1.4102,0.0016,0.0,0.0016
synthetic_high_dense,GCN,dropedge,"{""rate"": 0.3}",456,0.7998,0.04,0.0,1.0,1.0,1.0,0.0,0.0001,0.0,0.0001,0.0,0.5831,0.4974,0.0,0.0421,0.2062,0.5055,0.5132,0.0,0.0265,0.0582,0.4942,0.5159,0.0,0.0847,0.0423,,,,,,,0.0007,,,,,0.0,none,35599166b35f33500c76901cbda3d4f9b16f12e1d4bf37cf964705a8709480fa,7628001538585df729309129fcb4b4a562d003083eab1175ade5bf6e6d0fa26c,1.8551,0.0,1.8551,0.0047,0.0,0.0047
synthetic_high_dense,GCN,dropedge,"{""rate"": 0.3}",789,0.7998,0.04,0.0,1.0,1.0,1.0,0.0,0.0005,0.0,0.0,0.0,0.549,0.5426,0.0,0.0213,0.1277,0.4671,0.4894,0.0,0.0479,0.0266,0.4673,0.4628,0.0106,0.0532,0.0319,,,,,,,0.0014,,,,,0.0,none,6fa567dfba0997bca07c75af2b7baec2febc101f3a3fbb151bfa05e6b87224d7,a977fef7ce2783ea83c15629081d5eb9859cfc60e462b3f23ae3bbb9c20424da,1.8863,0.0,1.8863,0.0077,0.0,0.0077
synthetic_high_dense,GCN,dropedge,"{""rate"": 0.3}",1024,0.7998,0.04,0.0,1.0,1.0,1.0,0.0,0.0,0.0,0.0,-0.0,0.4897,0.4681,0.0,0.0851,0.0532,0.4639,0.4628,0.0,0.0213,0.0266,0.5,0.5,0.0,0.0,0.0,,,,,,,0.0007,,,,,0.0,none,95bde7b788f4eef4fe9fe26434f60b10043113995601edbc86322f89708c1d30,c41954b7f3e5594448f65c8fd8508a4ef27083c6d7239cf871d480bf93813608,1.4938,0.0,1.4938,0.0098,0.0,0.0098
synthetic_high_dense,GCN,dropedge,"{""rate"": 0.3}",2024,0.7998,0.04,0.0,1.0,1.0,1.0,0.0,0.0,0.0,0.0001,-0.0,0.5241,0.4944,0.0,0.0449,0.0869,0.4912,0.4889,0.0,0.0222,0.0333,0.5096,0.5,0.0056,0.0389,0.0556,,,,,,,0.0006,,,,,0.0,none,7b85bb1845bcd84677542ce02aaafe28d76be342037d87ccaab075df9d463623,8228111ca8d914e3a2e760916afc691acb8c9da60a6f1ce510e59459df0be78a,1.6833,0.0,1.6833,0.002,0.0,0.002
synthetic_high_dense,GCN,dropedge,"{""rate"": 0.3}",3141,0.7998,0.04,0.0,1.0,1.0,1.0,0.0,0.0005,0.0,0.0,0.0,0.4905,0.4556,0.0,0.0976,0.0567,0.4907,0.5,0.0167,0.0611,0.0333,0.4905,0.5,0.0278,0.0611,0.0333,,,,,,,0.001,,,,,0.0,none,9b9ac55324e2c6de8d69eabbc7f30cf8e6116f13f8735eaf798ea701fbca1127,c4a7981e12ca0b34b2007fc0bbd7184c485452aaa6ae0c3754a6a8e5d8396453,1.7627,0.0,1.7627,0.004,0.0,0.004
synthetic_high_dense,GCN,dropedge,"{""rate"": 0.3}",5000,0.7998,0.04,0.0,1.0,1.0,1.0,0.0,0.0002,0.0,0.0003,-0.0,0.5453,0.4641,0.0,0.0833,0.1187,0.5352,0.5359,0.0,0.0552,0.0884,0.5,0.5,0.0,0.0,0.0,,,,,,,0.0025,,,,,0.0,none,2c527aa94931c4e7f97c98c0a05a7c11aae6c77cce096f588de7ec5d82c6232a,8ef3965448bd5f518450c18a640b8b82192ddb25f368af78b77c709716c111e0,1.5691,0.0,1.5691,0.0025,0.0,0.0025
synthetic_high_dense,GCN,dropedge,"{""rate"": 0.3}",7777,0.7998,0.04,0.0,1.0,1.0,1.0,0.0,0.0,0.0,0.0004,-0.0,0.5562,0.4663,0.0,0.0211,0.1706,0.5223,0.5169,0.0,0.0225,0.0955,0.5223,0.5,0.0,0.0225,0.0955,,,,,,,0.0021,,,,,0.0,none,e1843fb8b3541e44f042d909e31a493e669afb336a5ad1de266be74dd0dcdb7b,62591efc3beaba6ab3ef9d0ecfefa89634c7e3750e149b9cb5986726a92946b1,1.6643,0.0,1.6643,0.0024,0.0,0.0024
synthetic_high_dense,GCN,dropedge,"{""rate"": 0.3}",9999,0.7998,0.04,0.0,1.0,1.0,1.0,0.0,0.0,0.0,0.0,-0.0,0.561,0.5161,0.0,0.086,0.129,0.5554,0.5161,0.0,0.1237,0.1129,0.5562,0.5349,0.0108,0.1237,0.1183,,,,,,,0.0008,,,,,0.0,none,3ff4815904b54e16be69df4c78c0c634f5a2895cee5f9f312c50c51e5fe2aec0,f47c164477f966483b9cb5a7a8ca4ed4c283cb7594027844d39752613f7fe59c,1.6529,0.0,1.6529,0.0039,0.0,0.0039
synthetic_high_dense,GCN,label_smoothing,"{""alpha"": 0.1}",42,0.7998,0.04,0.0,1.0,1.0,1.0,0.0001,0.0002,0.0001,0.0002,-0.0,0.566,0.5132,0.0,0.0455,0.1504,0.5654,0.5503,0.0053,0.0635,0.127,0.4724,0.4788,0.0,0.0476,0.0317,,,,,,,0.1008,,,,,0.0,none,991d79f3f418bd7036383eb3dda43ae0cb262705f29d66cab3af102e727cf734,85f137a94cb7f799049f31b9b9d3c7a142e8aea7f11e983d2be8d37325a875e3,1.7022,0.0,1.7022,0.4162,0.0,0.4162
synthetic_high_dense,GCN,label_smoothing,"{""alpha"": 0.1}",123,0.7998,0.04,0.0,1.0,1.0,1.0,0.0001,0.0002,0.0001,0.0001,0.0,0.5464,0.5185,0.0213,0.0638,0.109,0.5722,0.5608,0.0106,0.0688,0.1481,0.4543,0.4471,0.0212,0.0476,0.0212,,,,,,,0.0994,,,,,0.0,none,36fcb6d05d60a5b0d149cddc4628371b1aceb2bb570a47d31dbd92c5847ebf58,d48dac606b6eac0c81b4bb0c54bb7b6d481a6f3ed62d31a0ba555bebe5dbb079,1.4893,0.0,1.4893,0.4206,0.0,0.4206
synthetic_high_dense,GCN,label_smoothing,"{""alpha"": 0.1}",456,0.7998,0.04,0.0,1.0,1.0,1.0,0.0001,0.0002,0.0001,0.0002,-0.0,0.4197,0.4444,0.0105,0.0316,0.0639,0.5081,0.5238,0.0,0.0053,0.0741,0.5084,0.5212,0.0,0.0053,0.0741,,,,,,,0.0855,,,,,0.0,none,930a13395256546403fce8c0adc98968c684f33ca56e0dac475b66ec370a2b71,c5986543d60d0354bb43815fae88cd70e743067d6088706db6cf652f869208e4,1.8325,0.0,1.8325,0.422,0.0,0.422
synthetic_high_dense,GCN,label_smoothing,"{""alpha"": 0.1}",789,0.7998,0.04,0.0,1.0,1.0,1.0,0.0002,0.0014,0.0001,0.0001,0.0001,0.568,0.5532,0.0,0.0426,0.1489,0.4633,0.4628,0.0053,0.0532,0.0266,0.5376,0.5213,0.016,0.0426,0.1011,,,,,,,0.0793,,,,,0.0,none,f92caf7eecb815297a5ec15524de6b542171d433ae55e6abf56952dae51e4e59,08cf14535c460a2446e236903b7456feb467c88891ff42d3e6eae1b0fa4a5965,1.8581,0.0,1.8581,0.4242,0.0,0.4242
synthetic_high_dense,GCN,label_smoothing,"{""alpha"": 0.1}",1024,0.7998,0.04,0.0,1.0,1.0,1.0,0.0001,0.0002,0.0001,0.0003,-0.0,0.5055,0.4787,0.0,0.0426,0.1064,0.4616,0.4628,0.0053,0.0426,0.0426,0.4611,0.4894,0.0053,0.0426,0.0372,,,,,,,0.0757,,,,,0.0,none,1d76c636fdb22c405f39f77612511b80725a2f7363cbb7b01d30ccf0c53379fe,0ceddf8d437a3c28d30f2c0336972702748051614757c58320e44fd7fce73add,1.5015,0.0,1.5015,0.424,0.0,0.424
synthetic_high_dense,GCN,label_smoothing,"{""alpha"": 0.1}",2024,0.7998,0.04,0.0,1.0,1.0,1.0,0.0001,0.0001,0.0001,0.0001,0.0,0.5657,0.4944,0.0,0.1011,0.1364,0.4772,0.4722,0.0,0.0611,0.0611,0.4767,0.4861,0.0,0.0611,0.0556,,,,,,,0.0782,,,,,0.0,none,46c98db4d5730f1b2ceb37bb75994b045dfc5822d6881275a423c4ea322ba9ae,c18408a1932a3d1a7156a46e7315211b8df400e285c85f0e5738f6d6c1306c7d,1.6517,0.0,1.6517,0.4158,0.0,0.4158
synthetic_high_dense,GCN,label_smoothing,"{""alpha"": 0.1}",3141,0.7998,0.04,0.0,1.0,1.0,1.0,0.0001,0.0003,0.0001,0.0001,0.0,0.4858,0.4556,0.0122,0.061,0.0441,0.4927,0.4889,0.0222,0.0667,0.0611,0.4918,0.4972,0.0222,0.0611,0.0611,,,,,,,0.0798,,,,,0.0,none,f99a74b6ccd394251a22d859746b61f7c4f3404335f1c554efe0d8820a5fb1ad,acd17862722735cbc141bef9e72ab136b9b5ce5b454b04af560a201712e38112,1.7257,0.0,1.7257,0.4211,0.0,0.4211
synthetic_high_dense,GCN,label_smoothing,"{""alpha"": 0.1}",5000,0.7998,0.04,0.0,1.0,1.0,1.0,0.0001,0.0002,0.0001,0.0002,-0.0,0.5611,0.4751,0.0,0.0476,0.1566,0.5481,0.5249,0.0221,0.0442,0.1215,0.4816,0.4862,0.0221,0.0829,0.0608,,,,,,,0.0898,,,,,0.0,none,741f7d90691207a38f8b74871e62f2bc0061aeb12435d7d0770b78918e4312c7,bcef0ed85d14a14792da05423e28b6381abcfcf49fb922f7b73b27379056d24d,1.5935,0.0,1.5935,0.4233,0.0,0.4233
synthetic_high_dense,GCN,label_smoothing,"{""alpha"": 0.1}",7777,0.7998,0.04,0.0,1.0,1.0,1.0,0.0001,0.0001,0.0001,0.0002,-0.0,0.5505,0.4663,0.0,0.0105,0.1691,0.5275,0.5112,0.0,0.0225,0.1067,0.564,0.559,0.0056,0.0674,0.1348,,,,,,,0.0924,,,,,0.0,none,cf21635fff06db6d137d6578a1c760f678c4d13aa80b8ea0ca1c66c4f49b246d,389516099c574f27bff265c70eebbcd32e1d10a77b4b6cf0ba8b68eb81ebbd90,1.5943,0.0,1.5943,0.4172,0.0,0.4172
synthetic_high_dense,GCN,label_smoothing,"{""alpha"": 0.1}",9999,0.7998,0.04,0.0,1.0,1.0,1.0,0.0001,0.0001,0.0001,0.0001,0.0,0.5605,0.5215,0.0,0.0645,0.172,0.5552,0.5054,0.0215,0.0914,0.1183,0.5546,0.5565,0.0215,0.0914,0.1237,,,,,,,0.0919,,,,,0.0,none,e387bfb43180f82de74ba09e8a1955ae56c7adce2520125ae8a6c7c3acd78038,9d53d63f91181283d95bbdb6c6e6e7409b2885245775c092bc75eb432c1f261c,1.6044,0.0,1.6044,0.414,0.0,0.414
synthetic_high_dense,GCN,early_stopping,"{""patience"": 15}",42,0.7998,0.04,0.0,1.0,1.0,1.0,0.0,0.0,0.0,0.0001,-0.0,0.5622,0.4656,0.0114,0.0682,0.1149,0.5517,0.5185,0.0159,0.0688,0.1058,0.5514,0.5,0.0159,0.0688,0.1058,,,,,,,0.0012,,,,,0.0,none,1b3d27205315de28c27aceff76d52d5efdc6b5d068b21b3d2cdc563cad051219,e1bf064b35885f98bd38a4819a2a9f6ebac32f805d53c7af681c9ac41c7c0275,1.7076,0.0,1.7076,0.0005,0.0,0.0005
synthetic_high_dense,GCN,early_stopping,"{""patience"": 15}",123,0.7998,0.04,0.0,1.0,1.0,1.0,0.0,0.0,0.0,0.0,-0.0,0.558,0.5185,0.0319,0.1064,0.1283,0.5647,0.5185,0.0317,0.0794,0.1164,0.4358,0.4524,0.0,0.0159,0.0,,,,,,,0.0023,,,,,0.0,none,2070cd164af85a6bc83da82e366a9f5e47920236592ddf3cda9158cdcc8de432,0be293fe5aa6234f1fb863842e042e6ccd03c1be305aaa8ed6ca034c0aef5798,1.4693,0.0,1.4693,0.0005,0.0,0.0005
synthetic_high_dense,GCN,early_stopping,"{""patience"": 15}",456,0.7998,0.04,0.0,1.0,1.0,1.0,0.0,0.0001,0.0,0.0,0.0,0.5703,0.4974,0.0,0.0526,0.1741,0.505,0.5238,0.0,0.037,0.0635,0.4952,0.5159,0.0053,0.0582,0.0476,,,,,,,0.0009,,,,,0.0,none,2f7288ef381f828749bf0dd3a9126262fb0dd27631d216c7e600eee48be2c439,88dd7ffd395db0aebb7cf14432508fa4757747019d1980edb85099a240d722c8,1.8485,0.0,1.8485,0.0014,0.0,0.0014
synthetic_high_dense,GCN,early_stopping,"{""patience"": 15}",789,0.7998,0.04,0.0,1.0,1.0,1.0,0.0,0.0006,0.0,0.0,0.0,0.5455,0.5372,0.0,0.0745,0.117,0.4683,0.4947,0.0,0.0319,0.0266,0.4683,0.5027,0.0106,0.0479,0.0266,,,,,,,0.0017,,,,,0.0,none,ffa472cb1b5622517b1469f8a5728476ec90d7c67a4290532f870e4335d29f2d,7ab1a375c57434150e7318bdb58f23651f6d341868e9c02ed6c4953beb480c45,1.8759,0.0,1.8759,0.0016,0.0,0.0016
synthetic_high_dense,GCN,early_stopping,"{""patience"": 15}",1024,0.7998,0.04,0.0,1.0,1.0,1.0,0.0,0.0,0.0,0.0,0.0,0.4921,0.4894,0.0,0.0532,0.0532,0.4604,0.4521,0.0,0.0426,0.0319,0.4613,0.508,0.0,0.0532,0.0319,,,,,,,0.0009,,,,,0.0,none,f64209c53b9cae5bc7821039f0be8d9543263730d6a419df6e84448711f50a46,8adee80990dfa2472dd26d4dad15dc3ed8d997ec3a022c35c0160d2c27b57db8,1.475,0.0,1.475,0.002,0.0,0.002
synthetic_high_dense,GCN,early_stopping,"{""patience"": 15}",2024,0.7998,0.04,0.0,1.0,1.0,1.0,0.0,0.0,0.0,0.0001,-0.0,0.4917,0.4944,0.0,0.0562,0.0864,0.4766,0.4556,0.0,0.0333,0.0556,0.4763,0.5,0.0,0.0389,0.0667,,,,,,,0.0005,,,,,0.0,none,fd9941b6f33ae13b45ef22e26c002a28eff28a65f3c913fe4c3a17f2f7bb60c4,4df540ae3b68b05f412d533760f51754256b3ad82ca6c570c33eafc034419f6d,1.652,0.0,1.652,0.0006,0.0,0.0006
synthetic_high_dense,GCN,early_stopping,"{""patience"": 15}",3141,0.7998,0.04,0.0,1.0,1.0,1.0,0.0,0.0004,0.0,0.0,0.0,0.4907,0.4556,0.0,0.0732,0.0525,0.489,0.4944,0.0167,0.0833,0.0444,0.489,0.4778,0.0167,0.0833,0.05,,,,,,,0.0014,,,,,0.0,none,e2903580770391f06c9466300c1135607cfb457fa06994a26281faf6fc4abfa9,d607734ce34d5dbdb705b6042a8a88f38a3847c9ad8e1b44f203835b0a6cb74c,1.7235,0.0,1.7235,0.0015,0.0,0.0015
synthetic_high_dense,GCN,early_stopping,"{""patience"": 15}",5000,0.7998,0.04,0.0,1.0,1.0,1.0,0.0,0.0001,0.0,0.0002,-0.0,0.5322,0.4696,0.0,0.1071,0.1691,0.5339,0.5249,0.0055,0.105,0.1105,0.5,0.5,0.0,0.0,0.0,,,,,,,0.0036,,,,,0.0,none,5238ae80913e4cf8d3a686ba120b562e4c577e55b7621566281a7c85276953be,bcda0f3bc04f5103bf598acdbcce70c8bab6ac4eb0d65e10d4d3dd9904766df4,1.5785,0.0,1.5785,0.001,0.0,0.001
synthetic_high_dense,GCN,early_stopping,"{""patience"": 15}",7777,0.7998,0.04,0.0,1.0,1.0,1.0,0.0,0.0,0.0,0.0004,-0.0,0.5543,0.4663,0.0,0.0526,0.1691,0.5255,0.5225,0.0,0.0169,0.1011,0.5259,0.5365,0.0,0.0169,0.0955,,,,,,,0.0023,,,,,0.0,none,fffa0b273401dcb23334a3fc343dd27c86168bf1d7a8417d405d70513480ae0e,e103b15895d3cf05b8f48ccc0eb579bfceceed7a77d3dc6c3bc4721385ab70d5,1.5898,0.0,1.5898,0.0005,0.0,0.0005
synthetic_high_dense,GCN,early_stopping,"{""patience"": 15}",9999,0.7998,0.04,0.0,1.0,1.0,1.0,0.0,0.0,0.0,0.0,0.0,0.5529,0.5269,0.0,0.0538,0.1505,0.5522,0.5161,0.0,0.0699,0.1237,0.5532,0.5242,0.0108,0.0699,0.1237,,,,,,,0.0008,,,,,0.0,none,962b5c0c279049f48e0f90d6a72493f2719076d0ecc96068650ca7083923e9ae,9a7ac1a74cdb4f0e7824d8d1d57b3879e02f215b87020b10b767fd623299eeb4,1.5914,0.0,1.5914,0.0004,0.0,0.0004
synthetic_high_dense,GCN,confidence_masking,"{""top_k"": 2}",42,0.7998,0.04,0.0,1.0,1.0,1.0,0.0,0.0,0.0,0.0001,-0.0,0.5613,0.4656,0.0114,0.0795,0.1277,0.5502,0.5344,0.0159,0.0688,0.0794,0.5501,0.5,0.0159,0.0688,0.0794,,,,,,,0.0009,,,,,0.0,none,1b3d27205315de28c27aceff76d52d5efdc6b5d068b21b3d2cdc563cad051219,e1bf064b35885f98bd38a4819a2a9f6ebac32f805d53c7af681c9ac41c7c0275,1.7076,0.0,1.7076,0.0005,0.0,0.0005
synthetic_high_dense,GCN,confidence_masking,"{""top_k"": 2}",123,0.7998,0.04,0.0,1.0,1.0,1.0,0.0,0.0,0.0,0.0,-0.0,0.5636,0.5185,0.0106,0.0851,0.1498,0.5656,0.5291,0.0212,0.0688,0.1323,0.4343,0.5,0.0,0.0106,0.0,,,,,,,0.0019,,,,,0.0,none,2070cd164af85a6bc83da82e366a9f5e47920236592ddf3cda9158cdcc8de432,0be293fe5aa6234f1fb863842e042e6ccd03c1be305aaa8ed6ca034c0aef5798,1.4693,0.0,1.4693,0.0005,0.0,0.0005
synthetic_high_dense,GCN,confidence_masking,"{""top_k"": 2}",456,0.7998,0.04,0.0,1.0,1.0,1.0,0.0,0.0001,0.0,0.0,0.0,0.5676,0.4974,0.0,0.0632,0.1943,0.5038,0.5079,0.0,0.0423,0.0582,0.4963,0.5159,0.0,0.0635,0.037,,,,,,,0.0007,,,,,0.0,none,2f7288ef381f828749bf0dd3a9126262fb0dd27631d216c7e600eee48be2c439,88dd7ffd395db0aebb7cf14432508fa4757747019d1980edb85099a240d722c8,1.8485,0.0,1.8485,0.0014,0.0,0.0014
synthetic_high_dense,GCN,confidence_masking,"{""top_k"": 2}",789,0.7998,0.04,0.0,1.0,1.0,1.0,0.0,0.0006,0.0,0.0,0.0,0.5402,0.5319,0.0,0.0426,0.117,0.4705,0.5,0.0,0.0479,0.0426,0.5,0.5,0.0,0.0,0.0,,,,,,,0.0015,,,,,0.0,none,ffa472cb1b5622517b1469f8a5728476ec90d7c67a4290532f870e4335d29f2d,7ab1a375c57434150e7318bdb58f23651f6d341868e9c02ed6c4953beb480c45,1.8759,0.0,1.8759,0.0016,0.0,0.0016
synthetic_high_dense,GCN,confidence_masking,"{""top_k"": 2}",1024,0.7998,0.04,0.0,1.0,1.0,1.0,0.0,0.0,0.0,0.0,0.0,0.4859,0.4787,0.0,0.0532,0.0745,0.4574,0.4574,0.0,0.0532,0.0213,0.4573,0.4973,0.0,0.0532,0.0213,,,,,,,0.0006,,,,,0.0,none,f64209c53b9cae5bc7821039f0be8d9543263730d6a419df6e84448711f50a46,8adee80990dfa2472dd26d4dad15dc3ed8d997ec3a022c35c0160d2c27b57db8,1.475,0.0,1.475,0.002,0.0,0.002
synthetic_high_dense,GCN,confidence_masking,"{""top_k"": 2}",2024,0.7998,0.04,0.0,1.0,1.0,1.0,0.0,0.0,0.0,0.0001,-0.0,0.4949,0.4944,0.0,0.0337,0.0972,0.4775,0.4722,0.0,0.0222,0.0611,0.5225,0.5,0.0111,0.0389,0.0889,,,,,,,0.0003,,,,,0.0,none,fd9941b6f33ae13b45ef22e26c002a28eff28a65f3c913fe4c3a17f2f7bb60c4,4df540ae3b68b05f412d533760f51754256b3ad82ca6c570c33eafc034419f6d,1.652,0.0,1.652,0.0006,0.0,0.0006
synthetic_high_dense,GCN,confidence_masking,"{""top_k"": 2}",3141,0.7998,0.04,0.0,1.0,1.0,1.0,0.0,0.0004,0.0,0.0,0.0,0.4815,0.4556,0.0,0.0366,0.0627,0.4956,0.5056,0.0278,0.0722,0.0389,0.4956,0.4889,0.0278,0.0722,0.0389,,,,,,,0.0011,,,,,0.0,none,e2903580770391f06c9466300c1135607cfb457fa06994a26281faf6fc4abfa9,d607734ce34d5dbdb705b6042a8a88f38a3847c9ad8e1b44f203835b0a6cb74c,1.7235,0.0,1.7235,0.0015,0.0,0.0015
synthetic_high_dense,GCN,confidence_masking,"{""top_k"": 2}",5000,0.7998,0.04,0.0,1.0,1.0,1.0,0.0,0.0001,0.0,0.0002,-0.0,0.5322,0.4641,0.0,0.1548,0.1501,0.5329,0.5359,0.0,0.116,0.0939,0.5,0.5,0.0,0.0,0.0,,,,,,,0.0029,,,,,0.0,none,5238ae80913e4cf8d3a686ba120b562e4c577e55b7621566281a7c85276953be,bcda0f3bc04f5103bf598acdbcce70c8bab6ac4eb0d65e10d4d3dd9904766df4,1.5785,0.0,1.5785,0.001,0.0,0.001
synthetic_high_dense,GCN,confidence_masking,"{""top_k"": 2}",7777,0.7998,0.04,0.0,1.0,1.0,1.0,0.0,0.0,0.0,0.0004,-0.0,0.551,0.4663,0.0,0.0211,0.181,0.5238,0.5112,0.0,0.0169,0.1124,0.5238,0.514,0.0,0.0169,0.1124,,,,,,,0.002,,,,,0.0,none,fffa0b273401dcb23334a3fc343dd27c86168bf1d7a8417d405d70513480ae0e,e103b15895d3cf05b8f48ccc0eb579bfceceed7a77d3dc6c3bc4721385ab70d5,1.5898,0.0,1.5898,0.0005,0.0,0.0005
synthetic_high_dense,GCN,confidence_masking,"{""top_k"": 2}",9999,0.7998,0.04,0.0,1.0,1.0,1.0,0.0,0.0,0.0,0.0,0.0,0.5404,0.5323,0.0,0.0538,0.1398,0.5466,0.5161,0.0108,0.086,0.1075,0.5466,0.5269,0.0108,0.086,0.1075,,,,,,,0.0006,,,,,0.0,none,962b5c0c279049f48e0f90d6a72493f2719076d0ecc96068650ca7083923e9ae,9a7ac1a74cdb4f0e7824d8d1d57b3879e02f215b87020b10b767fd623299eeb4,1.5914,0.0,1.5914,0.0004,0.0,0.0004
synthetic_high_dense,GCN,edge_sparsification,"{""rate"": 0.2}",42,0.7998,0.04,0.0,1.0,1.0,1.0,0.0,0.0,0.0,0.0001,-0.0,0.537,0.4656,0.0114,0.0682,0.1478,0.5487,0.5132,0.0106,0.0688,0.1058,0.548,0.5079,0.0106,0.0688,0.1058,,,,,,,0.0019,,,,,0.0,none,c9096f791e454532e8af3cf60956d87a9cc3e743c0569125a5cc52ee5e97174b,1d89ff6c8f756118aa5581b22f1e0015e245d2e1c30b4b7098360965d5b2820e,1.7096,0.0,1.7096,0.0008,0.0,0.0008
synthetic_high_dense,GCN,edge_sparsification,"{""rate"": 0.2}",123,0.7998,0.04,0.0,1.0,1.0,1.0,0.0,0.0001,0.0,0.0001,-0.0,0.5632,0.5291,0.0213,0.1064,0.1607,0.5574,0.5238,0.0159,0.0899,0.1164,0.557,0.5397,0.0159,0.0952,0.1111,,,,,,,0.0077,,,,,0.0,none,434f1a3c287c4a341694efb2d83b977b75abc385597a713cff1f539cd98a81df,02d72f553c6f54d4d97f81723b833795dc901564f73d79421e12ef469c44a3ca,1.4387,0.0,1.4387,0.0005,0.0,0.0005
synthetic_high_dense,GCN,edge_sparsification,"{""rate"": 0.2}",456,0.7998,0.04,0.0,0.995,0.9944,1.0,0.0,0.0001,0.0,0.0001,0.0,0.5351,0.4974,0.0,0.0,0.1526,0.4837,0.5185,0.0,0.0106,0.0476,0.5159,0.4947,0.0,0.0582,0.0899,,,,,,,0.0052,,,,,0.0,none,ba0622b28f3b6dd152b1737a1c8d14336f0b21a3bcf27c3dfbf31022a85a32de,48d7f919c302b43996401d2c24e801ac5ced12bbf5288ed64a963c6194383164,1.8419,0.0,1.8419,0.0016,0.0,0.0016
synthetic_high_dense,GCN,edge_sparsification,"{""rate"": 0.2}",789,0.7998,0.04,0.0,1.0,1.0,1.0,0.0001,0.0009,0.0,0.0,0.0001,0.5582,0.4947,0.0,0.0,0.1596,0.4505,0.4468,0.0,0.0479,0.0266,0.4503,0.5053,0.016,0.0532,0.0266,,,,,,,0.0019,,,,,0.0,none,aa81943fdcca00ff768d40252a25a7b143aa1252e99bb70e600c9780726a3d0f,13f51d613d04b54af7012bcb8b0159fa4281d7e60ea9f48ca78a19e537da50f4,1.8563,0.0,1.8563,0.0017,0.0,0.0017
synthetic_high_dense,GCN,edge_sparsification,"{""rate"": 0.2}",1024,0.7998,0.04,0.0,1.0,1.0,1.0,0.0,0.0,0.0,0.0,-0.0,0.5057,0.4734,0.0,0.0426,0.0638,0.4812,0.4734,0.0,0.0479,0.0479,0.481,0.508,0.0,0.0532,0.0479,,,,,,,0.0013,,,,,0.0,none,cbdf17126682b4b411043eba36f453dac21e49113de8c6ba9790dc7bac66829c,a93ab38d1c7aa36a8446eb21087402bf2c7b87743892f12e1f16d59c660a1889,1.5075,0.0,1.5075,0.0007,0.0,0.0007
synthetic_high_dense,GCN,edge_sparsification,"{""rate"": 0.2}",2024,0.7998,0.04,0.0,1.0,1.0,1.0,0.0,0.0,0.0,0.0001,-0.0,0.4961,0.5056,0.0,0.0449,0.0883,0.497,0.5111,0.0,0.0333,0.05,0.4973,0.5167,0.0,0.0389,0.05,,,,,,,0.0039,,,,,0.0,none,87d9aaa3b6c5d55f8ca1fb06a354b2bddc50fe252c51c2c3e1bc22eb2fc49fde,67b32ded1b1336a7cca99fb47687c0dbf38867515a29217bd484772351418705,1.6931,0.0,1.6931,0.0007,0.0,0.0007
synthetic_high_dense,GCN,edge_sparsification,"{""rate"": 0.2}",3141,0.7998,0.04,0.0,1.0,1.0,1.0,0.0001,0.0007,0.0,0.0,0.0001,0.5092,0.4556,0.0244,0.061,0.0637,0.4985,0.5,0.0056,0.0667,0.0389,0.4984,0.5028,0.0111,0.0722,0.0333,,,,,,,0.0032,,,,,0.0,none,0422f76973b6905d276e5d8ce114478d6e3fd855fc66e6ee80cbd3207b5fcfd4,88835fcd517fd36f536b823e34d4b88cd6e6fe37f3ed73b315d56c6ea08eeede,1.747,0.0,1.747,0.0071,0.0,0.0071
synthetic_high_dense,GCN,edge_sparsification,"{""rate"": 0.2}",5000,0.7998,0.04,0.0,0.995,0.9953,1.0,0.0,0.0001,0.0,0.0002,-0.0,0.4928,0.4696,0.0,0.0476,0.082,0.5196,0.5193,0.0,0.0552,0.1215,0.5196,0.4972,0.0055,0.0497,0.1215,,,,,,,0.005,,,,,0.0,none,39807bb901d6c7e68d8e7313cb377b393973e45cb4a7f3a6efd46bdc06a623fb,20b7c4f42054b081939542c9ad2154ca86fc5305e9eee141c3975a91d441009a,1.5563,0.0,1.5563,0.0023,0.0,0.0023
synthetic_high_dense,GCN,edge_sparsification,"{""rate"": 0.2}",7777,0.7998,0.04,0.0,1.0,1.0,1.0,0.0,0.0,0.0,0.0002,-0.0,0.5911,0.4663,0.0105,0.0632,0.1883,0.5469,0.5449,0.0056,0.0169,0.1236,0.5467,0.5421,0.0056,0.0225,0.1236,,,,,,,0.0044,,,,,0.0,none,0cca9870c59998135d198e007b2ccd6d5a04ae70dae1b7a30d215c88d2f721f6,7645027ce55462ed2456b3c275ae789f4cbe8b22a991a9fbd8f86110459b748f,1.623,0.0,1.623,0.0007,0.0,0.0007
synthetic_high_dense,GCN,edge_sparsification,"{""rate"": 0.2}",9999,0.7998,0.04,0.0,1.0,1.0,1.0,0.0,0.0,0.0,0.0,0.0,0.5606,0.5161,0.0,0.0215,0.1613,0.5446,0.5161,0.0108,0.0376,0.1075,0.5449,0.5161,0.0108,0.0538,0.0968,,,,,,,0.0013,,,,,0.0,none,20ee76e6f45072b41807f8b3799bd6038134057c75a14056eeb190a61c689819,26783c08694b17019c83f2ecc97fd9dfedb222b622ee561b33e71ceb41884ea7,1.613,0.0,1.613,0.001,0.0,0.001
synthetic_high_dense,GCN,epsd_tuned,"{""lambda_epsd"": 1.0}",42,0.7998,0.04,0.0,1.0,1.0,1.0,0.0,0.0,0.0,0.0001,-0.0,0.56,0.4656,0.0114,0.0568,0.1202,0.5511,0.5291,0.0106,0.0582,0.1058,0.5507,0.5,0.0159,0.0635,0.1111,,,,,,,0.001,,,,,1.0,none,00e34c3f09eb446f1fc5f1a584d3cef1cfd4ee273e6a18800adf2cb6fa64ecba,6296a0c1b0a515b3db41c6fcea459e3a40736e55406f8aafeb0611eaa1ebdf9c,1.7076,0.0135,1.7212,0.0004,0.0004,0.0008
synthetic_high_dense,GCN,epsd_tuned,"{""lambda_epsd"": 1.0}",123,0.7998,0.04,0.0,1.0,1.0,1.0,0.0,0.0,0.0,0.0,-0.0,0.5522,0.5185,0.0213,0.0957,0.1253,0.5643,0.5344,0.0159,0.0794,0.1217,0.4359,0.4656,0.0,0.0159,0.0,,,,,,,0.0018,,,,,1.0,none,9bc1ce1e075b011ad47f3261b45c0960d505c587b5a393d5c962cd095c24426b,d1efe0a8d484f3cbf36a5bdd6683cd5aaf367abafbdf455d8e3c0c8c8f10750b,1.4693,0.0109,1.4802,0.0009,0.0015,0.0023
synthetic_high_dense,GCN,epsd_tuned,"{""lambda_epsd"": 1.0}",456,0.7998,0.04,0.0,1.0,1.0,1.0,0.0,0.0,0.0,0.0,0.0,0.571,0.4974,0.0,0.0526,0.1636,0.5047,0.5185,0.0,0.037,0.0582,0.4955,0.5106,0.0053,0.0582,0.0476,,,,,,,0.0008,,,,,1.0,none,fc71bc9886bfe9b7462031e87352650bcf5e6fe60f7b68aeb9d2800785d794df,f6d3285162869d553cb10fa35f159e55c11f73221c52f3bd7555703c38171c4a,1.8485,0.0123,1.8608,0.0009,0.0007,0.0015
synthetic_high_dense,GCN,epsd_tuned,"{""lambda_epsd"": 1.0}",789,0.7998,0.04,0.0,1.0,1.0,1.0,0.0,0.0005,0.0,0.0,0.0,0.5489,0.5319,0.0,0.0638,0.117,0.4667,0.4973,0.0,0.0638,0.0213,0.4668,0.5027,0.016,0.0638,0.0213,,,,,,,0.0015,,,,,1.0,none,9bd1ccb127248e557705c04c4b298b937724b6ad94e27f68b01eb0f4aa4487fb,7312d2ea9b50b0dcfb3277d671d0a9d2a6bb9ac1b4052ede582515e58539818d,1.8759,0.0107,1.8866,0.0007,0.0006,0.0012
synthetic_high_dense,GCN,epsd_tuned,"{""lambda_epsd"": 1.0}",1024,0.7998,0.04,0.0,1.0,1.0,1.0,0.0,0.0,0.0,0.0,-0.0,0.4899,0.4734,0.0,0.0957,0.0745,0.4609,0.4468,0.0,0.0479,0.0266,0.4613,0.5133,0.0,0.0479,0.0319,,,,,,,0.0007,,,,,1.0,none,2ffc471cc6c78f1ed524f322cb2e5f81aaad52b20fcbcd50d70fef746d58c42f,b3b08eed3abc21e79db0a8cfc285481db0f114f11b0b1ed75ff485c77f336643,1.475,0.0124,1.4873,0.0009,0.0016,0.0025
synthetic_high_dense,GCN,epsd_tuned,"{""lambda_epsd"": 1.0}",2024,0.7998,0.04,0.0,1.0,1.0,1.0,0.0,0.0,0.0,0.0001,-0.0,0.4924,0.4944,0.0,0.0562,0.0864,0.4768,0.4667,0.0,0.0333,0.0611,0.4765,0.5,0.0,0.0389,0.0611,,,,,,,0.0004,,,,,1.0,none,dc5bf84087f7c594be7be220a5140e8c0e6468d04dd1a8f8b2a31bb112a74b25,200e9df9f5356e09713573bdd18c8da1e9e641ebbde19540c9e26950192950ff,1.652,0.0105,1.6625,0.0005,0.0008,0.0013
synthetic_high_dense,GCN,epsd_tuned,"{""lambda_epsd"": 1.0}",3141,0.7998,0.04,0.0,1.0,1.0,1.0,0.0,0.0004,0.0,0.0,0.0,0.493,0.4556,0.0,0.0732,0.0426,0.4882,0.4889,0.0278,0.0833,0.0389,0.4881,0.4833,0.0278,0.0833,0.0389,,,,,,,0.0011,,,,,1.0,none,89b6836300d296017305735d5a89d1c6aace6e50e1c94d0832625a29ab717d83,6233cc3853a0723455998671266d48fb6a8cdc2968220252f0d37e2b257dc4a2,1.7235,0.0114,1.7348,0.0016,0.0043,0.0059
synthetic_high_dense,GCN,epsd_tuned,"{""lambda_epsd"": 1.0}",5000,0.7998,0.04,0.0,1.0,1.0,1.0,0.0,0.0001,0.0,0.0002,-0.0,0.5303,0.4641,0.0,0.1667,0.1334,0.5312,0.5359,0.0,0.1271,0.105,0.5,0.5,0.0,0.0,0.0,,,,,,,0.0033,,,,,1.0,none,834b87ed5ba4d953ea858f9c84865fafc0353fc55fc1d5475f59baf03250423d,ffc86bf3387313cf1bcdaf44b4df6e9721d8964cd6ed7dce3cac4447182e1d9c,1.5785,0.0143,1.5928,0.0012,0.0012,0.0024
synthetic_high_dense,GCN,epsd_tuned,"{""lambda_epsd"": 1.0}",7777,0.7998,0.04,0.0,1.0,1.0,1.0,0.0,0.0,0.0,0.0004,-0.0,0.5537,0.4663,0.0,0.0211,0.1826,0.5223,0.5169,0.0,0.0169,0.1067,0.5225,0.5309,0.0,0.0225,0.1124,,,,,,,0.002,,,,,1.0,none,e1c599e5796a7a00a63f277550da8b2e64be21fcbe1c4326cc6862e62db4e9b9,e68b9e787d3b000758b85c5e805cd853054631d358a05e08c902228908f38c33,1.5898,0.0091,1.5989,0.0006,0.0007,0.0013
synthetic_high_dense,GCN,epsd_tuned,"{""lambda_epsd"": 1.0}",9999,0.7998,0.04,0.0,1.0,1.0,1.0,0.0,0.0,0.0,0.0,-0.0,0.5632,0.5269,0.0,0.043,0.1505,0.5549,0.5161,0.0,0.1022,0.1237,0.5551,0.5269,0.0108,0.1022,0.1237,,,,,,,0.0005,,,,,1.0,none,57ab649743ea567a4c4e700d463ba94f0318903816fa0d0a1d2051eb27b40ec4,0360fe8d68c8f4e1c6ed071d27ef257f768f23a4a4f1d5da85888c65bda17013,1.5914,0.0139,1.6053,0.0005,0.0003,0.0008
synthetic_high_dense,GraphSAGE,none,{},42,0.7998,0.04,0.0,1.0,1.0,1.0,0.0008,0.0046,0.0061,0.0724,-0.0052,0.6421,0.4656,0.0,0.0455,0.2454,0.6361,0.5,0.0,0.0,0.2222,0.6386,0.5661,0.0,0.0688,0.2275,,,,,,,0.0022,,,,,0.0,none,5a8bcd5d956dd1d4f66a593d33b198c62f52b6f15046a5ec8a3ecd8ef1809f42,093c2929b1935536d49a9f5ce104b096459833857417c4b6a52e1890dbbfab06,1.6971,0.0,1.6971,0.0001,0.0,0.0001
synthetic_high_dense,GraphSAGE,none,{},123,0.7998,0.04,0.0,1.0,1.0,1.0,0.0002,0.0008,0.0025,0.0213,-0.0024,0.6181,0.5026,0.0,0.0532,0.2385,0.6197,0.5767,0.0,0.0,0.2169,0.6108,0.5556,0.0053,0.037,0.2169,,,,,,,0.0018,,,,,0.0,none,55733714267d5dd8b0b43458d072c655f719cc08ee1fccc355fd2231d8c12491,187f7ceb25d816a3723abdbddbb3e9a6e7f3ac39be19d52064f7322fef2698af,1.7891,0.0,1.7891,0.0003,0.0,0.0003
synthetic_high_dense,GraphSAGE,none,{},456,0.7998,0.04,0.0,1.0,1.0,1.0,0.0007,0.0067,0.0023,0.0268,-0.0016,0.6206,0.4974,0.0,0.0421,0.2466,0.5733,0.5556,0.0,0.0,0.1429,0.576,0.5,0.0053,0.0476,0.1376,,,,,,,0.0001,,,,,0.0,none,602f553e70499074c35f081dd60763108c89219efd1b8a9f54eff2c034cb18e7,ac6a85b860441f173415c9a9d14b9120aad248b4a84e480a34de87915ba18899,1.7697,0.0,1.7697,0.0002,0.0,0.0002
synthetic_high_dense,GraphSAGE,none,{},789,0.7998,0.04,0.0,1.0,1.0,1.0,0.0002,0.0006,0.0107,0.1045,-0.0105,0.5,0.5,0.0,0.0,0.0,0.5207,0.5,0.0,0.0,0.0745,0.5196,0.5266,0.0106,0.0532,0.0798,,,,,,,0.0014,,,,,0.0,none,0133070433f5706d9a4c9666c06ce1ee0b5ec032caaf39aaa699cae2f63e68b6,9f38a10df36e14754fc614e4ca12528b0faf99aefe3e56ade3791428966f7198,1.8028,0.0,1.8028,0.0001,0.0,0.0001
synthetic_high_dense,GraphSAGE,none,{},1024,0.7998,0.04,0.0,1.0,1.0,1.0,0.0002,0.0022,0.0016,0.0147,-0.0014,0.5145,0.5213,0.0,0.0319,0.0957,0.546,0.516,0.0,0.0,0.1223,0.5337,0.5239,0.0,0.0106,0.1223,,,,,,,0.0001,,,,,0.0,none,9dca47366ae3c60bcd42eb6982445ed990b7790988714ee91d4eefcf45449688,ca30a8aeb46f17a67e6150b06fe25375e0ef3ece4d82568f1fd5411cfb755b1a,1.8589,0.0,1.8589,0.0001,0.0,0.0001
synthetic_high_dense,GraphSAGE,none,{},2024,0.7998,0.04,0.0,1.0,1.0,1.0,0.0001,0.0004,0.0009,0.0089,-0.0008,0.5601,0.4944,0.0112,0.1124,0.1332,0.5782,0.5611,0.0,0.0,0.1222,0.5864,0.5222,0.0111,0.1111,0.15,,,,,,,0.0001,,,,,0.0,none,46f71422ac4c562f87c026318250c8dac0eb3bf717eef1791f56b836d3ca4746,4344de154fd47512856621186600e713294a4890617458258288a49efc3d241d,1.8115,0.0,1.8115,0.0002,0.0,0.0002
synthetic_high_dense,GraphSAGE,none,{},3141,0.7998,0.04,0.0,1.0,1.0,1.0,0.0172,0.2152,0.0005,0.0042,0.0167,0.5454,0.4556,0.0,0.0854,0.1147,0.5276,0.4806,0.0,0.0,0.1333,0.5363,0.5139,0.0278,0.0833,0.1333,,,,,,,0.0,,,,,0.0,none,b63b6d7dfcc668059456d53dd709d03be3bf649af3786eef397f27a36c6b757e,d1ac4bf0c5716a92eca6338a583968ca74d039801616e8cb4435832b70ea4885,1.6783,0.0,1.6783,0.0001,0.0,0.0001
synthetic_high_dense,GraphSAGE,none,{},5000,0.7998,0.04,0.0,1.0,1.0,1.0,0.0029,0.0328,0.0014,0.0103,0.0015,0.6081,0.4641,0.0238,0.0357,0.1956,0.5958,0.5746,0.0,0.0,0.1657,0.6044,0.5193,0.0276,0.0608,0.1713,,,,,,,0.0012,,,,,0.0,none,daa3b3520ea46fccd0afef9c3abc0d0eb17dac7b5fce2bccf1bbe3cd24b55922,f26e03b5fe9c1351f470d4c7abeab4521127b7c8066237c19ea018223148d935,1.7433,0.0,1.7433,0.0001,0.0,0.0001
synthetic_high_dense,GraphSAGE,none,{},7777,0.7998,0.04,0.0,1.0,1.0,1.0,0.0006,0.0043,0.0023,0.0137,-0.0017,0.6252,0.4663,0.0105,0.0842,0.2132,0.615,0.5871,0.0,0.0,0.191,0.6167,0.5618,0.0056,0.0787,0.1966,,,,,,,0.0009,,,,,0.0,none,14d2700e4dac4fe89290893a369230f4987744eabbdb2ca26747579956889742,e553b7b2652ac8961e223441c199edad0d82a6ba8f9b74ed3dc5d703b10d1606,1.9119,0.0,1.9119,0.0001,0.0,0.0001
synthetic_high_dense,GraphSAGE,none,{},9999,0.7998,0.04,0.0,1.0,1.0,1.0,0.0001,0.0007,0.0006,0.0038,-0.0005,0.5961,0.5269,0.0323,0.0323,0.2043,0.5601,0.5,0.0,0.0,0.1452,0.5801,0.5054,0.043,0.1237,0.1559,,,,,,,0.0001,,,,,0.0,none,a3e1f9bf4032c01bf1de883fcd58772f752be0cf36fe6f812ebd94b5c435298e,7110ad523e0e5808517024f872a669cb4ace689f58e2321cafcef95c1ca358dc,1.6527,0.0,1.6527,0.0002,0.0,0.0002
synthetic_high_dense,GraphSAGE,dropedge,"{""rate"": 0.3}",42,0.7998,0.04,0.0,1.0,1.0,1.0,0.0004,0.002,0.0035,0.0444,-0.0032,0.6537,0.4656,0.0,0.0227,0.2685,0.6324,0.5,0.0,0.0,0.2381,0.5,0.5,0.0,0.0,0.0,,,,,,,0.0003,,,,,0.0,none,1fcc8db4f3532f01ff97c69355aafe905ee691249228676ee37eb7ca9dfd4de2,b49b105f98d3a355c05227c8ebe0152fb924481935cc11d3dd253f00effa4a68,1.6472,0.0,1.6472,0.0001,0.0,0.0001
synthetic_high_dense,GraphSAGE,dropedge,"{""rate"": 0.3}",123,0.7998,0.04,0.0,1.0,1.0,1.0,0.0002,0.0007,0.0011,0.0057,-0.0009,0.6104,0.5079,0.0106,0.0319,0.2184,0.6216,0.5714,0.0,0.0,0.2011,0.6123,0.5397,0.0053,0.0423,0.2063,,,,,,,0.0007,,,,,0.0,none,ac1bee5a23477df108ddc8574a2248e3008d347857f798dea00d2c541e6d5f4b,7e3b87413b67b234d2c4d13245ae19a3b7c2dfd0f24c7163b4584931eb00ef2b,1.7692,0.0,1.7692,0.0004,0.0,0.0004
synthetic_high_dense,GraphSAGE,dropedge,"{""rate"": 0.3}",456,0.7998,0.04,0.0,1.0,1.0,1.0,0.0014,0.0137,0.0023,0.0241,-0.0009,0.6166,0.4974,0.0,0.0632,0.2563,0.5672,0.5265,0.0,0.0,0.1481,0.5633,0.5212,0.0053,0.0688,0.1429,,,,,,,0.0001,,,,,0.0,none,8ff4ea56f8663ee7a956ef415f65f27063bb8b49250a6b5d18d59418091a66b7,2875dab807dab3b21683108af7b32841bc975f26edef723f0393f1bd0739a814,1.7499,0.0,1.7499,0.0038,0.0,0.0038
synthetic_high_dense,GraphSAGE,dropedge,"{""rate"": 0.3}",789,0.7998,0.04,0.0,1.0,1.0,1.0,0.0002,0.0008,0.0078,0.1067,-0.0076,0.5,0.5,0.0,0.0,0.0,0.529,0.5,0.0,0.0,0.0745,0.5197,0.5027,0.016,0.0691,0.0745,,,,,,,0.0007,,,,,0.0,none,ceafa04bad3e47f1509f4d9bdfef09b30fcdb597ef00c9cdbdc426478d63e546,d8d5e4350269f1bf01ab9367e814f3e5dd302114abf5aaaeaf33504154fbcca2,1.7621,0.0,1.7621,0.0003,0.0,0.0003
synthetic_high_dense,GraphSAGE,dropedge,"{""rate"": 0.3}",1024,0.7998,0.04,0.0,1.0,1.0,1.0,0.0001,0.001,0.0008,0.0073,-0.0007,0.5,0.5,0.0,0.0,0.0,0.5635,0.5,0.0,0.0,0.133,0.5436,0.5213,0.0053,0.0319,0.1383,,,,,,,0.0001,,,,,0.0,none,b38f53afa458afb574c5490ca9a9041c6f30520314363c2a470457faafbe32e5,e3fc6e1c41d5e03ab429f6e07045d7b5eae8f03a193f35db106989d1cfdce661,1.8985,0.0,1.8985,0.0019,0.0,0.0019
synthetic_high_dense,GraphSAGE,dropedge,"{""rate"": 0.3}",2024,0.7998,0.04,0.0,1.0,1.0,1.0,0.0001,0.0003,0.0009,0.0066,-0.0008,0.5907,0.4944,0.0112,0.0674,0.1674,0.5871,0.5611,0.0,0.0,0.1556,0.6003,0.5167,0.0111,0.0889,0.1722,,,,,,,0.0001,,,,,0.0,none,45d060f7d723aea9bc10523253b2d4826c6ae4f068e7c4b522ea237a60b81ea3,c08211f76aef94afee3569ff1a865afa1ed2d5a9e226a6de9f3146592a1a177b,1.7604,0.0,1.7604,0.0003,0.0,0.0003
synthetic_high_dense,GraphSAGE,dropedge,"{""rate"": 0.3}",3141,0.7998,0.04,0.0,1.0,1.0,1.0,0.0189,0.2409,0.0004,0.0034,0.0185,0.5437,0.4556,0.0,0.0854,0.1376,0.5372,0.5028,0.0,0.0,0.1222,0.5392,0.5,0.0333,0.0722,0.1167,,,,,,,0.0,,,,,0.0,none,70e92514e5d8007e7930fe4228f9e4b09595d2cb8a983f475e4dc26c617577b9,4582d761783c97d02630984238f0e8eb76829d30dfff0723ebf2005244631f99,1.7822,0.0,1.7822,0.0001,0.0,0.0001
synthetic_high_dense,GraphSAGE,dropedge,"{""rate"": 0.3}",5000,0.7998,0.04,0.0,1.0,1.0,1.0,0.0015,0.0175,0.0006,0.0035,0.0009,0.6129,0.4641,0.0238,0.0833,0.2377,0.6037,0.5663,0.0,0.0,0.1989,0.6038,0.5166,0.0166,0.0663,0.2099,,,,,,,0.0002,,,,,0.0,none,e324758930bc7393048514b1db7bfd3bd0da514f8d8330c7b6bc0453a08c7666,462fcb8be728d7f9d6f57f09dfe138ca6b672e69fb90b132ab4b856b64f7c619,1.7334,0.0,1.7334,0.0004,0.0,0.0004
synthetic_high_dense,GraphSAGE,dropedge,"{""rate"": 0.3}",7777,0.7998,0.04,0.0,1.0,1.0,1.0,0.0004,0.0037,0.0015,0.0136,-0.0011,0.6132,0.4663,0.0211,0.0947,0.1921,0.6139,0.5702,0.0,0.0,0.1854,0.6137,0.5702,0.0112,0.0843,0.1854,,,,,,,0.0003,,,,,0.0,none,7dfcc61ba0962b59acbd7d2f8eec3d5ac37e5d54d7b24afcd8e47a8eb88542fa,30177c6631857b4923ce4c863cc69d6a4b7a08fb225453d89dc3b9ad3e0c9a2c,1.8599,0.0,1.8599,0.0031,0.0,0.0031
synthetic_high_dense,GraphSAGE,dropedge,"{""rate"": 0.3}",9999,0.7998,0.04,0.0,1.0,1.0,1.0,0.0001,0.0003,0.0009,0.0056,-0.0008,0.5967,0.5376,0.0108,0.0968,0.2043,0.5705,0.5,0.0,0.0,0.1452,0.5799,0.5161,0.0269,0.1237,0.1452,,,,,,,0.0002,,,,,0.0,none,d236ace3af2250bbb2f42805d00ba5d39c6d95394c7cd6eae0c7db747073b11c,885cd724c16caeca40ccf9b9b6a6175ef0fa96280f60dda642175734e78cc48c,1.6708,0.0,1.6708,0.0005,0.0,0.0005
synthetic_high_dense,GraphSAGE,label_smoothing,"{""alpha"": 0.1}",42,0.7998,0.04,0.0,1.0,1.0,1.0,0.02,0.0244,0.0118,0.0122,0.0082,0.6775,0.6455,0.0,0.0341,0.3583,0.6702,0.6296,0.0,0.0212,0.3439,0.669,0.6534,0.0,0.0212,0.3439,,,,,,,0.119,,,,,0.0,none,1143d145a2ed859ff7c6afa6f905e212d83202ace72ace27736d7f4e80f20e63,117f79a84bdce8a8b0059250bbaf1d14bb188395f02503188d13ef5a6a919c06,1.6997,0.0,1.6997,0.41,0.0,0.41
synthetic_high_dense,GraphSAGE,label_smoothing,"{""alpha"": 0.1}",123,0.7998,0.04,0.0,1.0,1.0,1.0,0.0159,0.0166,0.0125,0.0126,0.0034,0.5976,0.5661,0.0,0.0106,0.2632,0.6051,0.5767,0.0,0.0106,0.2698,0.602,0.582,0.0,0.0106,0.2646,,,,,,,0.117,,,,,0.0,none,a777498d8dd40906c71595e73c3d33c35220dfd03a3c39ff1abf0dae4ae85064,0cd56f73be1816ec99ebed3a397a340a34d69c65a607838b4d6ace845de4a53d,1.7843,0.0,1.7843,0.4134,0.0,0.4134
synthetic_high_dense,GraphSAGE,label_smoothing,"{""alpha"": 0.1}",456,0.7998,0.04,0.0,1.0,1.0,1.0,0.023,0.031,0.0157,0.0186,0.0073,0.6152,0.6032,0.0,0.0,0.2573,0.5675,0.5291,0.0,0.0053,0.2222,0.5669,0.5423,0.0,0.0053,0.2222,,,,,,,0.1084,,,,,0.0,none,903c8e19b3d4f46e7cf3e24daae1d43116a4ad8cc30f1ae7c68e0d878c1871f6,dd1c6c0da451c8ddcbfc0eb879af663923bcafd9f9365f56bfd842adc50a9591,1.7761,0.0,1.7761,0.4162,0.0,0.4162
synthetic_high_dense,GraphSAGE,label_smoothing,"{""alpha"": 0.1}",789,0.7998,0.04,0.0,1.0,1.0,1.0,0.0228,0.0295,0.0147,0.0161,0.0081,0.5149,0.5426,0.0,0.0,0.2021,0.5433,0.5638,0.0,0.0106,0.2021,0.5422,0.5559,0.0,0.0106,0.1915,,,,,,,0.0966,,,,,0.0,none,d47c4245ecb46b540fb13d1f046769338de53516130eb1171b9ae7035c962391,6ef7b30bff67b52dc45d317998649ed4f7da2916da8ef7aba6b22f2026f0f2e3,1.7963,0.0,1.7963,0.4165,0.0,0.4165
synthetic_high_dense,GraphSAGE,label_smoothing,"{""alpha"": 0.1}",1024,0.7998,0.04,0.0,1.0,1.0,1.0,0.0199,0.0244,0.0167,0.0183,0.0032,0.5558,0.5213,0.0,0.0,0.2021,0.5389,0.5319,0.0,0.016,0.2021,0.5389,0.5293,0.0,0.016,0.2021,,,,,,,0.113,,,,,0.0,none,eda0e61107efe432bcadfc17d43cec65071861d379f9f7a46484cf9a8b39ac55,331515606d14486ccba9fbec50142d2061f7d877e21e06fe1a0ee097b324434e,1.8485,0.0,1.8485,0.4141,0.0,0.4141
synthetic_high_dense,GraphSAGE,label_smoothing,"{""alpha"": 0.1}",2024,0.7998,0.04,0.0,1.0,1.0,1.0,0.0171,0.0202,0.013,0.0155,0.004,0.6527,0.6056,0.0,0.0449,0.2608,0.6154,0.5722,0.0167,0.0389,0.2556,0.6135,0.5583,0.0167,0.0389,0.25,,,,,,,0.1235,,,,,0.0,none,aad51be76d8c85728148d23967dcfe0f28d845096234d13518bdfb4c1f2ceb10,729b52de52eb7f260bb15c3a78a399e695b97204b260e17051742331ae4f439c,1.8032,0.0,1.8032,0.4157,0.0,0.4157
synthetic_high_dense,GraphSAGE,label_smoothing,"{""alpha"": 0.1}",3141,0.7998,0.04,0.0,1.0,1.0,1.0,0.0298,0.0685,0.0191,0.0261,0.0108,0.5829,0.55,0.0122,0.0122,0.225,0.5596,0.5333,0.0056,0.0222,0.1778,0.5592,0.55,0.0056,0.0167,0.1778,,,,,,,0.1011,,,,,0.0,none,fd694e0a6a76ab25bc70407251b8ea37c811f872ee1639eb8dcbea8e78365e49,6de5fac7079ce4d8c6ab895e840fb4ff7dfc652ccdcb1d05aa67ce2d5f8b73f6,1.686,0.0,1.686,0.4172,0.0,0.4172
synthetic_high_dense,GraphSAGE,label_smoothing,"{""alpha"": 0.1}",5000,0.7998,0.04,0.0,1.0,1.0,1.0,0.0279,0.0416,0.0185,0.0196,0.0094,0.577,0.5746,0.0,0.0119,0.2417,0.6145,0.5746,0.0,0.0387,0.2597,0.6137,0.5939,0.0,0.0387,0.2652,,,,,,,0.1169,,,,,0.0,none,770991831247db91021285815cee9fb9a111ff9c1f3fd47759cd17eb66fc8acc,eb713dc1b249eee9c61e84201ae9d19a526ab968c408b1d23b965c8a81650ca6,1.7518,0.0,1.7518,0.4154,0.0,0.4154
synthetic_high_dense,GraphSAGE,label_smoothing,"{""alpha"": 0.1}",7777,0.7998,0.04,0.0,1.0,1.0,1.0,0.0262,0.0276,0.02,0.0213,0.0062,0.5999,0.5843,0.0,0.0,0.2621,0.6058,0.5618,0.0,0.0056,0.2753,0.6057,0.5562,0.0,0.0056,0.2753,,,,,,,0.1322,,,,,0.0,none,8f3f5ec5cf604d22c876b684a79d1086e4c6bd4db4722c251614fdc10e2eab99,ee636d1ed17c7825c3af37d2114aebac5bb817fefda5a71038ed18ef415d1976,1.9033,0.0,1.9033,0.4151,0.0,0.4151
synthetic_high_dense,GraphSAGE,label_smoothing,"{""alpha"": 0.1}",9999,0.7998,0.04,0.0,1.0,1.0,1.0,0.0169,0.018,0.0145,0.0163,0.0024,0.6468,0.629,0.0,0.0215,0.3548,0.6342,0.6022,0.0,0.0323,0.3065,0.6328,0.6452,0.0,0.0323,0.3065,,,,,,,0.0987,,,,,0.0,none,de7c7db60769ff28d9206120c0dabd3a355a8a9e79de64626b2f1d87dccc8bdf,7e71d9c1a62d8c15f7e619af0f8e10a5caf0c36aa3e5151e35f69d62874582a2,1.6651,0.0,1.6651,0.4161,0.0,0.4161
synthetic_high_dense,GraphSAGE,early_stopping,"{""patience"": 15}",42,0.7998,0.04,0.0,1.0,1.0,1.0,0.0011,0.0058,0.006,0.0677,-0.0049,0.6615,0.4656,0.0,0.0909,0.2934,0.6491,0.6005,0.0,0.0,0.2328,0.6484,0.5688,0.0,0.1058,0.2328,,,,,,,0.0017,,,,,0.0,none,093b160564137ee2053449d7baa71013bc12a6a8779c352b2e65f43951581e77,5472b834aab10e22f72998f734660f792a4069318c78c18b0181f86fd13b756c,1.6971,0.0,1.6971,0.0001,0.0,0.0001
synthetic_high_dense,GraphSAGE,early_stopping,"{""patience"": 15}",123,0.7998,0.04,0.0,1.0,1.0,1.0,0.0004,0.0012,0.0046,0.0344,-0.0042,0.619,0.5132,0.0,0.0532,0.2283,0.6134,0.5741,0.0,0.0,0.2222,0.6136,0.5741,0.0053,0.0476,0.2222,,,,,,,0.0039,,,,,0.0,none,b0f55ad4d11d4913723bdeac5bd203f0d6fc74aea3301e2139965450b7efd236,c41dc6c64b4056830b21f35163550c12ddcc241c00ad62d6488e27a8949ad933,1.7891,0.0,1.7891,0.0001,0.0,0.0001
synthetic_high_dense,GraphSAGE,early_stopping,"{""patience"": 15}",456,0.7998,0.04,0.0,1.0,1.0,1.0,0.0009,0.0084,0.0025,0.0281,-0.0016,0.6261,0.4974,0.0,0.0421,0.2469,0.5789,0.5529,0.0,0.0,0.1429,0.5796,0.5344,0.0053,0.0476,0.1429,,,,,,,0.0001,,,,,0.0,none,c9cee47c8a3661b9f4deccb390885878c97ac0495b02bf7c7cb757405d772cf8,c700ff70f02ca0b882e3a2fbaeeafb7486d70523ec789d407ba44f9032c84ebc,1.7697,0.0,1.7697,0.0003,0.0,0.0003
synthetic_high_dense,GraphSAGE,early_stopping,"{""patience"": 15}",789,0.7998,0.04,0.0,1.0,1.0,1.0,0.0005,0.002,0.0102,0.1012,-0.0096,0.5,0.5,0.0,0.0,0.0,0.5297,0.516,0.0,0.0,0.1064,0.5275,0.5133,0.0213,0.0532,0.1064,,,,,,,0.0023,,,,,0.0,none,e044bf7fa7c12ecbbd962ed3d8a2cec3cb7381e7c1aa32059cc367ccd851c616,f1ebc4209a1c6c798dbe761164dc3183c627d8709a3f146a63cda55e53da6f3a,1.8028,0.0,1.8028,0.0009,0.0,0.0009
synthetic_high_dense,GraphSAGE,early_stopping,"{""patience"": 15}",1024,0.7998,0.04,0.0,1.0,1.0,1.0,0.0004,0.0035,0.0022,0.0181,-0.0018,0.5158,0.5372,0.0,0.0319,0.0957,0.532,0.5213,0.0,0.0,0.117,0.5339,0.5346,0.0,0.016,0.117,,,,,,,0.0002,,,,,0.0,none,1c4cf2bd8bc91353b0b56e920121f8876ef780530ec3d17992fb9a81b33f8e64,0e78ea641cdad024a900ea1f1e95a2ca450cb354e4e2b5dab851de777b53f4a0,1.8589,0.0,1.8589,0.0001,0.0,0.0001
synthetic_high_dense,GraphSAGE,early_stopping,"{""patience"": 15}",2024,0.7998,0.04,0.0,1.0,1.0,1.0,0.0001,0.0004,0.0009,0.0089,-0.0008,0.5601,0.4944,0.0112,0.1124,0.1332,0.5782,0.5611,0.0,0.0,0.1222,0.5864,0.5222,0.0111,0.1111,0.15,,,,,,,0.0001,,,,,0.0,none,46f71422ac4c562f87c026318250c8dac0eb3bf717eef1791f56b836d3ca4746,4344de154fd47512856621186600e713294a4890617458258288a49efc3d241d,1.8115,0.0,1.8115,0.0002,0.0,0.0002
synthetic_high_dense,GraphSAGE,early_stopping,"{""patience"": 15}",3141,0.7998,0.04,0.0,1.0,1.0,1.0,0.0171,0.215,0.0006,0.0042,0.0165,0.5474,0.4556,0.0,0.1098,0.1192,0.5385,0.4917,0.0,0.0,0.1222,0.5383,0.5111,0.0278,0.1,0.1222,,,,,,,0.0001,,,,,0.0,none,075e7af40b816d00c1a0cd3a4ce2fc10d0ed66fe118ea2ce6d1d6c9125d91e7a,25d5b07668a6d3341cce5792f912ca90e876e06c5310241d9baba08dd41c916c,1.6783,0.0,1.6783,0.0001,0.0,0.0001
synthetic_high_dense,GraphSAGE,early_stopping,"{""patience"": 15}",5000,0.7998,0.04,0.0,1.0,1.0,1.0,0.0024,0.0243,0.0018,0.0117,0.0006,0.6044,0.4641,0.0119,0.0357,0.201,0.5994,0.5746,0.0,0.0,0.1602,0.6017,0.5276,0.0221,0.0718,0.1768,,,,,,,0.0015,,,,,0.0,none,7c33417c497917cdcb886e8b1b282660a6f6c29dcf27135413933c59ad036c01,e7f421d12be1ff991979e8570a4248397802a74d92a31304a96f4b87103d3f53,1.7433,0.0,1.7433,0.0001,0.0,0.0001
synthetic_high_dense,GraphSAGE,early_stopping,"{""patience"": 15}",7777,0.7998,0.04,0.0,1.0,1.0,1.0,0.0011,0.0072,0.0039,0.0199,-0.0028,0.6197,0.4663,0.0105,0.1053,0.1959,0.6153,0.5871,0.0,0.0,0.2079,0.6157,0.5618,0.0056,0.0843,0.2079,,,,,,,0.0015,,,,,0.0,none,b07594f63893b9b1eed85112c56ccc22e6fa132084cb1525a334cef46ce05897,beae4b272e71c3455f91138106ae318a07d29e99902357d79982bc58706de1f3,1.9119,0.0,1.9119,0.0002,0.0,0.0002
synthetic_high_dense,GraphSAGE,early_stopping,"{""patience"": 15}",9999,0.7998,0.04,0.0,1.0,1.0,1.0,0.0003,0.0013,0.0013,0.0085,-0.001,0.5996,0.5323,0.0215,0.0323,0.2043,0.5734,0.5403,0.0,0.0,0.1613,0.5855,0.5323,0.0323,0.1237,0.1613,,,,,,,0.0004,,,,,0.0,none,80e9655ad5d89f4c6ba80d12ea50a8fdf61ebbb61a2104b1a7dbd128b0798d49,539e45bf1ede6be2039346fd7f1d70817532fef0d4d11ddb535a42a2442bb843,1.6527,0.0,1.6527,0.0,0.0,0.0
synthetic_high_dense,GraphSAGE,confidence_masking,"{""top_k"": 2}",42,0.7998,0.04,0.0,1.0,1.0,1.0,0.0008,0.0046,0.0061,0.0724,-0.0052,0.6449,0.4656,0.0114,0.0568,0.2597,0.635,0.5,0.0,0.0,0.2381,0.6389,0.5767,0.0,0.0741,0.2381,,,,,,,0.0022,,,,,0.0,none,5a8bcd5d956dd1d4f66a593d33b198c62f52b6f15046a5ec8a3ecd8ef1809f42,093c2929b1935536d49a9f5ce104b096459833857417c4b6a52e1890dbbfab06,1.6971,0.0,1.6971,0.0001,0.0,0.0001
synthetic_high_dense,GraphSAGE,confidence_masking,"{""top_k"": 2}",123,0.7998,0.04,0.0,1.0,1.0,1.0,0.0002,0.0008,0.0025,0.0213,-0.0024,0.6181,0.5026,0.0,0.0638,0.249,0.6176,0.5952,0.0,0.0,0.2116,0.6098,0.5556,0.0053,0.037,0.2169,,,,,,,0.0018,,,,,0.0,none,55733714267d5dd8b0b43458d072c655f719cc08ee1fccc355fd2231d8c12491,187f7ceb25d816a3723abdbddbb3e9a6e7f3ac39be19d52064f7322fef2698af,1.7891,0.0,1.7891,0.0003,0.0,0.0003
synthetic_high_dense,GraphSAGE,confidence_masking,"{""top_k"": 2}",456,0.7998,0.04,0.0,1.0,1.0,1.0,0.0007,0.0067,0.0023,0.0268,-0.0016,0.624,0.4974,0.0,0.0316,0.2479,0.573,0.5556,0.0,0.0,0.1429,0.5766,0.5,0.0053,0.0423,0.1429,,,,,,,0.0001,,,,,0.0,none,602f553e70499074c35f081dd60763108c89219efd1b8a9f54eff2c034cb18e7,ac6a85b860441f173415c9a9d14b9120aad248b4a84e480a34de87915ba18899,1.7697,0.0,1.7697,0.0002,0.0,0.0002
synthetic_high_dense,GraphSAGE,confidence_masking,"{""top_k"": 2}",789,0.7998,0.04,0.0,1.0,1.0,1.0,0.0002,0.0006,0.0107,0.1045,-0.0105,0.5,0.5,0.0,0.0,0.0,0.5209,0.5,0.0,0.0,0.0745,0.5162,0.5266,0.016,0.0532,0.0798,,,,,,,0.0014,,,,,0.0,none,0133070433f5706d9a4c9666c06ce1ee0b5ec032caaf39aaa699cae2f63e68b6,9f38a10df36e14754fc614e4ca12528b0faf99aefe3e56ade3791428966f7198,1.8028,0.0,1.8028,0.0001,0.0,0.0001
synthetic_high_dense,GraphSAGE,confidence_masking,"{""top_k"": 2}",1024,0.7998,0.04,0.0,1.0,1.0,1.0,0.0002,0.0022,0.0016,0.0147,-0.0014,0.5163,0.5106,0.0,0.0213,0.0957,0.5484,0.5213,0.0,0.0,0.117,0.5347,0.5239,0.0,0.0106,0.117,,,,,,,0.0001,,,,,0.0,none,9dca47366ae3c60bcd42eb6982445ed990b7790988714ee91d4eefcf45449688,ca30a8aeb46f17a67e6150b06fe25375e0ef3ece4d82568f1fd5411cfb755b1a,1.8589,0.0,1.8589,0.0001,0.0,0.0001
synthetic_high_dense,GraphSAGE,confidence_masking,"{""top_k"": 2}",2024,0.7998,0.04,0.0,1.0,1.0,1.0,0.0001,0.0004,0.0009,0.0089,-0.0008,0.5591,0.4944,0.0,0.0899,0.1235,0.5773,0.5556,0.0,0.0,0.1389,0.5863,0.5222,0.0111,0.1056,0.15,,,,,,,0.0,,,,,0.0,none,46f71422ac4c562f87c026318250c8dac0eb3bf717eef1791f56b836d3ca4746,4344de154fd47512856621186600e713294a4890617458258288a49efc3d241d,1.8115,0.0,1.8115,0.0002,0.0,0.0002
synthetic_high_dense,GraphSAGE,confidence_masking,"{""top_k"": 2}",3141,0.7998,0.04,0.0,1.0,1.0,1.0,0.0172,0.2152,0.0005,0.0042,0.0167,0.546,0.4556,0.0,0.0854,0.1269,0.5292,0.4778,0.0,0.0,0.1389,0.5364,0.5111,0.0278,0.0889,0.1389,,,,,,,0.0,,,,,0.0,none,b63b6d7dfcc668059456d53dd709d03be3bf649af3786eef397f27a36c6b757e,d1ac4bf0c5716a92eca6338a583968ca74d039801616e8cb4435832b70ea4885,1.6783,0.0,1.6783,0.0001,0.0,0.0001
synthetic_high_dense,GraphSAGE,confidence_masking,"{""top_k"": 2}",5000,0.7998,0.04,0.0,1.0,1.0,1.0,0.0029,0.0328,0.0014,0.0103,0.0015,0.6067,0.4641,0.0238,0.0238,0.1917,0.5956,0.5635,0.0,0.0,0.1602,0.6035,0.5166,0.0276,0.0663,0.1713,,,,,,,0.0011,,,,,0.0,none,daa3b3520ea46fccd0afef9c3abc0d0eb17dac7b5fce2bccf1bbe3cd24b55922,f26e03b5fe9c1351f470d4c7abeab4521127b7c8066237c19ea018223148d935,1.7433,0.0,1.7433,0.0001,0.0,0.0001
synthetic_high_dense,GraphSAGE,confidence_masking,"{""top_k"": 2}",7777,0.7998,0.04,0.0,1.0,1.0,1.0,0.0006,0.0043,0.0023,0.0137,-0.0017,0.6237,0.4663,0.0105,0.0842,0.2019,0.6122,0.573,0.0,0.0,0.1854,0.6125,0.5506,0.0056,0.0787,0.1854,,,,,,,0.0009,,,,,0.0,none,14d2700e4dac4fe89290893a369230f4987744eabbdb2ca26747579956889742,e553b7b2652ac8961e223441c199edad0d82a6ba8f9b74ed3dc5d703b10d1606,1.9119,0.0,1.9119,0.0001,0.0,0.0001
synthetic_high_dense,GraphSAGE,confidence_masking,"{""top_k"": 2}",9999,0.7998,0.04,0.0,1.0,1.0,1.0,0.0001,0.0007,0.0006,0.0038,-0.0005,0.5932,0.5269,0.0323,0.0323,0.1935,0.5592,0.5,0.0,0.0,0.1452,0.5778,0.5054,0.0323,0.1237,0.1452,,,,,,,0.0001,,,,,0.0,none,a3e1f9bf4032c01bf1de883fcd58772f752be0cf36fe6f812ebd94b5c435298e,7110ad523e0e5808517024f872a669cb4ace689f58e2321cafcef95c1ca358dc,1.6527,0.0,1.6527,0.0002,0.0,0.0002
synthetic_high_dense,GraphSAGE,edge_sparsification,"{""rate"": 0.2}",42,0.7998,0.04,0.0,1.0,1.0,1.0,0.0003,0.0011,0.0023,0.0246,-0.0021,0.65,0.4656,0.0114,0.0568,0.2997,0.6526,0.5,0.0,0.0,0.254,0.6328,0.5503,0.0212,0.0582,0.2593,,,,,,,0.0016,,,,,0.0,none,6a0333095c5668358af2322d6d905637e9885be2c2df2fa3a6554ba41455d752,417f62df03e17eccf2933605f03498b783ed1d8fee39dccabbd83799d8fa4356,1.6683,0.0,1.6683,0.0001,0.0,0.0001
synthetic_high_dense,GraphSAGE,edge_sparsification,"{""rate"": 0.2}",123,0.7998,0.04,0.0,0.995,0.9944,1.0,0.0001,0.0005,0.0018,0.0118,-0.0017,0.61,0.5026,0.0106,0.0106,0.1852,0.6145,0.5767,0.0,0.0,0.1958,0.6042,0.5476,0.0053,0.0053,0.1958,,,,,,,0.003,,,,,0.0,none,accfa4b6813c3c646792b0225179154dc77889bb81c49214e32fa0d92b5bf501,acbdcf20b6583368a5cd0fd487606d9b6197d6a11968d1b431d027921f5b8ab4,1.8533,0.0,1.8533,0.0001,0.0,0.0001
synthetic_high_dense,GraphSAGE,edge_sparsification,"{""rate"": 0.2}",456,0.7998,0.04,0.0,1.0,1.0,1.0,0.0005,0.0039,0.004,0.0524,-0.0035,0.6176,0.4974,0.0,0.0526,0.1943,0.5766,0.5608,0.0,0.0,0.1217,0.5895,0.537,0.0,0.0688,0.1481,,,,,,,0.0008,,,,,0.0,none,86f869e06e61970b65c4a588205c1a23518213d4945c2fc2303c629e09a45db5,64dd4603b4c2d2af2cc205743647465cb8f8a4d06fa66480a628be6f271c4926,1.7782,0.0,1.7782,0.0,0.0,0.0
synthetic_high_dense,GraphSAGE,edge_sparsification,"{""rate"": 0.2}",789,0.7998,0.04,0.0,0.995,0.9948,0.9999,0.0002,0.001,0.0065,0.0762,-0.0063,0.5,0.5,0.0,0.0,0.0,0.5303,0.5266,0.0,0.0,0.0691,0.5194,0.5186,0.0213,0.0479,0.0691,,,,,,,0.0056,,,,,0.0,none,28bd67e19a77b037f5a8208159e3425aa221f76e63b612882c0a05c6d4e36766,c8822949d7dd7b42fe54d0f153d319d23e8055ed4febd192e610a8a3dd686fa7,1.7766,0.0,1.7766,0.0007,0.0,0.0007
synthetic_high_dense,GraphSAGE,edge_sparsification,"{""rate"": 0.2}",1024,0.7998,0.04,0.0,1.0,1.0,1.0,0.0001,0.0008,0.0018,0.0156,-0.0017,0.5481,0.5319,0.0,0.0319,0.1489,0.5537,0.5266,0.0,0.0,0.133,0.5376,0.5346,0.0106,0.0213,0.1489,,,,,,,0.0003,,,,,0.0,none,625c9e6d998a941c07b42f638706cc35a3584acc3a01309eb564f7d4fe61a334,90589cb228e9cb01e39f9d667d58da216c32404fe8eb426565aba999a686803c,1.8717,0.0,1.8717,0.0003,0.0,0.0003
synthetic_high_dense,GraphSAGE,edge_sparsification,"{""rate"": 0.2}",2024,0.7998,0.04,0.0,1.0,1.0,1.0,0.0002,0.0006,0.0008,0.0061,-0.0007,0.5604,0.4944,0.0,0.1011,0.1394,0.5807,0.5583,0.0,0.0,0.1333,0.5888,0.5278,0.0,0.1056,0.1389,,,,,,,0.0002,,,,,0.0,none,2850d4d7655558609c11ef4db7410c8b68a40ee65ff011a19cc66fb7025903ec,f549cebf3050e1ca82b524c62b3d97e1bb886f9fefca66b13fcac7aa47cf3be9,1.8715,0.0,1.8715,0.0001,0.0,0.0001
synthetic_high_dense,GraphSAGE,edge_sparsification,"{""rate"": 0.2}",3141,0.7998,0.04,0.0,1.0,1.0,1.0,0.0181,0.2259,0.0006,0.0056,0.0175,0.5595,0.4556,0.0,0.0976,0.1215,0.5441,0.5111,0.0,0.0,0.1222,0.5534,0.5194,0.0278,0.0944,0.1222,,,,,,,0.0001,,,,,0.0,none,6ed8372db700f5967709fcd4cced5c1184689c3b849d2659ecd3327e5095bc8a,2411e00e1be2fab329ed059f3273481efdbccc998b7b52af7232ad7c48cddc6b,1.7077,0.0,1.7077,0.0006,0.0,0.0006
synthetic_high_dense,GraphSAGE,edge_sparsification,"{""rate"": 0.2}",5000,0.7998,0.04,0.0,1.0,1.0,1.0,0.0029,0.0271,0.0014,0.0088,0.0015,0.6332,0.4696,0.0119,0.0952,0.2344,0.6089,0.5801,0.0,0.0,0.1768,0.6206,0.5193,0.0166,0.0884,0.2044,,,,,,,0.004,,,,,0.0,none,fe91a11eebcd4752812b68a0a07c4387e04ff6ee0b4d896a033c13ba1bba69df,3d29dd202653493309c5566a91e2bc9b61f64627699f4d824251b73250ebbf9e,1.7624,0.0,1.7624,0.0002,0.0,0.0002
synthetic_high_dense,GraphSAGE,edge_sparsification,"{""rate"": 0.2}",7777,0.7998,0.04,0.0,1.0,1.0,1.0,0.0006,0.0039,0.0024,0.0144,-0.0018,0.6365,0.4663,0.0211,0.0947,0.2402,0.6169,0.5702,0.0,0.0,0.1966,0.6148,0.5758,0.0169,0.0674,0.1966,,,,,,,0.0017,,,,,0.0,none,ecedfc3e1663c702fa2e675c4b6675b0dc138d702f422e16b62133eb782990a4,78cec69d207de0cdc94c79e99dc258ccd394353e5848968a7810757c7d064b21,1.8716,0.0,1.8716,0.0,0.0,0.0
synthetic_high_dense,GraphSAGE,edge_sparsification,"{""rate"": 0.2}",9999,0.7998,0.04,0.0,1.0,1.0,1.0,0.0001,0.0004,0.0005,0.0034,-0.0004,0.6113,0.5376,0.0,0.0323,0.2366,0.5677,0.5,0.0,0.0,0.1452,0.5806,0.5188,0.0108,0.0645,0.1452,,,,,,,0.0003,,,,,0.0,none,df32281147b9830a96c757ab3d1fd61f9e2dfe25bf4032d12d7216dacc4db861,294dc902f94d0f033735d6b02fdb97b7aeb9024725f33b10a79b75be16bdbcbe,1.7348,0.0,1.7348,0.0001,0.0,0.0001
synthetic_high_dense,GraphSAGE,epsd_tuned,"{""lambda_epsd"": 1.0}",42,0.7998,0.04,0.0,1.0,1.0,1.0,0.0,0.0001,0.004,0.0561,-0.004,0.6046,0.4656,0.0227,0.0227,0.2256,0.6065,0.5,0.0,0.0,0.2011,0.612,0.5265,0.0106,0.0476,0.2063,,,,,,,0.0018,,,,,1.0,none,ed525a5e0ce5dcdbe197613daceb375d29a9c74894f45dc4186d1afdf9247bbd,6d982e383e5b84a9fd752d642987f1c7ec3e432f432ac43a2fe2656206f6b924,1.6971,0.1098,1.8069,0.0,0.0001,0.0001
synthetic_high_dense,GraphSAGE,epsd_tuned,"{""lambda_epsd"": 1.0}",123,0.7998,0.04,0.0,1.0,1.0,1.0,0.0,0.0001,0.0007,0.0073,-0.0007,0.5826,0.4974,0.0,0.0213,0.1646,0.5901,0.5,0.0,0.0,0.164,0.5811,0.5238,0.0,0.0212,0.1746,,,,,,,0.0005,,,,,1.0,none,2d833db52ad6a595ce894ea457a8a88938706b8f5572719a064bc26ed0bebf15,1551bb123d1af88a0f691e6f6825074affde40469f03319aad3c2f88da962e39,1.7891,0.1004,1.8895,0.0001,0.0002,0.0003
synthetic_high_dense,GraphSAGE,epsd_tuned,"{""lambda_epsd"": 1.0}",456,0.7998,0.04,0.0,1.0,1.0,1.0,0.0,0.0002,0.0018,0.0242,-0.0017,0.5854,0.4974,0.0,0.0947,0.1713,0.5226,0.5,0.0,0.0,0.1005,0.5286,0.5,0.0,0.0688,0.1058,,,,,,,0.0001,,,,,1.0,none,41eb93a8d2c241eecd37204c80a38cedfb135a42648ce953290d28c623b147ca,8056be3c7f2f05fae4169685564dc906d99d63de9d5ec7f5565c4426ec8a8d6d,1.7697,0.1133,1.883,0.0,0.0003,0.0003
synthetic_high_dense,GraphSAGE,epsd_tuned,"{""lambda_epsd"": 1.0}",789,0.7998,0.04,0.0,1.0,1.0,1.0,0.0,0.0001,0.0091,0.126,-0.009,0.5,0.5,0.0,0.0,0.0,0.4982,0.5,0.0,0.0,0.0479,0.4879,0.5053,0.0053,0.0638,0.0479,,,,,,,0.0002,,,,,1.0,none,d86852045b7adcd586fb49313de3cfb2f35303d1ce1bfa6dfce3f4d77da68c1a,9c959f4fa248d51d896203d6d4916eb1665874b2a67d2ead6a0da588e969cd45,1.8028,0.1168,1.9196,0.0,0.0002,0.0002
synthetic_high_dense,GraphSAGE,epsd_tuned,"{""lambda_epsd"": 1.0}",1024,0.7998,0.04,0.0,1.0,1.0,1.0,0.0,0.0001,0.0006,0.0071,-0.0006,0.5,0.5,0.0,0.0,0.0,0.5201,0.5,0.0,0.0,0.1011,0.5082,0.5133,0.0053,0.0319,0.1011,,,,,,,0.0,,,,,1.0,none,eb7bade9ca42e337462484f33f0ec8c37cfbf992c98be48735952285d03cc158,b39b3ee70c851027482cedcee38a21a00521ac80b6d9a94fbb16a4874746052e,1.8589,0.1192,1.9781,0.0,0.0001,0.0001
synthetic_high_dense,GraphSAGE,epsd_tuned,"{""lambda_epsd"": 1.0}",2024,0.7998,0.04,0.0,1.0,1.0,1.0,0.0,0.0001,0.0005,0.0059,-0.0005,0.547,0.4944,0.0225,0.0449,0.1088,0.5383,0.5,0.0,0.0,0.0889,0.5547,0.5056,0.0278,0.0667,0.1,,,,,,,0.0,,,,,1.0,none,a39a04c40dab17343413365b79c010f2b102d7d617c6993fc2bd4a6b1a5375b8,e4aa9742805c6c60ece19d91f8e0d7c3115c52a1ffdd2b77eb6a24cd33fd85f5,1.8115,0.0997,1.9111,0.0,0.0002,0.0002
synthetic_high_dense,GraphSAGE,epsd_tuned,"{""lambda_epsd"": 1.0}",3141,0.7998,0.04,0.0,1.0,1.0,1.0,0.0003,0.0022,0.0003,0.0022,0.0,0.5202,0.4556,0.0,0.0732,0.0988,0.4971,0.4667,0.0,0.0,0.0944,0.5023,0.5083,0.0056,0.0556,0.0944,,,,,,,0.0,,,,,1.0,none,9c7ff23310e9bcfc420761facc98ccf1e35eaeb12c95d5e713d7f008aa78d85f,c0d0cfec557384a4fcd1c4251bb63fc54c28ff84022eaea77bad21587228390a,1.6783,0.1303,1.8086,0.0001,0.001,0.0011
synthetic_high_dense,GraphSAGE,epsd_tuned,"{""lambda_epsd"": 1.0}",5000,0.7998,0.04,0.0,1.0,1.0,1.0,0.0001,0.0007,0.0006,0.0055,-0.0005,0.5587,0.4641,0.0,0.1071,0.1433,0.5617,0.547,0.0,0.0,0.105,0.5667,0.5166,0.0,0.0939,0.1215,,,,,,,0.0002,,,,,1.0,none,a9e25c8fcb84540c6ab06de7322ab7d0b3d9a491937faf31014c71e12f6df311,a486a303372e3f80a48a11592778dbb2ab5ce2a0f00ad5a4aa798546d98fd709,1.7433,0.1332,1.8765,0.0001,0.0003,0.0004
synthetic_high_dense,GraphSAGE,epsd_tuned,"{""lambda_epsd"": 1.0}",7777,0.7998,0.04,0.0,1.0,1.0,1.0,0.0001,0.0004,0.0011,0.0135,-0.001,0.6034,0.4663,0.0,0.0947,0.2146,0.5813,0.5506,0.0,0.0,0.1292,0.5844,0.5309,0.0225,0.073,0.1461,,,,,,,0.0001,,,,,1.0,none,1216a20c05b33ba07ba9317b1c2ac7d9c19e62a6c21a34b35ed7db096ce95b9f,bae32ab07e4293b0b3dfa866d299b63d2e8e04fcec9b055d526f987d20621528,1.9119,0.1365,2.0484,0.0,0.0001,0.0002
synthetic_high_dense,GraphSAGE,epsd_tuned,"{""lambda_epsd"": 1.0}",9999,0.7998,0.04,0.0,1.0,1.0,1.0,0.0,0.0001,0.0003,0.0024,-0.0003,0.5804,0.5108,0.0215,0.0538,0.1828,0.5617,0.5,0.0,0.0,0.1183,0.5696,0.5108,0.0215,0.1237,0.1344,,,,,,,0.0,,,,,1.0,none,8a8fb84663132e894d03bcf8f11820c21d72ce4231f6d7fab5a82fd33c323ffc,85cac9cb731df81864263c76cb27e75c9ee535d3b5b030d38ee9afcba7d73c84,1.6527,0.1472,1.7999,0.0,0.0001,0.0001
synthetic_low_sparse,LogReg,none,{},42,0.2982,0.005,0.0021,0.69,0.6872,0.9291,,,,,,0.7085,0.7273,0.0233,0.0465,0.523,0.7134,0.6203,0.0321,0.0642,0.5187,0.7516,0.7487,0.0535,0.1283,0.5348,,,,,,,0.1627,,,,,0.0,none,N/A,d88540410b9d9ca820ef75c9eb50541480fe043794265c22ea31e9d6bef46f58,,,,,,
synthetic_low_sparse,LogReg,none,{},123,0.2982,0.005,0.0026,0.69,0.6859,0.9177,,,,,,0.6638,0.6813,0.0114,0.0455,0.4035,0.6772,0.6044,0.0055,0.044,0.4396,0.7732,0.7225,0.0385,0.2418,0.4725,,,,,,,0.1821,,,,,0.0,none,N/A,0a5aff27825452c3667301bddefce792cbb37e9d15e628c799588192c7ed5b25,,,,,,
synthetic_low_sparse,LogReg,none,{},456,0.2982,0.005,0.002,0.705,0.7016,0.936,,,,,,0.6983,0.672,0.0211,0.0947,0.4791,0.6546,0.5926,0.0106,0.0582,0.418,0.7561,0.6984,0.037,0.1323,0.4127,,,,,,,0.1728,,,,,0.0,none,N/A,a41e49956a3705ee5b7b2a2df816917cf71cdb4fc123a44d40a00a8b2a0f11d3,,,,,,
synthetic_low_sparse,LogReg,none,{},789,0.2982,0.005,0.0026,0.73,0.7284,0.9432,,,,,,0.57,0.6484,0.0,0.0111,0.337,0.5742,0.5275,0.0,0.011,0.3462,0.7181,0.6593,0.0165,0.1264,0.3462,,,,,,,0.1783,,,,,0.0,none,N/A,86c8ae215b490adf328db95d21b5f83a41a1126f54df1743b4daad948409adff,,,,,,
synthetic_low_sparse,LogReg,none,{},1024,0.2982,0.005,0.0033,0.815,0.8144,0.9564,,,,,,0.5637,0.6216,0.0,0.043,0.2618,0.5734,0.5135,0.0,0.0595,0.2757,0.7011,0.6243,0.0108,0.0919,0.3135,,,,,,,0.0838,,,,,0.0,none,N/A,e334a8eebd50e65b26a67d7d2a054ef363f351f0e555bc42e6af8e7b72a1595d,,,,,,
synthetic_low_sparse,LogReg,none,{},2024,0.2982,0.005,0.0035,0.67,0.6644,0.9163,,,,,,0.6295,0.6989,0.0,0.0345,0.4259,0.6414,0.5739,0.0114,0.0398,0.4261,0.807,0.7045,0.0625,0.2614,0.483,,,,,,,0.2034,,,,,0.0,none,N/A,e876327b9e95f82f8c7fd21712f2d5e16ccbdad80aeb01d660e2e115e1a21153,,,,,,
synthetic_low_sparse,LogReg,none,{},3141,0.2982,0.005,0.0022,0.79,0.7888,0.9602,,,,,,0.669,0.6556,0.0122,0.122,0.3736,0.6395,0.5722,0.0056,0.1056,0.3556,0.6319,0.675,0.0,0.1056,0.3611,,,,,,,0.0765,,,,,0.0,none,N/A,afdb60ac69149c23eb81120ed4de16639f4e4699c6f6712ac61d9c08d2efdd80,,,,,,
synthetic_low_sparse,LogReg,none,{},5000,0.2982,0.005,0.0019,0.775,0.7723,0.9559,,,,,,0.6926,0.6828,0.0353,0.0824,0.4338,0.7043,0.6129,0.0323,0.0968,0.4355,0.7048,0.6801,0.0161,0.0914,0.3871,,,,,,,0.0822,,,,,0.0,none,N/A,3c3e905882c5334dfcbeb18defe2c0ab962deb2303a386f23dafb298156988bc,,,,,,
synthetic_low_sparse,LogReg,none,{},7777,0.2982,0.005,0.0028,0.72,0.7157,0.9189,,,,,,0.653,0.6757,0.0,0.117,0.386,0.6228,0.5514,0.0162,0.0541,0.3946,0.7381,0.7027,0.0486,0.1676,0.4054,,,,,,,0.1561,,,,,0.0,none,N/A,202351ae9f46d3ca1a833e79b79719101ad1fadfe147569f3cc3b5ce790b51e6,,,,,,
synthetic_low_sparse,LogReg,none,{},9999,0.2982,0.005,0.0021,0.79,0.7823,0.9525,,,,,,0.5977,0.625,0.0235,0.0471,0.3054,0.6073,0.5227,0.0227,0.0625,0.3295,0.6929,0.6364,0.017,0.1534,0.2955,,,,,,,0.1014,,,,,0.0,none,N/A,c8b0ace8e7c9b77a9f5940faa9056646fb21c968b1c1912c774f70b84c46d098,,,,,,
synthetic_low_sparse,MLP,none,{},42,0.2982,0.005,0.0457,0.69,0.6872,0.9038,,,,,,0.8126,0.7487,0.0581,0.093,0.6121,0.8282,0.7647,0.0321,0.139,0.6471,0.8271,0.8155,0.0321,0.139,0.6364,,,,,,,0.1541,,,,,0.0,none,N/A,a4247f1efe6e2400bcf2758956ca24ee6903723d5d4f345f5ed68ef8db9a0ea4,,,,,,
synthetic_low_sparse,MLP,none,{},123,0.2982,0.005,0.0479,0.685,0.6759,0.9158,,,,,,0.8451,0.8242,0.0114,0.1023,0.7014,0.8311,0.7637,0.0165,0.0934,0.6813,0.8311,0.8324,0.0165,0.0934,0.6758,,,,,,,0.1435,,,,,0.0,none,N/A,32e7bf086b9ae74e1ca3838f1125d06ef95d0e5ba67be214bad52e661281bb7d,,,,,,
synthetic_low_sparse,MLP,none,{},456,0.2982,0.005,0.063,0.7,0.6957,0.9106,,,,,,0.8166,0.8307,0.0105,0.0842,0.6597,0.7944,0.7249,0.0265,0.0794,0.6296,0.7941,0.8016,0.0265,0.0794,0.6243,,,,,,,0.1572,,,,,0.0,none,N/A,3b7de758c5149612c05addb2384da9385a73dcecc0cd7d6462c5c59ebc408ae6,,,,,,
synthetic_low_sparse,MLP,none,{},789,0.2982,0.005,0.0487,0.73,0.729,0.9415,,,,,,0.744,0.7637,0.0111,0.1111,0.5862,0.738,0.6758,0.0055,0.0549,0.5604,0.7367,0.7637,0.0055,0.0549,0.544,,,,,,,0.1384,,,,,0.0,none,N/A,60486f5d3e73a52d1403a764b85169209f58e841d9df6c1f6b43b47896c458f0,,,,,,
synthetic_low_sparse,MLP,none,{},1024,0.2982,0.005,0.0467,0.74,0.7374,0.9397,,,,,,0.7709,0.7622,0.0,0.1183,0.5552,0.7864,0.6973,0.0216,0.1027,0.5946,0.7848,0.7865,0.0216,0.1027,0.5892,,,,,,,0.1008,,,,,0.0,none,N/A,7985dd75c908e365ea3435f603bd65995db4026139f076a6888f7900d7898b1c,,,,,,
synthetic_low_sparse,MLP,none,{},2024,0.2982,0.005,0.0468,0.705,0.6993,0.9048,,,,,,0.7824,0.7727,0.0,0.069,0.5947,0.8059,0.7557,0.0057,0.0227,0.608,0.8042,0.7869,0.0057,0.0227,0.6023,,,,,,,0.1615,,,,,0.0,none,N/A,194258b1052f1518a307dd31b6ce13512a59649402e744af8d85c08e1ace02e4,,,,,,
synthetic_low_sparse,MLP,none,{},3141,0.2982,0.005,0.05,0.765,0.7628,0.9536,,,,,,0.8364,0.7778,0.0732,0.1585,0.6879,0.7899,0.7111,0.0111,0.0556,0.6056,0.7885,0.7861,0.0111,0.0556,0.6056,,,,,,,0.0859,,,,,0.0,none,N/A,b88b5cee6f4f64cfc3e71e359e9022b000dbe9d555bca653f1552bf6d2de6d13,,,,,,
synthetic_low_sparse,MLP,none,{},5000,0.2982,0.005,0.0455,0.795,0.7947,0.9483,,,,,,0.8349,0.7849,0.0824,0.1412,0.6497,0.8427,0.7634,0.0215,0.1613,0.6505,0.8418,0.8172,0.0215,0.1452,0.6559,,,,,,,0.0703,,,,,0.0,none,N/A,e12d07f80cacfd3f893120a7199e46b658395a9d8252c74f39423c135c00626c,,,,,,
synthetic_low_sparse,MLP,none,{},7777,0.2982,0.005,0.0464,0.7,0.6992,0.9137,,,,,,0.828,0.8054,0.0106,0.0532,0.6707,0.8289,0.7784,0.0108,0.0649,0.7027,0.8272,0.8324,0.0108,0.0649,0.6919,,,,,,,0.122,,,,,0.0,none,N/A,bc1671c48f0e04a59c6518d3010aa6b3587b59e577df1eb9545c5b03339af9c0,,,,,,
synthetic_low_sparse,MLP,none,{},9999,0.2982,0.005,0.045,0.75,0.7371,0.9476,,,,,,0.7778,0.7273,0.0,0.0824,0.5377,0.7669,0.6761,0.0227,0.0966,0.5455,0.7648,0.7443,0.0227,0.0966,0.5341,,,,,,,0.1167,,,,,0.0,none,N/A,71c4365df5b25de21c667684a99416144e7bc4845a622bfd4cccaf320d09ab35,,,,,,
synthetic_low_sparse,GCN,none,{},42,0.2982,0.005,0.0,0.465,0.4619,0.792,0.4609,0.6492,0.2829,0.5444,0.1779,0.7745,0.7433,0.0,0.093,0.5906,0.7754,0.6791,0.0,0.1283,0.5187,0.7844,0.7406,0.0214,0.1711,0.5134,,,,,,,0.3397,,,,,0.0,none,f04aa44d90e46262e03a6f756f212b5b332e01b28134056695c07d54f03e2e9e,d5b8b466337d8bf5a19d26fdea118f7fad1dc777d7cd600145e075068d0e9852,1.9925,0.0,1.9925,0.2723,0.0,0.2723
synthetic_low_sparse,GCN,none,{},123,0.2982,0.005,0.0,0.52,0.5232,0.8078,0.4788,0.667,0.2581,0.4695,0.2207,0.7275,0.7033,0.0568,0.1364,0.4545,0.7539,0.6593,0.0,0.1648,0.4615,0.7329,0.728,0.0,0.0495,0.4615,,,,,,,0.3192,,,,,0.0,none,2b0f93a8b0cd9a617d6775187997239aa1862ea8651fe5fef48419a3ed541a4e,ce366bea29238f9ff5c73778f7354af2b43f19d9471b299dbf7b11b99c2736f7,1.7615,0.0,1.7615,0.2026,0.0,0.2026
synthetic_low_sparse,GCN,none,{},456,0.2982,0.005,0.0,0.515,0.513,0.7961,0.4523,0.6366,0.2721,0.4881,0.1802,0.787,0.7249,0.0632,0.1684,0.4795,0.7808,0.7037,0.0582,0.1534,0.4921,0.7762,0.7354,0.0106,0.0847,0.4815,,,,,,,0.2648,,,,,0.0,none,ab47c1608fedc9a46ec7a6d0a9c948127b0830bc9557b758fb6b2f7e1cd849b8,215faaa3dcde6aba379a50253c598e2d3553aa418e3b50d80dfeb431b3cafeb1,2.1455,0.0,2.1455,0.2362,0.0,0.2362
synthetic_low_sparse,GCN,none,{},789,0.2982,0.005,0.0,0.5,0.4996,0.8073,0.4047,0.6099,0.2922,0.5009,0.1125,0.6906,0.6593,0.0333,0.0778,0.4447,0.7092,0.6154,0.011,0.1044,0.456,0.7244,0.7033,0.0055,0.1648,0.4451,,,,,,,0.3068,,,,,0.0,none,68290fbd19743676c8a1f405faf6c0a81df7ee206775652b0cac012d3bad777b,bd8921fd3f9d2c4470d50d38613cf1a72355e20c36bbe8b3d7cfbc2d201c70cc,2.2263,0.0,2.2263,0.3572,0.0,0.3572
synthetic_low_sparse,GCN,none,{},1024,0.2982,0.005,0.0,0.535,0.5279,0.8205,0.4004,0.5979,0.2532,0.4572,0.1472,0.7485,0.6865,0.0538,0.2473,0.4142,0.7106,0.6432,0.027,0.1135,0.4378,0.7442,0.7135,0.0486,0.1459,0.427,,,,,,,0.2727,,,,,0.0,none,941375fac405d5cf43ab4b7a42718e1acbf126f581d335f90b45daf822235de4,de40bc82e8be1b6b89197c409748d74932f6ed0e56343d5e169c1a61c3b3110b,1.9393,0.0,1.9393,0.2809,0.0,0.2809
synthetic_low_sparse,GCN,none,{},2024,0.2982,0.005,0.0,0.45,0.4483,0.7895,0.4381,0.6395,0.2428,0.456,0.1953,0.7958,0.7216,0.023,0.1034,0.5608,0.7796,0.7045,0.0284,0.0909,0.5114,0.7785,0.7386,0.017,0.0682,0.517,,,,,,,0.3733,,,,,0.0,none,2e3ab10aa2ad5d0ed6fd5e6237ff3a160944abcaaffef217f9500f7112536292,aa16b8f57309ae0f27274f2ade1b038433759f355fb09dab3633085da78e3950,2.0235,0.0,2.0235,0.2561,0.0,0.2561
synthetic_low_sparse,GCN,none,{},3141,0.2982,0.005,0.0,0.51,0.5022,0.8117,0.4418,0.6199,0.2838,0.5269,0.1581,0.7545,0.7056,0.0366,0.0854,0.4965,0.7709,0.7056,0.0611,0.15,0.4722,0.7695,0.7278,0.0278,0.1111,0.4889,,,,,,,0.2841,,,,,0.0,none,f1a8a94a5eb4e32c666e6c82e87da63afd52f812d0644224d5909323035cd35f,1da5fe372159a96f622e920c6102cfa8730133e10ab5ed03b9e4eab140c9f557,2.1908,0.0,2.1908,0.3303,0.0,0.3303
synthetic_low_sparse,GCN,none,{},5000,0.2982,0.005,0.0,0.575,0.5763,0.851,0.5263,0.7421,0.3308,0.5756,0.1955,0.6978,0.6882,0.0353,0.0706,0.4579,0.7096,0.6452,0.0645,0.1075,0.4301,0.6935,0.7016,0.0108,0.0269,0.4247,,,,,,,0.2313,,,,,0.0,none,61b9f87e24b0c09eabdbe4fe62ae093f6546ce91040939421ce267e437daff5e,2289b55dd675b6066f3f058c292852fdb672c01daa9c8a0cd4c9e15c96941f21,1.9266,0.0,1.9266,0.2867,0.0,0.2867
synthetic_low_sparse,GCN,none,{},7777,0.2982,0.005,0.0,0.475,0.4537,0.7787,0.4505,0.6412,0.2812,0.4754,0.1693,0.7973,0.773,0.0106,0.1064,0.5646,0.7914,0.7243,0.0378,0.1622,0.5351,0.7873,0.7676,0.0,0.1081,0.5405,,,,,,,0.3074,,,,,0.0,none,ea459df6d006c406d25ed17ba1aa7438755819b9134f89c566d2621632a5cac0,bc00ee3ebf907c138fd73fac4468bf507b928336f4719bed8ce2b905950e54f1,1.9547,0.0,1.9547,0.291,0.0,0.291
synthetic_low_sparse,GCN,none,{},9999,0.2982,0.005,0.0,0.5,0.4994,0.8231,0.3778,0.5335,0.3146,0.5318,0.0632,0.6942,0.7045,0.0588,0.0588,0.4584,0.7146,0.6477,0.0,0.0568,0.4773,0.7145,0.6761,0.0114,0.0568,0.4716,,,,,,,0.2817,,,,,0.0,none,9a7b35fb66adca00dad5e5d355e6d71eaf9b85ee2506aaaadb01f88c8c648b64,537beb7c7f580fb725282fcfd6a1b4379c8d4f2c3f14780320c5da143945c529,2.0444,0.0,2.0444,0.3384,0.0,0.3384
synthetic_low_sparse,GCN,dropedge,"{""rate"": 0.3}",42,0.2982,0.005,0.0,0.435,0.427,0.7707,0.2762,0.4906,0.1843,0.3816,0.0919,0.7522,0.6898,0.0465,0.093,0.4877,0.7796,0.7059,0.0428,0.1444,0.4866,0.7784,0.7219,0.0428,0.139,0.4866,,,,,,,0.2048,,,,,0.0,none,ce6508885fad6aea17b40cb3e948d9942273ea22ba769635736906e253b09697,5020bc492d68139b6824707b678ade1f6eff1c2133f3e95bfe028e91a2c825c7,2.2292,0.0,2.2292,0.6552,0.0,0.6552
synthetic_low_sparse,GCN,dropedge,"{""rate"": 0.3}",123,0.2982,0.005,0.0,0.495,0.496,0.7846,0.3561,0.5705,0.1781,0.3938,0.178,0.7535,0.6703,0.0341,0.1932,0.4538,0.7685,0.6868,0.0165,0.1978,0.4396,0.7516,0.6951,0.0165,0.0879,0.4396,,,,,,,0.1789,,,,,0.0,none,5db8a65ac9c2c914b647e7ecf64ab94885668a72cbc5d9223c949d6d7a32b4c8,a43978f63f8a4df89be144f5a364cf997917f99918e86d4908ed4e3e092693ce,2.0241,0.0,2.0241,0.5202,0.0,0.5202
synthetic_low_sparse,GCN,dropedge,"{""rate"": 0.3}",456,0.2982,0.005,0.0,0.495,0.4931,0.7761,0.3141,0.5305,0.1655,0.3381,0.1486,0.7972,0.7302,0.0316,0.2105,0.482,0.7874,0.7037,0.0688,0.2593,0.4392,0.7822,0.6958,0.0688,0.254,0.4392,,,,,,,0.1303,,,,,0.0,none,575d2b1066ad99f596c23a4cc219e51727072971a6d3a2503cbd3f6fa0bd3a2f,b1772e6365c843c2fd5e1c0fde39e41fe291f86c5af1e875e94d38c93980b8d1,2.3457,0.0,2.3457,0.606,0.0,0.606
synthetic_low_sparse,GCN,dropedge,"{""rate"": 0.3}",789,0.2982,0.005,0.0,0.52,0.5211,0.7972,0.2812,0.5133,0.1839,0.3703,0.0973,0.7143,0.6264,0.0333,0.0889,0.3913,0.7201,0.6374,0.0495,0.1429,0.3736,0.7166,0.6676,0.0165,0.1374,0.3571,,,,,,,0.1159,,,,,0.0,none,e369d240cf8359380bde09bed0fbd4a6e2da2f5565866859d467dd21c529fda8,04c43556af820f00b04843560eced96fd84c1b279190fa25f5d62e9c0c08d746,2.4335,0.0,2.4335,0.6391,0.0,0.6391
synthetic_low_sparse,GCN,dropedge,"{""rate"": 0.3}",1024,0.2982,0.005,0.0,0.51,0.503,0.7937,0.2694,0.495,0.1707,0.3502,0.0987,0.7301,0.6757,0.043,0.1398,0.4056,0.7247,0.6595,0.1027,0.1568,0.3838,0.7198,0.6811,0.0054,0.0703,0.3892,,,,,,,0.1354,,,,,0.0,none,b4f63c80d78fbaa66df3fca47ed189392113b18782c35b31d0dcfd87c4c66f16,af7d7c64d6e1fd6a8bd2c4ab876e294ab0bdf46fe18851afc1d12a4e136f0435,2.1945,0.0,2.1945,0.7087,0.0,0.7087
synthetic_low_sparse,GCN,dropedge,"{""rate"": 0.3}",2024,0.2982,0.005,0.0,0.44,0.4361,0.7728,0.3322,0.5607,0.1536,0.3405,0.1786,0.7727,0.7102,0.023,0.1954,0.4359,0.7649,0.6761,0.0455,0.1761,0.4318,0.7648,0.6932,0.0284,0.1875,0.4261,,,,,,,0.2064,,,,,0.0,none,39f74f3fc4cf13e6b56145e846891c45fb0b384116ae1656455d1b3a3ac08293,481be45238fe81f1abe173a175d16ed91c391b719d95b68d5e933d0d2585e1e8,2.2978,0.0,2.2978,0.6795,0.0,0.6795
synthetic_low_sparse,GCN,dropedge,"{""rate"": 0.3}",3141,0.2982,0.005,0.0,0.495,0.4906,0.7965,0.3107,0.5266,0.1723,0.371,0.1384,0.7464,0.6611,0.0244,0.1463,0.4477,0.761,0.6889,0.0444,0.1778,0.4333,0.7593,0.7167,0.0333,0.15,0.4444,,,,,,,0.1464,,,,,0.0,none,0433b798a1a5545317f2f8ec76665f9efee119c7fd24d8bb07c6ceff9cd597ee,2150c76b95fe032c9e7f4be8208e91c32005fe9930262475b1907498ef45e4f8,2.4177,0.0,2.4177,0.6245,0.0,0.6245
synthetic_low_sparse,GCN,dropedge,"{""rate"": 0.3}",5000,0.2982,0.005,0.0,0.495,0.4975,0.8162,0.2462,0.4736,0.1778,0.3657,0.0684,0.7356,0.6828,0.0588,0.0941,0.4467,0.7268,0.6344,0.0806,0.1129,0.4086,0.7113,0.6801,0.0054,0.0538,0.4032,,,,,,,0.1159,,,,,0.0,none,912c9124ca64c66a092253b26cf5b796d1c02cfa8bb6082148990896671f6a15,5c94abaaef4d4db4779bb0e7db2b2e464f50aa5c17596add19c11481a30eac48,1.9692,0.0,1.9692,0.6916,0.0,0.6916
synthetic_low_sparse,GCN,dropedge,"{""rate"": 0.3}",7777,0.2982,0.005,0.0,0.47,0.4525,0.7722,0.2975,0.5291,0.1802,0.3646,0.1173,0.7799,0.6919,0.0213,0.1809,0.4849,0.7758,0.6811,0.0378,0.2,0.4595,0.7734,0.7243,0.0108,0.2054,0.4595,,,,,,,0.149,,,,,0.0,none,b1da1db814f375a016f29a66e434ae301215d336a731ffb6745a00e3e48eaa4b,f13336ed0ef3139b8a291873781d345b9014cd0ef7c5735ccdcf7184d93dc7b9,2.2732,0.0,2.2732,0.6935,0.0,0.6935
synthetic_low_sparse,GCN,dropedge,"{""rate"": 0.3}",9999,0.2982,0.005,0.0,0.455,0.4545,0.8048,0.2266,0.4567,0.1936,0.3975,0.033,0.6975,0.6818,0.0,0.0588,0.4114,0.7091,0.6364,0.0057,0.0909,0.4034,0.7136,0.6648,0.0227,0.0795,0.392,,,,,,,0.1312,,,,,0.0,none,37764e0fb0f8facd3c18829f4900dbf1cb8b81fce57664d9507bac03d65c22e9,f054b0b83eb38a74b10821aa14ded7c4ee5576be82a9422c00989c1f9aeb2b24,2.2868,0.0,2.2868,0.7146,0.0,0.7146
synthetic_low_sparse,GCN,label_smoothing,"{""alpha"": 0.1}",42,0.2982,0.005,0.0,0.445,0.4426,0.7852,0.3325,0.4933,0.2104,0.4105,0.1221,0.7858,0.7326,0.0,0.093,0.6005,0.7926,0.7166,0.0,0.123,0.5508,0.7981,0.7513,0.016,0.1658,0.5187,,,,,,,0.2294,,,,,0.0,none,cf44489dec44c51b01391a479994a8c34eed0873a42bb16c7a88f9ea5584d6b5,f3b27be2c40870925020ad8fdcea6c128e80051dfcbe2dc9882a0fc615875d78,1.993,0.0,1.993,0.6867,0.0,0.6867
synthetic_low_sparse,GCN,label_smoothing,"{""alpha"": 0.1}",123,0.2982,0.005,0.0,0.515,0.5193,0.8012,0.3743,0.5429,0.1851,0.391,0.1892,0.7536,0.6978,0.0227,0.125,0.4886,0.7696,0.6758,0.0,0.1154,0.511,0.7634,0.739,0.0165,0.1044,0.5,,,,,,,0.1814,,,,,0.0,none,4f398f1a17a01f6555a100a4ad3de12370c95a11dfb57908c55328685b025290,7ab9fae04576c55b3aaef6a626295b9037a9045db33803d005996e9c42a19345,1.7823,0.0,1.7823,0.6389,0.0,0.6389
synthetic_low_sparse,GCN,label_smoothing,"{""alpha"": 0.1}",456,0.2982,0.005,0.0,0.49,0.4874,0.785,0.3426,0.5242,0.1809,0.3629,0.1617,0.8008,0.7302,0.0211,0.1895,0.5009,0.7948,0.709,0.0265,0.1534,0.5132,0.7877,0.746,0.0529,0.1534,0.4974,,,,,,,0.1673,,,,,0.0,none,3d4f99a39a810cc2ce85db0a60ec764e94496dfb096449d6b32c531e5e122e5e,2db808231e9338f12c186ec51efc0ed2aef6602ecff360ca559d3a572b7abc22,2.135,0.0,2.135,0.6624,0.0,0.6624
synthetic_low_sparse,GCN,label_smoothing,"{""alpha"": 0.1}",789,0.2982,0.005,0.0,0.525,0.5241,0.8027,0.3233,0.5191,0.2243,0.4196,0.099,0.7039,0.6538,0.0,0.0667,0.456,0.7252,0.6429,0.0,0.0495,0.4615,0.742,0.6978,0.0275,0.1374,0.4231,,,,,,,0.1624,,,,,0.0,none,4aa61a10da73661cdb149beb31c48e94e1cd53fd2dc76cde8f766888dccc075a,befe6e53bcbbb210d6aa899a471ddebf7ef20d6b440a072769be37ac8b26a170,2.2175,0.0,2.2175,0.7288,0.0,0.7288
synthetic_low_sparse,GCN,label_smoothing,"{""alpha"": 0.1}",1024,0.2982,0.005,0.0,0.5,0.4956,0.8017,0.3077,0.4928,0.2001,0.3934,0.1076,0.8186,0.6919,0.0108,0.3978,0.5034,0.7331,0.6703,0.0,0.0919,0.4595,0.7836,0.7135,0.0432,0.1568,0.4486,,,,,,,0.2004,,,,,0.0,none,3920abfb81fee42e0814b74974d31950f751e903f6431e97d219fac599e70858,59bd75d1bc2723e17a4c77074a06fbfeb54f9821879947f09eb8c9c3e2f403df,1.956,0.0,1.956,0.6846,0.0,0.6846
synthetic_low_sparse,GCN,label_smoothing,"{""alpha"": 0.1}",2024,0.2982,0.005,0.0,0.43,0.4285,0.7886,0.3614,0.5574,0.1797,0.3604,0.1817,0.8047,0.7216,0.0115,0.1264,0.5495,0.7888,0.7045,0.0227,0.1534,0.5057,0.792,0.7443,0.0682,0.125,0.5284,,,,,,,0.2597,,,,,0.0,none,78d48b385e31de6ca6464b3b43738579856799c0bfce1815ea3ba24bc95ca807,bf74396b51d1b252c3b673726a9bc4a1fcc27d42f695a7172375412df7f87695,2.0216,0.0,2.0216,0.6843,0.0,0.6843
synthetic_low_sparse,GCN,label_smoothing,"{""alpha"": 0.1}",3141,0.2982,0.005,0.0,0.505,0.4993,0.8037,0.3528,0.5368,0.2084,0.4136,0.1443,0.7598,0.7389,0.0244,0.1098,0.5391,0.7743,0.7056,0.0389,0.15,0.5278,0.7754,0.7639,0.0056,0.1333,0.5333,,,,,,,0.1962,,,,,0.0,none,46387930f2c19880fce6d4f8c48287d2f3aa09b0c0a7894fcaccdc08ad4e2477,ce304bff10d6a67a7e75187056e440ca76008a330fbfd356cb36e760c6ad243f,2.1892,0.0,2.1892,0.7308,0.0,0.7308
synthetic_low_sparse,GCN,label_smoothing,"{""alpha"": 0.1}",5000,0.2982,0.005,0.0,0.555,0.5551,0.8413,0.3366,0.4983,0.2366,0.4402,0.1,0.7175,0.6989,0.0118,0.1529,0.4913,0.7224,0.6613,0.0215,0.0753,0.4516,0.7394,0.7097,0.0,0.0806,0.4409,,,,,,,0.1471,,,,,0.0,none,6f8faa1bc9d4169611fe5176eecb223a4f231f20992538e5a48e4ec07e340dd5,03f3acdbc3f8f12b69fd383ccbedffcae22b9565f0f85f4432e0abab0b9410c0,1.9398,0.0,1.9398,0.7074,0.0,0.7074
synthetic_low_sparse,GCN,label_smoothing,"{""alpha"": 0.1}",7777,0.2982,0.005,0.0,0.455,0.4362,0.7769,0.348,0.5323,0.2045,0.3838,0.1435,0.8085,0.7622,0.0319,0.1596,0.5838,0.803,0.7243,0.0108,0.1405,0.5622,0.8158,0.773,0.0108,0.1676,0.5622,,,,,,,0.1981,,,,,0.0,none,968aa67c1fb2f8e454f94d894c8f4537b51327da5199b874aba05df8e51ce8de,d1b35b9d5507739a744b7438f9eddaa83cda350c16124c87dfd6b785d9945358,1.9501,0.0,1.9501,0.6973,0.0,0.6973
synthetic_low_sparse,GCN,label_smoothing,"{""alpha"": 0.1}",9999,0.2982,0.005,0.0,0.47,0.4698,0.8126,0.2852,0.4612,0.2488,0.4633,0.0364,0.7081,0.6932,0.0941,0.1529,0.493,0.7205,0.6364,0.0,0.0568,0.5,0.7505,0.7045,0.0227,0.1307,0.5057,,,,,,,0.2056,,,,,0.0,none,27957b067a2a7ec0efca25d6ca0ddb2ebe504a34dc707f7e60c076dcce1e9595,78c3722793596a1d5ed242f5979e3cf5742ce3860d41f2e07272273dd1627a88,2.0496,0.0,2.0496,0.7248,0.0,0.7248
synthetic_low_sparse,GCN,early_stopping,"{""patience"": 15}",42,0.2982,0.005,0.0,0.465,0.4619,0.792,0.4609,0.6492,0.2829,0.5444,0.1779,0.7745,0.7433,0.0,0.093,0.5906,0.7754,0.6791,0.0,0.1283,0.5187,0.7844,0.7406,0.0214,0.1711,0.5134,,,,,,,0.3397,,,,,0.0,none,f04aa44d90e46262e03a6f756f212b5b332e01b28134056695c07d54f03e2e9e,d5b8b466337d8bf5a19d26fdea118f7fad1dc777d7cd600145e075068d0e9852,1.9925,0.0,1.9925,0.2723,0.0,0.2723
synthetic_low_sparse,GCN,early_stopping,"{""patience"": 15}",123,0.2982,0.005,0.0,0.52,0.5232,0.8078,0.4788,0.667,0.2581,0.4695,0.2207,0.7275,0.7033,0.0568,0.1364,0.4545,0.7539,0.6593,0.0,0.1648,0.4615,0.7329,0.728,0.0,0.0495,0.4615,,,,,,,0.3192,,,,,0.0,none,2b0f93a8b0cd9a617d6775187997239aa1862ea8651fe5fef48419a3ed541a4e,ce366bea29238f9ff5c73778f7354af2b43f19d9471b299dbf7b11b99c2736f7,1.7615,0.0,1.7615,0.2026,0.0,0.2026
synthetic_low_sparse,GCN,early_stopping,"{""patience"": 15}",456,0.2982,0.005,0.0,0.515,0.513,0.7961,0.4523,0.6366,0.2721,0.4881,0.1802,0.787,0.7249,0.0632,0.1684,0.4795,0.7808,0.7037,0.0582,0.1534,0.4921,0.7762,0.7354,0.0106,0.0847,0.4815,,,,,,,0.2648,,,,,0.0,none,ab47c1608fedc9a46ec7a6d0a9c948127b0830bc9557b758fb6b2f7e1cd849b8,215faaa3dcde6aba379a50253c598e2d3553aa418e3b50d80dfeb431b3cafeb1,2.1455,0.0,2.1455,0.2362,0.0,0.2362
synthetic_low_sparse,GCN,early_stopping,"{""patience"": 15}",789,0.2982,0.005,0.0,0.5,0.4996,0.8073,0.4047,0.6099,0.2922,0.5009,0.1125,0.6906,0.6593,0.0333,0.0778,0.4447,0.7092,0.6154,0.011,0.1044,0.456,0.7244,0.7033,0.0055,0.1648,0.4451,,,,,,,0.3068,,,,,0.0,none,68290fbd19743676c8a1f405faf6c0a81df7ee206775652b0cac012d3bad777b,bd8921fd3f9d2c4470d50d38613cf1a72355e20c36bbe8b3d7cfbc2d201c70cc,2.2263,0.0,2.2263,0.3572,0.0,0.3572
synthetic_low_sparse,GCN,early_stopping,"{""patience"": 15}",1024,0.2982,0.005,0.0,0.535,0.5279,0.8205,0.4004,0.5979,0.2532,0.4572,0.1472,0.7485,0.6865,0.0538,0.2473,0.4142,0.7106,0.6432,0.027,0.1135,0.4378,0.7442,0.7135,0.0486,0.1459,0.427,,,,,,,0.2727,,,,,0.0,none,941375fac405d5cf43ab4b7a42718e1acbf126f581d335f90b45daf822235de4,de40bc82e8be1b6b89197c409748d74932f6ed0e56343d5e169c1a61c3b3110b,1.9393,0.0,1.9393,0.2809,0.0,0.2809
synthetic_low_sparse,GCN,early_stopping,"{""patience"": 15}",2024,0.2982,0.005,0.0,0.45,0.4483,0.7895,0.4381,0.6395,0.2428,0.456,0.1953,0.7958,0.7216,0.023,0.1034,0.5608,0.7796,0.7045,0.0284,0.0909,0.5114,0.7785,0.7386,0.017,0.0682,0.517,,,,,,,0.3733,,,,,0.0,none,2e3ab10aa2ad5d0ed6fd5e6237ff3a160944abcaaffef217f9500f7112536292,aa16b8f57309ae0f27274f2ade1b038433759f355fb09dab3633085da78e3950,2.0235,0.0,2.0235,0.2561,0.0,0.2561
synthetic_low_sparse,GCN,early_stopping,"{""patience"": 15}",3141,0.2982,0.005,0.0,0.51,0.5022,0.8117,0.4418,0.6199,0.2838,0.5269,0.1581,0.7545,0.7056,0.0366,0.0854,0.4965,0.7709,0.7056,0.0611,0.15,0.4722,0.7695,0.7278,0.0278,0.1111,0.4889,,,,,,,0.2841,,,,,0.0,none,f1a8a94a5eb4e32c666e6c82e87da63afd52f812d0644224d5909323035cd35f,1da5fe372159a96f622e920c6102cfa8730133e10ab5ed03b9e4eab140c9f557,2.1908,0.0,2.1908,0.3303,0.0,0.3303
synthetic_low_sparse,GCN,early_stopping,"{""patience"": 15}",5000,0.2982,0.005,0.0,0.575,0.5763,0.851,0.5263,0.7421,0.3308,0.5756,0.1955,0.6978,0.6882,0.0353,0.0706,0.4579,0.7096,0.6452,0.0645,0.1075,0.4301,0.6935,0.7016,0.0108,0.0269,0.4247,,,,,,,0.2313,,,,,0.0,none,61b9f87e24b0c09eabdbe4fe62ae093f6546ce91040939421ce267e437daff5e,2289b55dd675b6066f3f058c292852fdb672c01daa9c8a0cd4c9e15c96941f21,1.9266,0.0,1.9266,0.2867,0.0,0.2867
synthetic_low_sparse,GCN,early_stopping,"{""patience"": 15}",7777,0.2982,0.005,0.0,0.475,0.4537,0.7787,0.4505,0.6412,0.2812,0.4754,0.1693,0.7973,0.773,0.0106,0.1064,0.5646,0.7914,0.7243,0.0378,0.1622,0.5351,0.7873,0.7676,0.0,0.1081,0.5405,,,,,,,0.3074,,,,,0.0,none,ea459df6d006c406d25ed17ba1aa7438755819b9134f89c566d2621632a5cac0,bc00ee3ebf907c138fd73fac4468bf507b928336f4719bed8ce2b905950e54f1,1.9547,0.0,1.9547,0.291,0.0,0.291
synthetic_low_sparse,GCN,early_stopping,"{""patience"": 15}",9999,0.2982,0.005,0.0,0.5,0.4994,0.8231,0.3778,0.5335,0.3146,0.5318,0.0632,0.6942,0.7045,0.0588,0.0588,0.4584,0.7146,0.6477,0.0,0.0568,0.4773,0.7145,0.6761,0.0114,0.0568,0.4716,,,,,,,0.2817,,,,,0.0,none,9a7b35fb66adca00dad5e5d355e6d71eaf9b85ee2506aaaadb01f88c8c648b64,537beb7c7f580fb725282fcfd6a1b4379c8d4f2c3f14780320c5da143945c529,2.0444,0.0,2.0444,0.3384,0.0,0.3384
synthetic_low_sparse,GCN,confidence_masking,"{""top_k"": 2}",42,0.2982,0.005,0.0,0.465,0.4619,0.7665,0.4609,0.6492,0.2829,0.5444,0.1779,0.7789,0.7326,0.0,0.1047,0.5807,0.7774,0.7059,0.0,0.1337,0.5134,0.7785,0.7299,0.016,0.1123,0.5134,,,,,,,0.3742,,,,,0.0,none,f04aa44d90e46262e03a6f756f212b5b332e01b28134056695c07d54f03e2e9e,d5b8b466337d8bf5a19d26fdea118f7fad1dc777d7cd600145e075068d0e9852,1.9925,0.0,1.9925,0.2723,0.0,0.2723
synthetic_low_sparse,GCN,confidence_masking,"{""top_k"": 2}",123,0.2982,0.005,0.0,0.52,0.5232,0.7744,0.4788,0.667,0.2581,0.4695,0.2207,0.7255,0.6978,0.0568,0.1591,0.4362,0.7529,0.6538,0.0,0.1648,0.456,0.7473,0.728,0.0,0.0879,0.456,,,,,,,0.3524,,,,,0.0,none,2b0f93a8b0cd9a617d6775187997239aa1862ea8651fe5fef48419a3ed541a4e,ce366bea29238f9ff5c73778f7354af2b43f19d9471b299dbf7b11b99c2736f7,1.7615,0.0,1.7615,0.2026,0.0,0.2026
synthetic_low_sparse,GCN,confidence_masking,"{""top_k"": 2}",456,0.2982,0.005,0.0,0.515,0.513,0.7689,0.4523,0.6366,0.2721,0.4881,0.1802,0.7869,0.7302,0.0737,0.1474,0.5118,0.7787,0.7037,0.0635,0.1481,0.4709,0.7577,0.7196,0.0,0.0952,0.4709,,,,,,,0.312,,,,,0.0,none,ab47c1608fedc9a46ec7a6d0a9c948127b0830bc9557b758fb6b2f7e1cd849b8,215faaa3dcde6aba379a50253c598e2d3553aa418e3b50d80dfeb431b3cafeb1,2.1455,0.0,2.1455,0.2362,0.0,0.2362
synthetic_low_sparse,GCN,confidence_masking,"{""top_k"": 2}",789,0.2982,0.005,0.0,0.5,0.4996,0.7623,0.4047,0.6099,0.2922,0.5009,0.1125,0.6757,0.6703,0.0,0.0556,0.4558,0.7078,0.6209,0.011,0.0989,0.456,0.7158,0.7198,0.0165,0.0714,0.456,,,,,,,0.3511,,,,,0.0,none,68290fbd19743676c8a1f405faf6c0a81df7ee206775652b0cac012d3bad777b,bd8921fd3f9d2c4470d50d38613cf1a72355e20c36bbe8b3d7cfbc2d201c70cc,2.2263,0.0,2.2263,0.3572,0.0,0.3572
synthetic_low_sparse,GCN,confidence_masking,"{""top_k"": 2}",1024,0.2982,0.005,0.0,0.535,0.5279,0.7718,0.4004,0.5979,0.2532,0.4572,0.1472,0.7459,0.6757,0.0215,0.0968,0.4365,0.7146,0.6595,0.0324,0.1027,0.427,0.7146,0.6919,0.0324,0.1027,0.427,,,,,,,0.3099,,,,,0.0,none,941375fac405d5cf43ab4b7a42718e1acbf126f581d335f90b45daf822235de4,de40bc82e8be1b6b89197c409748d74932f6ed0e56343d5e169c1a61c3b3110b,1.9393,0.0,1.9393,0.2809,0.0,0.2809
synthetic_low_sparse,GCN,confidence_masking,"{""top_k"": 2}",2024,0.2982,0.005,0.0,0.45,0.4483,0.7505,0.4381,0.6395,0.2428,0.456,0.1953,0.7972,0.7443,0.0,0.1149,0.561,0.7792,0.6989,0.0284,0.0852,0.5114,0.7788,0.7415,0.0568,0.1136,0.5114,,,,,,,0.4109,,,,,0.0,none,2e3ab10aa2ad5d0ed6fd5e6237ff3a160944abcaaffef217f9500f7112536292,aa16b8f57309ae0f27274f2ade1b038433759f355fb09dab3633085da78e3950,2.0235,0.0,2.0235,0.2561,0.0,0.2561
synthetic_low_sparse,GCN,confidence_masking,"{""top_k"": 2}",3141,0.2982,0.005,0.0,0.51,0.5022,0.7731,0.4418,0.6199,0.2838,0.5269,0.1581,0.7606,0.7056,0.0366,0.0732,0.5147,0.7741,0.7111,0.0444,0.1444,0.4778,0.7741,0.7333,0.0444,0.1444,0.4778,,,,,,,0.3286,,,,,0.0,none,f1a8a94a5eb4e32c666e6c82e87da63afd52f812d0644224d5909323035cd35f,1da5fe372159a96f622e920c6102cfa8730133e10ab5ed03b9e4eab140c9f557,2.1908,0.0,2.1908,0.3303,0.0,0.3303
synthetic_low_sparse,GCN,confidence_masking,"{""top_k"": 2}",5000,0.2982,0.005,0.0,0.575,0.5763,0.8164,0.5263,0.7421,0.3308,0.5756,0.1955,0.6956,0.6882,0.0235,0.0588,0.4536,0.709,0.6452,0.0645,0.1075,0.4247,0.7091,0.6962,0.0645,0.1183,0.4247,,,,,,,0.2702,,,,,0.0,none,61b9f87e24b0c09eabdbe4fe62ae093f6546ce91040939421ce267e437daff5e,2289b55dd675b6066f3f058c292852fdb672c01daa9c8a0cd4c9e15c96941f21,1.9266,0.0,1.9266,0.2867,0.0,0.2867
synthetic_low_sparse,GCN,confidence_masking,"{""top_k"": 2}",7777,0.2982,0.005,0.0,0.475,0.4537,0.7646,0.4505,0.6412,0.2812,0.4754,0.1693,0.8013,0.773,0.0106,0.1809,0.553,0.7936,0.7243,0.0378,0.1568,0.5405,0.7958,0.7568,0.0162,0.0865,0.5405,,,,,,,0.3474,,,,,0.0,none,ea459df6d006c406d25ed17ba1aa7438755819b9134f89c566d2621632a5cac0,bc00ee3ebf907c138fd73fac4468bf507b928336f4719bed8ce2b905950e54f1,1.9547,0.0,1.9547,0.291,0.0,0.291
synthetic_low_sparse,GCN,confidence_masking,"{""top_k"": 2}",9999,0.2982,0.005,0.0,0.5,0.4994,0.7634,0.3778,0.5335,0.3146,0.5318,0.0632,0.6862,0.7273,0.0118,0.1059,0.4702,0.7153,0.6364,0.0,0.0511,0.4886,0.7187,0.7301,0.0227,0.0966,0.4886,,,,,,,0.3273,,,,,0.0,none,9a7b35fb66adca00dad5e5d355e6d71eaf9b85ee2506aaaadb01f88c8c648b64,537beb7c7f580fb725282fcfd6a1b4379c8d4f2c3f14780320c5da143945c529,2.0444,0.0,2.0444,0.3384,0.0,0.3384
synthetic_low_sparse,GCN,edge_sparsification,"{""rate"": 0.2}",42,0.2982,0.005,0.0,0.475,0.4741,0.7939,0.4277,0.5999,0.2497,0.4569,0.178,0.7797,0.7326,0.0116,0.0581,0.5312,0.7806,0.7112,0.0053,0.1016,0.5241,0.7808,0.7406,0.0214,0.1176,0.5187,,,,,,,0.3338,,,,,0.0,none,f3bcd9302edc3fdce0d0415314bf55b81246f4d379f9f3f433a430571e3ac1e8,35063f54971561bcb07c9b35eb8dcc75ebdbf0bf432590198bafaab64b7a8011,2.0001,0.0,2.0001,0.2915,0.0,0.2915
synthetic_low_sparse,GCN,edge_sparsification,"{""rate"": 0.2}",123,0.2982,0.005,0.0,0.53,0.5311,0.8014,0.4581,0.638,0.2423,0.4618,0.2158,0.7761,0.7198,0.0341,0.1364,0.5191,0.7735,0.7033,0.044,0.1648,0.478,0.7725,0.7335,0.044,0.1648,0.489,,,,,,,0.3185,,,,,0.0,none,a92b934e19311582a6c266d308e369b21da367e96d9110381bfc8f2f67c53af2,0e91a8fd0565eb7597b5fba460c9137a10618c677aa0036e045accfdbcd0b6eb,1.7435,0.0,1.7435,0.1943,0.0,0.1943
synthetic_low_sparse,GCN,edge_sparsification,"{""rate"": 0.2}",456,0.2982,0.005,0.0,0.515,0.5103,0.8173,0.4336,0.6112,0.2596,0.4857,0.1741,0.7878,0.7407,0.0,0.2316,0.4805,0.7794,0.709,0.0053,0.1429,0.5132,0.7677,0.7328,0.0635,0.127,0.5079,,,,,,,0.2698,,,,,0.0,none,ad0b57147ddec92a915b177d480f8647b4cdeb4103492afa50e8507635252459,d5b8cfe9c0f76ba1c3ff649ca29e4d2dfcbb7ed3763b0344621432b4793f971f,2.2407,0.0,2.2407,0.2408,0.0,0.2408
synthetic_low_sparse,GCN,edge_sparsification,"{""rate"": 0.2}",789,0.2982,0.005,0.0,0.54,0.5368,0.8147,0.3833,0.5988,0.3049,0.5006,0.0784,0.7199,0.6484,0.0,0.0889,0.4452,0.7272,0.6648,0.0165,0.0549,0.4231,0.7388,0.6951,0.0495,0.1374,0.4231,,,,,,,0.2721,,,,,0.0,none,3b587d5e2e0b194ab7b89f0f01042396e149aa3fd725668c3e2a30a30926f2cb,be989e26b29a28c26f53882e20d12c3a59cc2c3b08aa285a377093c95f521419,2.3916,0.0,2.3916,0.2952,0.0,0.2952
synthetic_low_sparse,GCN,edge_sparsification,"{""rate"": 0.2}",1024,0.2982,0.005,0.0,0.525,0.5177,0.8274,0.3632,0.5481,0.2451,0.4562,0.1181,0.7483,0.6757,0.0538,0.1505,0.3917,0.7134,0.627,0.0108,0.1297,0.4162,0.7146,0.6811,0.0432,0.1297,0.4108,,,,,,,0.2825,,,,,0.0,none,00b566dbc949c94f4ff1c93a695c7a151036dda09278d7af3c06eacea6b11c64,8c132cf89fd4c681a0fb8111a7fd3da20f39c6e0ad8045428efa437d5b013721,2.0794,0.0,2.0794,0.3182,0.0,0.3182
synthetic_low_sparse,GCN,edge_sparsification,"{""rate"": 0.2}",2024,0.2982,0.005,0.0,0.465,0.4591,0.7872,0.4224,0.6216,0.2211,0.4029,0.2013,0.7666,0.7557,0.023,0.1264,0.5378,0.7736,0.6761,0.0398,0.1818,0.5114,0.7593,0.7528,0.0227,0.1136,0.5114,,,,,,,0.3427,,,,,0.0,none,cc8d80160faaa3dcfcca5da76c8217c24550d85d5c7655762b5ac8a0ddf9dc9e,91af977ba4a39ddb91a55b6b660fc6b637e7b09e5db5408dc6faff881fd936cd,2.1713,0.0,2.1713,0.2548,0.0,0.2548
synthetic_low_sparse,GCN,edge_sparsification,"{""rate"": 0.2}",3141,0.2982,0.005,0.0,0.54,0.5289,0.8284,0.4107,0.5968,0.273,0.4849,0.1378,0.7712,0.7,0.0244,0.0976,0.4801,0.7678,0.6889,0.0389,0.1,0.4556,0.7604,0.7111,0.0056,0.0889,0.4556,,,,,,,0.2484,,,,,0.0,none,114695ff28face2ab43a6ebc6174e4d329e6cdefbe5e11b623606f61d6997459,55387b3132595e5e0e6d65ee8dbddb3ca65b6c80e9493d6544fac9c9a6cd604a,2.4878,0.0,2.4878,0.2811,0.0,0.2811
synthetic_low_sparse,GCN,edge_sparsification,"{""rate"": 0.2}",5000,0.2982,0.005,0.0,0.53,0.5331,0.8425,0.4415,0.6458,0.3157,0.5397,0.1259,0.6543,0.6882,0.0,0.0235,0.4349,0.7005,0.6237,0.0,0.1075,0.4462,0.6869,0.6909,0.0269,0.0753,0.4355,,,,,,,0.3084,,,,,0.0,none,492a7430732d75366f7041a6eb5a9f9f927ac20912d94eefad4a6626214dac4e,7a4f74a4762098690773ddfda6d018b5fed31b8865a7c99252d465db994e053f,1.9933,0.0,1.9933,0.2561,0.0,0.2561
synthetic_low_sparse,GCN,edge_sparsification,"{""rate"": 0.2}",7777,0.2982,0.005,0.0,0.51,0.4999,0.7925,0.41,0.6129,0.2793,0.4645,0.1307,0.8024,0.7459,0.0,0.0957,0.5406,0.7806,0.7027,0.0054,0.0919,0.4973,0.7889,0.7432,0.0054,0.1676,0.5027,,,,,,,0.3185,,,,,0.0,none,82903df6347a8e8407e0699793ca5f8949866f8e049b44d5e1d477821cf6f576,0bc3b0afc77a08b788e201409e025490a6bf63d8a2734afb3a7c6ff09ae33978,2.1036,0.0,2.1036,0.257,0.0,0.257
synthetic_low_sparse,GCN,edge_sparsification,"{""rate"": 0.2}",9999,0.2982,0.005,0.0,0.53,0.5282,0.8338,0.3564,0.5308,0.3101,0.518,0.0464,0.7156,0.6932,0.0,0.0824,0.4388,0.7368,0.6591,0.0,0.0795,0.4432,0.7432,0.6989,0.0341,0.0568,0.4659,,,,,,,0.279,,,,,0.0,none,ee169c4ac7a26fbd68625cceb04dc0367a155e1254ad380088e5e7c0c4b64a9d,14990cc5f1f78916ece4b32ff462f46e81e26b2ae5c238bb6b38655b82bdcfc8,2.2327,0.0,2.2327,0.3053,0.0,0.3053
synthetic_low_sparse,GCN,epsd_tuned,"{""lambda_epsd"": 1.0}",42,0.2982,0.005,0.0,0.45,0.4463,0.7846,0.2379,0.4088,0.2036,0.4077,0.0343,0.7453,0.6952,0.0,0.0465,0.5127,0.7595,0.6952,0.0,0.0588,0.5027,0.7561,0.7032,0.0,0.0802,0.5027,,,,,,,0.2522,,,,,1.0,none,a8e68d670899f78f238ae62e853298b44d80f9d516a0ce57a9ad73b55d1a4418,443ceed1d71b591b634ba10a1f31abff982bed552fffb93300c3bb811535bedc,1.9925,0.2262,2.2187,0.4277,0.3251,0.7528
synthetic_low_sparse,GCN,epsd_tuned,"{""lambda_epsd"": 1.0}",123,0.2982,0.005,0.0,0.49,0.4918,0.7865,0.3099,0.5041,0.1865,0.4006,0.1234,0.75,0.7033,0.0795,0.0795,0.4949,0.7615,0.6868,0.0,0.1044,0.478,0.7684,0.7115,0.044,0.1209,0.4725,,,,,,,0.226,,,,,1.0,none,c07bae54e356be402e1aee67ab5785c04c2b4080bba169e354ee7ff7ab99de81,b16c526cc37603b7de89290024e1df0bc4fc23a5c2f492d90e734f8aaa06cd5d,1.7615,0.2392,2.0007,0.3303,0.3781,0.7085
synthetic_low_sparse,GCN,epsd_tuned,"{""lambda_epsd"": 1.0}",456,0.2982,0.005,0.0,0.49,0.481,0.7894,0.2706,0.4656,0.1835,0.3659,0.0871,0.7926,0.7196,0.0316,0.0842,0.4793,0.7716,0.6772,0.0317,0.1534,0.4603,0.7695,0.6825,0.0159,0.1429,0.4444,,,,,,,0.1849,,,,,1.0,none,beb6d986c04768b91de415515871dc7fcd53b4d994ee2634f0cfe01b719e4898,2e1efe3bbf22d6854eadb2768dc1642e842d2e91b3fd282a05621b6a4963e601,2.1455,0.2157,2.3612,0.4105,0.3267,0.7372
synthetic_low_sparse,GCN,epsd_tuned,"{""lambda_epsd"": 1.0}",789,0.2982,0.005,0.0,0.53,0.5297,0.8019,0.243,0.4302,0.223,0.427,0.02,0.6949,0.6593,0.0778,0.1333,0.4674,0.7037,0.6264,0.011,0.0714,0.4341,0.721,0.6841,0.0055,0.0934,0.4231,,,,,,,0.1918,,,,,1.0,none,60c6654bdf85506fd454ab0759f8ee24aebbb2c123937eef64065d3cf8a3a7e8,476adf9e6962ac2a3930eb50a0c22a0202b224bc79bd6c32fff350c9d691005f,2.2263,0.2473,2.4736,0.4695,0.3158,0.7853
synthetic_low_sparse,GCN,epsd_tuned,"{""lambda_epsd"": 1.0}",1024,0.2982,0.005,0.0,0.52,0.5161,0.8036,0.222,0.3954,0.1937,0.3817,0.0283,0.7377,0.6757,0.0,0.172,0.3628,0.701,0.6541,0.0216,0.0811,0.4162,0.7073,0.6541,0.0162,0.0973,0.4054,,,,,,,0.1968,,,,,1.0,none,22267440c3cd321105d42136e79f9a01f0d0bf2cf8c074597f26186f7b19f3b1,9ae99e61f2b34cd6d48fc10fbb28eaf6a3774a93ffdbe55669206fc96e689d1e,1.9393,0.2244,2.1637,0.4359,0.3066,0.7425
synthetic_low_sparse,GCN,epsd_tuned,"{""lambda_epsd"": 1.0}",2024,0.2982,0.005,0.0,0.445,0.4393,0.7764,0.3058,0.5124,0.1747,0.3568,0.1311,0.7764,0.7045,0.0,0.092,0.4928,0.7741,0.6989,0.0114,0.0568,0.4659,0.7742,0.7102,0.0057,0.0568,0.4773,,,,,,,0.2744,,,,,1.0,none,5806b7ca280e388fb70db43f4fd8e5cd5f8122066a05a958d4f5f8d4f4dad6b8,0f0aa185251e277ec8ade341f3147ed6aba4d052c5ab780c56f1d003919bee1a,2.0235,0.2544,2.2779,0.4197,0.3822,0.8019
synthetic_low_sparse,GCN,epsd_tuned,"{""lambda_epsd"": 1.0}",3141,0.2982,0.005,0.0,0.48,0.4777,0.8075,0.2802,0.4754,0.1968,0.3972,0.0834,0.7456,0.7111,0.0122,0.0854,0.4778,0.7548,0.6889,0.0278,0.1,0.4333,0.7577,0.7083,0.0333,0.1,0.4333,,,,,,,0.2025,,,,,1.0,none,725df7ff7fc1648a2d31569fb2cd330cdc7ff684b0b440710aa095fb2e9b3940,8110f7769f04a728bb3a720b572c32222fcafc0d9807479c66903d1be5d76b72,2.1908,0.2424,2.4331,0.4648,0.3364,0.8012
synthetic_low_sparse,GCN,epsd_tuned,"{""lambda_epsd"": 1.0}",5000,0.2982,0.005,0.0,0.525,0.5267,0.8398,0.2463,0.4407,0.2344,0.4386,0.0119,0.7209,0.7151,0.0353,0.1059,0.4777,0.7036,0.6237,0.0269,0.0645,0.4301,0.7023,0.6398,0.0054,0.1075,0.414,,,,,,,0.1889,,,,,1.0,none,7cee5d07fd3f1cf41dbbd43c5161f7b8bcf661d5773bf748ab49853456970c65,26e36826fe08d83f985b4fec4271d478a524ef4e6d33dee9fe4ce42485d5b06c,1.9266,0.238,2.1647,0.4378,0.3051,0.7429
synthetic_low_sparse,GCN,epsd_tuned,"{""lambda_epsd"": 1.0}",7777,0.2982,0.005,0.0,0.445,0.4302,0.7772,0.2641,0.4556,0.1981,0.378,0.066,0.7899,0.7622,0.0,0.1064,0.5629,0.7793,0.6973,0.0108,0.0703,0.5189,0.779,0.6973,0.0054,0.0919,0.5297,,,,,,,0.2134,,,,,1.0,none,1557305707ae3d5a47ae7ba8994e96ae27002b7e7650bfb47744645541b94528,a77d5b1f7dc2d8e37a153f1781d486bbf54260673e27d0d44fbe97e8fe10d8b6,1.9547,0.1922,2.1469,0.4919,0.3199,0.8118
synthetic_low_sparse,GCN,epsd_tuned,"{""lambda_epsd"": 1.0}",9999,0.2982,0.005,0.0,0.47,0.4693,0.8025,0.224,0.4207,0.2391,0.4555,-0.0151,0.6994,0.7102,0.0706,0.0941,0.4937,0.7115,0.642,0.0,0.0511,0.4943,0.711,0.6335,0.0,0.0511,0.483,,,,,,,0.2117,,,,,1.0,none,eadd52506f2e56b585518e612254a215c10d9729e8749f795540e5f9d5865fc8,92c6b971d57097359957aeb78a281877037a10bf186024dcc962cfec889fd88b,2.0444,0.21,2.2544,0.4844,0.3044,0.7888
synthetic_low_sparse,GraphSAGE,none,{},42,0.2982,0.005,0.0,0.645,0.6404,0.8936,0.6404,0.8672,1.3913,1.4248,-0.7509,0.8698,0.7754,0.0814,0.2326,0.7129,0.867,0.7754,0.0,0.246,0.6898,0.8671,0.8342,0.0374,0.246,0.6898,,,,,,,0.2265,,,,,0.0,none,cd4ebe829bc05b2a5234ce01a311a985cfb7ff67e4737a053f262b72194ba94f,ce4a6bc90cc00952fd08d27062a612c4f1d9653f7a947afc90c3607b1782abff,1.8491,0.0,1.8491,0.0291,0.0,0.0291
synthetic_low_sparse,GraphSAGE,none,{},123,0.2982,0.005,0.0,0.665,0.6613,0.9052,0.6827,0.8175,1.2963,1.4617,-0.6136,0.8559,0.7637,0.0455,0.3295,0.6148,0.8663,0.7747,0.0,0.2527,0.6813,0.8665,0.8049,0.044,0.2527,0.6758,,,,,,,0.2376,,,,,0.0,none,6ccc5851b52e5fe30d7e0fd9e5b92391a691e773f22f3067171b27662ae7cf5f,8b7372eddc40f023af907c8614908d6f562f9765edbacf9b1c550f8a9f514455,1.8635,0.0,1.8635,0.0338,0.0,0.0338
synthetic_low_sparse,GraphSAGE,none,{},456,0.2982,0.005,0.0,0.69,0.6901,0.9283,0.8276,1.1791,1.6536,1.7881,-0.826,0.8804,0.7725,0.0526,0.3789,0.6496,0.8705,0.7884,0.0,0.3651,0.6349,0.87,0.7989,0.037,0.3704,0.6243,,,,,,,0.187,,,,,0.0,none,babfc74a10f3bfa2eedf33dc4ab4457e77b4cf19b7803db2cfaa8777562a148b,233006e936fc071a96f44bbb4aac22df8e7fcaf924be96e83ddde68bce5cb71a,1.95,0.0,1.95,0.0224,0.0,0.0224
synthetic_low_sparse,GraphSAGE,none,{},789,0.2982,0.005,0.0,0.715,0.7098,0.9467,0.7764,0.98,1.5081,1.5094,-0.7317,0.8046,0.7473,0.0,0.0889,0.6068,0.8172,0.7363,0.0,0.0934,0.6209,0.8163,0.739,0.0,0.0934,0.6209,,,,,,,0.1807,,,,,0.0,none,06c0c28516014c7f356f4ab325663391fa6fd797bec6bc7ff2d1ff7776ba52ea,b2cd442d583bafdcf01ab46f389721e4b267f657c41c478ac184360d92fec153,1.8889,0.0,1.8889,0.0426,0.0,0.0426
synthetic_low_sparse,GraphSAGE,none,{},1024,0.2982,0.005,0.0,0.765,0.7581,0.9398,0.6533,0.8126,1.5893,1.7255,-0.936,0.8609,0.7351,0.0323,0.1935,0.6209,0.8432,0.7838,0.0,0.1622,0.6108,0.8427,0.773,0.0,0.1676,0.6054,,,,,,,0.1635,,,,,0.0,none,db4b7dcf29bcd939c6a4a47402a1451f95da745af951d5536fa975a134a71f4e,d12cb79354e97be075a6fc1b02dfdbefc10017eca838b7734646e523eed7f941,1.9019,0.0,1.9019,0.0203,0.0,0.0203
synthetic_low_sparse,GraphSAGE,none,{},2024,0.2982,0.005,0.0,0.625,0.6198,0.8725,0.7265,0.9874,1.3715,1.412,-0.6451,0.8679,0.7727,0.0575,0.1954,0.6959,0.8928,0.8352,0.0568,0.3125,0.6875,0.8917,0.8239,0.0625,0.3068,0.6875,,,,,,,0.251,,,,,0.0,none,85f41120c084fc977088111ae1603b8eeffb93b8fdf8b49c0358c5f651a406b3,24ea27986cb8ee613cbb0f3e4d3e8032e5b5bbf296a0a9f32a4055429ce22797,1.8761,0.0,1.8761,0.019,0.0,0.019
synthetic_low_sparse,GraphSAGE,none,{},3141,0.2982,0.005,0.0,0.75,0.748,0.9427,0.7929,0.9934,1.473,1.5879,-0.6801,0.8931,0.7333,0.0488,0.3902,0.6837,0.8683,0.7889,0.0278,0.2889,0.6167,0.8685,0.7944,0.0389,0.2889,0.6111,,,,,,,0.1341,,,,,0.0,none,e47ef88cda401b330dec29269538e3928faa3bf03a13f73d28dbbf8fb8e33df0,144d5b57b38daeacf0cf0eb4d775cbd098e1bcaf5eb8ceb0ef2f5b363fea1e91,1.7968,0.0,1.7968,0.033,0.0,0.033
synthetic_low_sparse,GraphSAGE,none,{},5000,0.2982,0.005,0.0,0.78,0.7804,0.9525,0.7641,0.9534,1.4357,1.2968,-0.6715,0.8872,0.7151,0.0118,0.2471,0.7129,0.8756,0.7957,0.0,0.2742,0.6559,0.8758,0.7823,0.0054,0.2742,0.6613,,,,,,,0.114,,,,,0.0,none,ed34a4b21fc51e30365c5b758708753160100858149a0cf066a6ec52488d4d76,7cc9c0d7a1d075c49a5c76f12dae63cb42884c38738c78344d0fc3c06c764dd1,1.7979,0.0,1.7979,0.0212,0.0,0.0212
synthetic_low_sparse,GraphSAGE,none,{},7777,0.2982,0.005,0.0,0.66,0.6547,0.883,0.7181,0.8315,1.3389,1.4294,-0.6208,0.8886,0.8,0.0745,0.266,0.7263,0.8969,0.8378,0.0486,0.2865,0.7622,0.8969,0.8784,0.0486,0.2865,0.7622,,,,,,,0.2033,,,,,0.0,none,6f20188c8b7026090c6f83173e520558492461bb432eec872fa8b92e69ccb988,9af8f9e3da43af511aefb0d3963809a1cace43453e9af696d2af890464b62668,1.9036,0.0,1.9036,0.0217,0.0,0.0217
synthetic_low_sparse,GraphSAGE,none,{},9999,0.2982,0.005,0.0,0.69,0.6851,0.9348,0.7812,0.9617,1.6188,1.4797,-0.8375,0.8657,0.7557,0.0235,0.2235,0.6884,0.8592,0.7841,0.0284,0.1989,0.6591,0.8586,0.7812,0.0284,0.1989,0.6591,,,,,,,0.2082,,,,,0.0,none,2f67a895fe14ecad5012775d62fa554e7c0777ba63c3636b5488525b86d997fc,62222f50e7ba78d38cb68c4155943301957a58e37b4321941a22f85972440aac,1.7598,0.0,1.7598,0.0191,0.0,0.0191
synthetic_low_sparse,GraphSAGE,dropedge,"{""rate"": 0.3}",42,0.2982,0.005,0.0,0.735,0.7283,0.926,0.89,0.8995,1.5415,1.3002,-0.6515,0.8435,0.7112,0.0465,0.186,0.6362,0.843,0.754,0.0,0.1711,0.6257,0.8429,0.7861,0.0588,0.1711,0.6257,,,,,,,0.1798,,,,,0.0,none,0402163eba44178aed14d473dd6538105c958d936f617a52ea8eaa97fc464b95,49c86668812abbe28be03bd80c56cfb3d50972d576d645889f4eb0649e85e3a0,1.8894,0.0,1.8894,0.065,0.0,0.065
synthetic_low_sparse,GraphSAGE,dropedge,"{""rate"": 0.3}",123,0.2982,0.005,0.0,0.695,0.6907,0.9204,0.869,0.7665,1.3351,1.1231,-0.4661,0.8399,0.7527,0.0455,0.1818,0.6042,0.8427,0.7857,0.0,0.1593,0.6209,0.8428,0.783,0.0165,0.1593,0.6319,,,,,,,0.1845,,,,,0.0,none,329a31e355a88afc743861ff96f36edab1a1b018df5c655c9675771d8def2081,92a90abf0124217b262802e603f15c3a2bc8e878442c10b741eab991c75f55b4,1.8565,0.0,1.8565,0.062,0.0,0.062
synthetic_low_sparse,GraphSAGE,dropedge,"{""rate"": 0.3}",456,0.2982,0.005,0.0,0.72,0.7169,0.937,0.9205,0.9678,1.7343,1.4874,-0.8138,0.8245,0.7407,0.0211,0.1474,0.586,0.8181,0.746,0.0,0.1481,0.5608,0.8176,0.754,0.0106,0.1481,0.5608,,,,,,,0.1716,,,,,0.0,none,aa6f14025a6df26ec5d0edc9d0e5b4a9beaa3ca7b806b6e33a58508ff4cd9343,85caa6e090d30cac66cfbcc1dbf412c0d5f609b7e96c7846d9c0abfe82fa012d,1.9433,0.0,1.9433,0.0229,0.0,0.0229
synthetic_low_sparse,GraphSAGE,dropedge,"{""rate"": 0.3}",789,0.2982,0.005,0.0,0.755,0.7533,0.9553,1.0682,1.0569,1.6462,1.3403,-0.578,0.7263,0.7198,0.0,0.0222,0.4775,0.7497,0.6703,0.0,0.044,0.5055,0.7493,0.7418,0.011,0.0549,0.511,,,,,,,0.1539,,,,,0.0,none,ad08d89061f6744a3f88ae99179628e4629044de8aca1767cc781035557dfc82,4b640019e3906931b394bbb51651e91c07f17d891df5e3ef1c21e163bb99c94d,1.8692,0.0,1.8692,0.0602,0.0,0.0602
synthetic_low_sparse,GraphSAGE,dropedge,"{""rate"": 0.3}",1024,0.2982,0.005,0.0,0.765,0.7564,0.9431,0.8635,0.7577,1.501,1.3187,-0.6376,0.8351,0.7027,0.0108,0.172,0.557,0.8123,0.7351,0.0054,0.1243,0.5243,0.812,0.7541,0.0054,0.1243,0.5351,,,,,,,0.1405,,,,,0.0,none,ceb1a0641c157273961690fbb78a4d2ec0d44c390eedbfc964abebeee5e883bc,d0200b9f2a4d2ba138e64028264933e64d4c5313ccce5fd2045d271f201f4524,1.9171,0.0,1.9171,0.0622,0.0,0.0622
synthetic_low_sparse,GraphSAGE,dropedge,"{""rate"": 0.3}",2024,0.2982,0.005,0.0,0.72,0.7162,0.9057,0.9368,0.9138,1.43,1.2089,-0.4932,0.8343,0.7898,0.0575,0.2529,0.629,0.8421,0.7614,0.0625,0.1875,0.6307,0.8417,0.8097,0.0625,0.1875,0.6307,,,,,,,0.2018,,,,,0.0,none,a19ef97a0b9bc35d8567ae5ea1666ace5116af9bd0e8cffd87243ccf9adcab84,3eb9269081c53fa3cdcf3d54b92ce5b1f85a75225e9b4abc7f469bfa290bd2f3,1.9029,0.0,1.9029,0.0853,0.0,0.0853
synthetic_low_sparse,GraphSAGE,dropedge,"{""rate"": 0.3}",3141,0.2982,0.005,0.0,0.76,0.7569,0.9502,0.9973,0.8601,1.5589,1.2701,-0.5616,0.8766,0.7278,0.0976,0.2683,0.7103,0.8325,0.7389,0.1,0.2167,0.5944,0.8329,0.7778,0.1,0.2167,0.5944,,,,,,,0.117,,,,,0.0,none,04aa67202a5d89f2bb4719ff38e25f083158eba3e326553ce85c20b36d500b67,f9f3ecf1673634d773eab76899f75ff6abfcbc115d790f7272aa53311392e756,1.9009,0.0,1.9009,0.0436,0.0,0.0436
synthetic_low_sparse,GraphSAGE,dropedge,"{""rate"": 0.3}",5000,0.2982,0.005,0.0,0.82,0.8186,0.9604,1.0112,0.9174,1.5496,1.2321,-0.5385,0.8445,0.6935,0.0706,0.1176,0.6064,0.8404,0.7688,0.0,0.1505,0.6022,0.8411,0.75,0.0215,0.1505,0.6022,,,,,,,0.0918,,,,,0.0,none,5a9ea266bfaa9a0689ef3dd0b4ab53ebe1b219ceac3c924871f6e8eeb1e02061,d0674aa0e35f6056b903cd479565ab2bd5e055406271f7f2416a435cbbc5cbda,1.8075,0.0,1.8075,0.0854,0.0,0.0854
synthetic_low_sparse,GraphSAGE,dropedge,"{""rate"": 0.3}",7777,0.2982,0.005,0.0,0.685,0.6799,0.9119,0.9292,0.8442,1.4405,1.1342,-0.5113,0.8458,0.7892,0.0532,0.1064,0.6295,0.8463,0.7892,0.0,0.0811,0.6378,0.8459,0.7973,0.0108,0.0811,0.6378,,,,,,,0.2092,,,,,0.0,none,3bd9af6ee161cabc69f55a2dd3b82253a931ed5b20d1e75f6912cb83260eae87,0bf39e4fe42f70879973f961f213e780458368ec85c86d3d76109a3acb44c0d1,1.8907,0.0,1.8907,0.0509,0.0,0.0509
synthetic_low_sparse,GraphSAGE,dropedge,"{""rate"": 0.3}",9999,0.2982,0.005,0.0,0.755,0.7482,0.9486,1.0247,0.9194,1.789,1.2543,-0.7643,0.8027,0.7045,0.0471,0.1529,0.5471,0.8059,0.7159,0.0284,0.142,0.5511,0.8057,0.7188,0.0455,0.142,0.5455,,,,,,,0.1476,,,,,0.0,none,c241114e478f0b312f6dc48bff06216d32348d6e04beee04f8b32fd8366ea42d,9ed1fa532de4ab7ccd7c70afa70ceab40a4a8f72dfa685afe7ef287d58dcb614,1.8018,0.0,1.8018,0.0612,0.0,0.0612
synthetic_low_sparse,GraphSAGE,label_smoothing,"{""alpha"": 0.1}",42,0.2982,0.005,0.0,0.665,0.6651,0.8834,0.6245,0.3903,0.4668,0.3854,0.1577,0.9132,0.9037,0.0233,0.2558,0.8282,0.917,0.8877,0.0053,0.2513,0.8289,0.9168,0.9064,0.0053,0.2513,0.8289,,,,,,,0.0996,,,,,0.0,none,e0c8217b4e49847f118c855e35ec430fbe73fa62838296b63ec7e6a0e95ace1c,5c3bdc874a5ea15adb4b81e64c841a0be023a37acd1502f2dcdcaceb7ddd35d4,1.845,0.0,1.845,0.5033,0.0,0.5033
synthetic_low_sparse,GraphSAGE,label_smoothing,"{""alpha"": 0.1}",123,0.2982,0.005,0.0,0.62,0.6115,0.8868,0.613,0.3879,0.4511,0.3626,0.1619,0.8673,0.8462,0.0,0.125,0.7113,0.8792,0.8352,0.0,0.0934,0.7363,0.8764,0.8599,0.0,0.0824,0.7308,,,,,,,0.0753,,,,,0.0,none,105a0306f9746aca6081e7727da19b8010fe168bc9dd52e0ea3366696fb281ba,44f1185872e4c12bf92f354e7e26edebffb5f49f1be8b634fda4eace033cd5c3,1.8596,0.0,1.8596,0.5104,0.0,0.5104
synthetic_low_sparse,GraphSAGE,label_smoothing,"{""alpha"": 0.1}",456,0.2982,0.005,0.0,0.69,0.6886,0.9033,0.6314,0.4253,0.5313,0.4322,0.1001,0.9307,0.8836,0.0,0.4211,0.7769,0.9249,0.873,0.0053,0.3862,0.7884,0.92,0.8677,0.0053,0.3704,0.7672,,,,,,,0.0572,,,,,0.0,none,02c9457f2954b7181dc89cb9fd30c96ad02716d295c4d9f678deb2e0106d068d,082fcf668b5ee14d07701468e2b7c1fb6d6719fdd9c8b91db6e39d3630d034de,1.9481,0.0,1.9481,0.5003,0.0,0.5003
synthetic_low_sparse,GraphSAGE,label_smoothing,"{""alpha"": 0.1}",789,0.2982,0.005,0.0,0.705,0.7012,0.9375,0.6384,0.4337,0.5622,0.4421,0.0762,0.8572,0.8407,0.0,0.0444,0.706,0.8736,0.8187,0.0,0.0769,0.7418,0.8741,0.8434,0.0,0.0769,0.7473,,,,,,,0.0697,,,,,0.0,none,fead03f9883db02690b95ea52926ca4078bc8792388a5ef9038b78778fca96ed,4eb981862bba381b6a8007bab6abc10eed486d0d5812a7b45f2d10a9cf645f2e,1.8848,0.0,1.8848,0.5189,0.0,0.5189
synthetic_low_sparse,GraphSAGE,label_smoothing,"{""alpha"": 0.1}",1024,0.2982,0.005,0.0,0.715,0.7036,0.9237,0.6204,0.4296,0.545,0.431,0.0753,0.8834,0.8595,0.0,0.129,0.7396,0.8768,0.8324,0.0054,0.0865,0.7514,0.873,0.8622,0.0054,0.0811,0.7351,,,,,,,0.0677,,,,,0.0,none,13064a7a5e22121c591cd258380f4e339c61292d4e6ab253a8280ba12ab739f5,d07f99d997826edc94e091f2e456b1c148f33f17714886aae4b10a5673e3ff10,1.8957,0.0,1.8957,0.4908,0.0,0.4908
synthetic_low_sparse,GraphSAGE,label_smoothing,"{""alpha"": 0.1}",2024,0.2982,0.005,0.0,0.6,0.5947,0.8655,0.6258,0.4145,0.491,0.397,0.1349,0.9065,0.9034,0.0,0.1379,0.8197,0.9151,0.858,0.0,0.2557,0.7898,0.9154,0.8864,0.0,0.2557,0.7898,,,,,,,0.0739,,,,,0.0,none,7d093620ee9aea6a5d0b09eecf918b66ccc72e15882a397c22f89d91fc04e928,e1cd62fd4ceb18d47fee758fdf2fea033d62992e33e97e64cd458ebeb702a293,1.869,0.0,1.869,0.4901,0.0,0.4901
synthetic_low_sparse,GraphSAGE,label_smoothing,"{""alpha"": 0.1}",3141,0.2982,0.005,0.0,0.715,0.7119,0.9161,0.6884,0.4754,0.5141,0.3989,0.1742,0.92,0.8778,0.061,0.4268,0.7837,0.9217,0.85,0.0833,0.4722,0.7722,0.9181,0.875,0.0833,0.4389,0.7667,,,,,,,0.0901,,,,,0.0,none,1a9795d4858ad09844db9c75edb14ae9eee9037b9da085246805cc9106a83554,49bea180a012f26b2e40fd368b1e471d4fd96dd08fd1b4680aa5ab6d60c23fec,1.8026,0.0,1.8026,0.5038,0.0,0.5038
synthetic_low_sparse,GraphSAGE,label_smoothing,"{""alpha"": 0.1}",5000,0.2982,0.005,0.0,0.74,0.7402,0.9351,0.6928,0.3946,0.5033,0.3913,0.1895,0.9132,0.8817,0.0118,0.1529,0.8218,0.9162,0.871,0.0,0.2097,0.8065,0.9118,0.8683,0.0,0.1882,0.8011,,,,,,,0.0958,,,,,0.0,none,595cb6c6ce71b1a9021ca6823d56f3dfc0947cd3ca8e8287f4d854f3874b70d2,3e2bfe3a3fa59ac1bc5aaf3d88bdf2bcf4d4274ace65a7a3d2b46e7af4480e32,1.8103,0.0,1.8103,0.4818,0.0,0.4818
synthetic_low_sparse,GraphSAGE,label_smoothing,"{""alpha"": 0.1}",7777,0.2982,0.005,0.0,0.6,0.5953,0.8684,0.6368,0.411,0.4844,0.3853,0.1524,0.8929,0.8757,0.0,0.0745,0.7717,0.9097,0.8703,0.0,0.0757,0.8,0.9097,0.8946,0.0,0.0757,0.8,,,,,,,0.0776,,,,,0.0,none,9173da2a25a428ae20e45eebf84ae7a944271990b779e0d17bf6410e15557a2e,b90076323532b36af102109a9a2bef0d6440d52637acd7ac5e685148b2fd9efc,1.9063,0.0,1.9063,0.4916,0.0,0.4916
synthetic_low_sparse,GraphSAGE,label_smoothing,"{""alpha"": 0.1}",9999,0.2982,0.005,0.0,0.695,0.6927,0.9168,0.6676,0.4149,0.5433,0.4127,0.1243,0.8763,0.8523,0.0,0.2118,0.7237,0.8678,0.8011,0.0,0.0909,0.7386,0.8701,0.8636,0.0,0.0909,0.7386,,,,,,,0.0686,,,,,0.0,none,5337d1ecff2d8252aba5b6be097b54c5ebcbf330b1efe291b89785016f3d7b9d,7556c74f375a91bbde01f9c8b0409250eaa39b81540e55b383693ed5a77d7556,1.7716,0.0,1.7716,0.4859,0.0,0.4859
synthetic_low_sparse,GraphSAGE,early_stopping,"{""patience"": 15}",42,0.2982,0.005,0.0,0.645,0.6404,0.8936,0.6404,0.8672,1.3913,1.4248,-0.7509,0.8698,0.7754,0.0814,0.2326,0.7129,0.867,0.7754,0.0,0.246,0.6898,0.8671,0.8342,0.0374,0.246,0.6898,,,,,,,0.2265,,,,,0.0,none,cd4ebe829bc05b2a5234ce01a311a985cfb7ff67e4737a053f262b72194ba94f,ce4a6bc90cc00952fd08d27062a612c4f1d9653f7a947afc90c3607b1782abff,1.8491,0.0,1.8491,0.0291,0.0,0.0291
synthetic_low_sparse,GraphSAGE,early_stopping,"{""patience"": 15}",123,0.2982,0.005,0.0,0.665,0.6613,0.9052,0.6827,0.8175,1.2963,1.4617,-0.6136,0.8559,0.7637,0.0455,0.3295,0.6148,0.8663,0.7747,0.0,0.2527,0.6813,0.8665,0.7885,0.044,0.2527,0.6758,,,,,,,0.2376,,,,,0.0,none,6ccc5851b52e5fe30d7e0fd9e5b92391a691e773f22f3067171b27662ae7cf5f,8b7372eddc40f023af907c8614908d6f562f9765edbacf9b1c550f8a9f514455,1.8635,0.0,1.8635,0.0338,0.0,0.0338
synthetic_low_sparse,GraphSAGE,early_stopping,"{""patience"": 15}",456,0.2982,0.005,0.0,0.69,0.6901,0.9283,0.8276,1.1791,1.6536,1.7881,-0.826,0.8804,0.7725,0.0526,0.3789,0.6496,0.8705,0.7884,0.0,0.3651,0.6349,0.87,0.7989,0.037,0.3704,0.6243,,,,,,,0.187,,,,,0.0,none,babfc74a10f3bfa2eedf33dc4ab4457e77b4cf19b7803db2cfaa8777562a148b,233006e936fc071a96f44bbb4aac22df8e7fcaf924be96e83ddde68bce5cb71a,1.95,0.0,1.95,0.0224,0.0,0.0224
synthetic_low_sparse,GraphSAGE,early_stopping,"{""patience"": 15}",789,0.2982,0.005,0.0,0.715,0.7098,0.9467,0.7764,0.98,1.5081,1.5094,-0.7317,0.8046,0.7473,0.0,0.0889,0.6068,0.8172,0.7363,0.0,0.0934,0.6209,0.8163,0.739,0.0,0.0934,0.6209,,,,,,,0.1807,,,,,0.0,none,06c0c28516014c7f356f4ab325663391fa6fd797bec6bc7ff2d1ff7776ba52ea,b2cd442d583bafdcf01ab46f389721e4b267f657c41c478ac184360d92fec153,1.8889,0.0,1.8889,0.0426,0.0,0.0426
synthetic_low_sparse,GraphSAGE,early_stopping,"{""patience"": 15}",1024,0.2982,0.005,0.0,0.77,0.7639,0.9374,0.675,0.8185,1.325,1.3543,-0.65,0.8481,0.7568,0.0215,0.1828,0.6207,0.8356,0.7622,0.0054,0.1189,0.6216,0.8352,0.7919,0.0054,0.1189,0.6216,,,,,,,0.1072,,,,,0.0,none,bb1efa2f2840ad98d4a47e7b6a7a9bb573b96b6b2c83fd72f5ed63c14791aa8d,ca21ae307205e340386c9ec16a8af64e4f7a665af04bb1107063d4354b06f4ee,1.9019,0.0,1.9019,0.0238,0.0,0.0238
synthetic_low_sparse,GraphSAGE,early_stopping,"{""patience"": 15}",2024,0.2982,0.005,0.0,0.625,0.6198,0.8725,0.7265,0.9874,1.3715,1.412,-0.6451,0.8679,0.7727,0.0575,0.1954,0.6959,0.8928,0.8352,0.0568,0.3125,0.6875,0.8917,0.8239,0.0625,0.3068,0.6875,,,,,,,0.251,,,,,0.0,none,85f41120c084fc977088111ae1603b8eeffb93b8fdf8b49c0358c5f651a406b3,24ea27986cb8ee613cbb0f3e4d3e8032e5b5bbf296a0a9f32a4055429ce22797,1.8761,0.0,1.8761,0.019,0.0,0.019
synthetic_low_sparse,GraphSAGE,early_stopping,"{""patience"": 15}",3141,0.2982,0.005,0.0,0.75,0.748,0.9427,0.7929,0.9934,1.473,1.5879,-0.6801,0.8931,0.7333,0.0488,0.3902,0.6837,0.8683,0.7889,0.0278,0.2889,0.6167,0.8685,0.7944,0.0389,0.2889,0.6111,,,,,,,0.1341,,,,,0.0,none,e47ef88cda401b330dec29269538e3928faa3bf03a13f73d28dbbf8fb8e33df0,144d5b57b38daeacf0cf0eb4d775cbd098e1bcaf5eb8ceb0ef2f5b363fea1e91,1.7968,0.0,1.7968,0.033,0.0,0.033
synthetic_low_sparse,GraphSAGE,early_stopping,"{""patience"": 15}",5000,0.2982,0.005,0.0,0.77,0.7695,0.953,0.7348,0.881,1.2629,1.1228,-0.5281,0.8782,0.7204,0.0,0.3059,0.6974,0.865,0.7957,0.0054,0.2742,0.629,0.8661,0.7984,0.0054,0.2796,0.6344,,,,,,,0.1167,,,,,0.0,none,9cc953531d81127d638357f9df1a16a7d48e7682ac799ef2797fd5ad3187bf9c,49f3dc59ea9e9bc27223559dfe18ad2f03b51bfa972efc6aaf9218b1aad826a2,1.7979,0.0,1.7979,0.0228,0.0,0.0228
synthetic_low_sparse,GraphSAGE,early_stopping,"{""patience"": 15}",7777,0.2982,0.005,0.0,0.66,0.6547,0.883,0.7181,0.8315,1.3389,1.4294,-0.6208,0.8886,0.8,0.0745,0.266,0.7263,0.8969,0.8378,0.0486,0.2865,0.7622,0.8969,0.8784,0.0486,0.2865,0.7622,,,,,,,0.2033,,,,,0.0,none,6f20188c8b7026090c6f83173e520558492461bb432eec872fa8b92e69ccb988,9af8f9e3da43af511aefb0d3963809a1cace43453e9af696d2af890464b62668,1.9036,0.0,1.9036,0.0217,0.0,0.0217
synthetic_low_sparse,GraphSAGE,early_stopping,"{""patience"": 15}",9999,0.2982,0.005,0.0,0.69,0.6851,0.9348,0.7812,0.9617,1.6188,1.4797,-0.8375,0.8657,0.7557,0.0235,0.2235,0.6884,0.8592,0.7841,0.0284,0.1989,0.6591,0.8586,0.7812,0.0284,0.1989,0.6591,,,,,,,0.2082,,,,,0.0,none,2f67a895fe14ecad5012775d62fa554e7c0777ba63c3636b5488525b86d997fc,62222f50e7ba78d38cb68c4155943301957a58e37b4321941a22f85972440aac,1.7598,0.0,1.7598,0.0191,0.0,0.0191
synthetic_low_sparse,GraphSAGE,confidence_masking,"{""top_k"": 2}",42,0.2982,0.005,0.0,0.645,0.6404,0.8626,0.6404,0.8672,1.3913,1.4248,-0.7509,0.8684,0.7647,0.0581,0.2558,0.7129,0.8655,0.7754,0.0,0.2406,0.6898,0.8655,0.8289,0.0428,0.2406,0.6898,,,,,,,0.2462,,,,,0.0,none,cd4ebe829bc05b2a5234ce01a311a985cfb7ff67e4737a053f262b72194ba94f,ce4a6bc90cc00952fd08d27062a612c4f1d9653f7a947afc90c3607b1782abff,1.8491,0.0,1.8491,0.0291,0.0,0.0291
synthetic_low_sparse,GraphSAGE,confidence_masking,"{""top_k"": 2}",123,0.2982,0.005,0.0,0.665,0.6613,0.8782,0.6827,0.8175,1.2963,1.4617,-0.6136,0.858,0.7582,0.0341,0.3295,0.6134,0.8674,0.7692,0.0,0.2857,0.6758,0.8675,0.7995,0.0275,0.2857,0.6758,,,,,,,0.2447,,,,,0.0,none,6ccc5851b52e5fe30d7e0fd9e5b92391a691e773f22f3067171b27662ae7cf5f,8b7372eddc40f023af907c8614908d6f562f9765edbacf9b1c550f8a9f514455,1.8635,0.0,1.8635,0.0338,0.0,0.0338
synthetic_low_sparse,GraphSAGE,confidence_masking,"{""top_k"": 2}",456,0.2982,0.005,0.0,0.69,0.6901,0.8884,0.8276,1.1791,1.6536,1.7881,-0.826,0.8804,0.7672,0.0526,0.3684,0.6496,0.8721,0.7831,0.0,0.3386,0.6296,0.872,0.7937,0.037,0.3386,0.6296,,,,,,,0.2055,,,,,0.0,none,babfc74a10f3bfa2eedf33dc4ab4457e77b4cf19b7803db2cfaa8777562a148b,233006e936fc071a96f44bbb4aac22df8e7fcaf924be96e83ddde68bce5cb71a,1.95,0.0,1.95,0.0224,0.0,0.0224
synthetic_low_sparse,GraphSAGE,confidence_masking,"{""top_k"": 2}",789,0.2982,0.005,0.0,0.715,0.7098,0.9213,0.7764,0.98,1.5081,1.5094,-0.7317,0.8109,0.7418,0.0,0.0667,0.6401,0.8222,0.7473,0.0,0.0989,0.6374,0.8222,0.7363,0.0,0.0989,0.6374,,,,,,,0.1946,,,,,0.0,none,06c0c28516014c7f356f4ab325663391fa6fd797bec6bc7ff2d1ff7776ba52ea,b2cd442d583bafdcf01ab46f389721e4b267f657c41c478ac184360d92fec153,1.8889,0.0,1.8889,0.0426,0.0,0.0426
synthetic_low_sparse,GraphSAGE,confidence_masking,"{""top_k"": 2}",1024,0.2982,0.005,0.0,0.765,0.7581,0.9024,0.6533,0.8126,1.5893,1.7255,-0.936,0.8642,0.7297,0.0108,0.1828,0.6198,0.8444,0.7784,0.0,0.1297,0.6054,0.8443,0.7649,0.0,0.1297,0.6054,,,,,,,0.1667,,,,,0.0,none,db4b7dcf29bcd939c6a4a47402a1451f95da745af951d5536fa975a134a71f4e,d12cb79354e97be075a6fc1b02dfdbefc10017eca838b7734646e523eed7f941,1.9019,0.0,1.9019,0.0203,0.0,0.0203
synthetic_low_sparse,GraphSAGE,confidence_masking,"{""top_k"": 2}",2024,0.2982,0.005,0.0,0.625,0.6198,0.8372,0.7265,0.9874,1.3715,1.412,-0.6451,0.8773,0.7557,0.0575,0.2529,0.7188,0.8975,0.8295,0.0625,0.3068,0.7102,0.8975,0.821,0.0625,0.3068,0.7102,,,,,,,0.2708,,,,,0.0,none,85f41120c084fc977088111ae1603b8eeffb93b8fdf8b49c0358c5f651a406b3,24ea27986cb8ee613cbb0f3e4d3e8032e5b5bbf296a0a9f32a4055429ce22797,1.8761,0.0,1.8761,0.019,0.0,0.019
synthetic_low_sparse,GraphSAGE,confidence_masking,"{""top_k"": 2}",3141,0.2982,0.005,0.0,0.75,0.748,0.912,0.7929,0.9934,1.473,1.5879,-0.6801,0.8947,0.7278,0.0366,0.378,0.6939,0.8672,0.7944,0.0278,0.3167,0.6278,0.8672,0.7944,0.0278,0.3167,0.6278,,,,,,,0.1378,,,,,0.0,none,e47ef88cda401b330dec29269538e3928faa3bf03a13f73d28dbbf8fb8e33df0,144d5b57b38daeacf0cf0eb4d775cbd098e1bcaf5eb8ceb0ef2f5b363fea1e91,1.7968,0.0,1.7968,0.033,0.0,0.033
synthetic_low_sparse,GraphSAGE,confidence_masking,"{""top_k"": 2}",5000,0.2982,0.005,0.0,0.78,0.7804,0.9162,0.7641,0.9534,1.4357,1.2968,-0.6715,0.8864,0.7043,0.0,0.2353,0.711,0.8748,0.8011,0.0,0.2473,0.6559,0.8748,0.7769,0.0054,0.2473,0.6559,,,,,,,0.127,,,,,0.0,none,ed34a4b21fc51e30365c5b758708753160100858149a0cf066a6ec52488d4d76,7cc9c0d7a1d075c49a5c76f12dae63cb42884c38738c78344d0fc3c06c764dd1,1.7979,0.0,1.7979,0.0212,0.0,0.0212
synthetic_low_sparse,GraphSAGE,confidence_masking,"{""top_k"": 2}",7777,0.2982,0.005,0.0,0.66,0.6547,0.861,0.7181,0.8315,1.3389,1.4294,-0.6208,0.8868,0.7892,0.0638,0.2872,0.7267,0.8976,0.8432,0.0432,0.3081,0.7568,0.8976,0.8703,0.0432,0.3081,0.7568,,,,,,,0.2211,,,,,0.0,none,6f20188c8b7026090c6f83173e520558492461bb432eec872fa8b92e69ccb988,9af8f9e3da43af511aefb0d3963809a1cace43453e9af696d2af890464b62668,1.9036,0.0,1.9036,0.0217,0.0,0.0217
synthetic_low_sparse,GraphSAGE,confidence_masking,"{""top_k"": 2}",9999,0.2982,0.005,0.0,0.69,0.6851,0.9003,0.7812,0.9617,1.6188,1.4797,-0.8375,0.8681,0.75,0.0235,0.2235,0.6892,0.8621,0.7898,0.0284,0.1761,0.6705,0.8622,0.7756,0.0284,0.1818,0.6705,,,,,,,0.2239,,,,,0.0,none,2f67a895fe14ecad5012775d62fa554e7c0777ba63c3636b5488525b86d997fc,62222f50e7ba78d38cb68c4155943301957a58e37b4321941a22f85972440aac,1.7598,0.0,1.7598,0.0191,0.0,0.0191
synthetic_low_sparse,GraphSAGE,edge_sparsification,"{""rate"": 0.2}",42,0.2982,0.005,0.0,0.675,0.6686,0.8942,0.857,1.4186,1.494,1.5731,-0.637,0.8773,0.7861,0.0814,0.2791,0.7012,0.8756,0.7968,0.0481,0.246,0.6845,0.8757,0.8369,0.0802,0.2513,0.6845,,,,,,,0.2108,,,,,0.0,none,556664e56c5b83ede92ada49de799e0dea323d6d3b2660100bee051f0363edf1,cf97bd0939abedf7f1876a7464f208064e0c197b4967278860a87e63eb746ea9,1.8025,0.0,1.8025,0.0104,0.0,0.0104
synthetic_low_sparse,GraphSAGE,edge_sparsification,"{""rate"": 0.2}",123,0.2982,0.005,0.0,0.65,0.6414,0.895,0.8541,1.0007,1.3856,1.5216,-0.5315,0.8697,0.7363,0.0,0.1818,0.6601,0.8659,0.8132,0.0,0.1319,0.6758,0.8654,0.7967,0.0055,0.1374,0.6758,,,,,,,0.2532,,,,,0.0,none,cb5fd4b493b6467b531c085641dccf50fa3ddfa452ca2dc16def84d44acf018e,0b4ef8bda144c7cf0bf38764e3f7ef8c970c80f4ded6557e150c7a23881c25a3,1.8377,0.0,1.8377,0.0343,0.0,0.0343
synthetic_low_sparse,GraphSAGE,edge_sparsification,"{""rate"": 0.2}",456,0.2982,0.005,0.0,0.69,0.684,0.9227,0.8332,1.1136,1.4772,1.4319,-0.644,0.8144,0.7672,0.0316,0.1158,0.6068,0.8118,0.7249,0.0,0.164,0.5714,0.8118,0.7646,0.0423,0.164,0.5714,,,,,,,0.2004,,,,,0.0,none,52efa111d9ba4e5c9b8c11e7fc9065965c2aefbe064ec62706c8949a8d906eb6,a0b957f2a803848f6b8beeccf5d2e125c00adcbfd98e75f78ebca0b5203bb881,2.0309,0.0,2.0309,0.0142,0.0,0.0142
synthetic_low_sparse,GraphSAGE,edge_sparsification,"{""rate"": 0.2}",789,0.2982,0.005,0.0,0.655,0.6527,0.9358,0.9776,1.2933,1.3666,1.4919,-0.389,0.7995,0.7418,0.0111,0.1,0.5643,0.8211,0.7418,0.0,0.0879,0.5879,0.8207,0.7692,0.0165,0.0989,0.5879,,,,,,,0.2237,,,,,0.0,none,84cf11f3a04b1f94a0577931bfbdfd3d9341ce0acc6ab642f963976498fc31a5,9c22030b14d5b43ec294fc07a5d44ebf27e150f1116a82ff0e234f32f85e701f,1.899,0.0,1.899,0.0125,0.0,0.0125
synthetic_low_sparse,GraphSAGE,edge_sparsification,"{""rate"": 0.2}",1024,0.2982,0.005,0.0,0.75,0.7401,0.9235,0.802,1.0304,1.4065,1.6027,-0.6045,0.8583,0.7351,0.086,0.2043,0.6533,0.8465,0.7784,0.0,0.1189,0.6541,0.8457,0.7892,0.0162,0.1189,0.6486,,,,,,,0.1425,,,,,0.0,none,1a07bbaaee2eb48dd2c46f095b5f9a95998493c541eabd797d78859b00db9f1b,c4a253d1346312fd3aed06600a3dcfc988c188542d3d7026642cd5a2c2132d07,1.8778,0.0,1.8778,0.0483,0.0,0.0483
synthetic_low_sparse,GraphSAGE,edge_sparsification,"{""rate"": 0.2}",2024,0.2982,0.005,0.0,0.645,0.6409,0.8725,0.8095,0.9197,1.2238,1.321,-0.4143,0.8512,0.7273,0.046,0.1954,0.6611,0.8804,0.8125,0.0739,0.2898,0.6818,0.8791,0.7955,0.0795,0.2841,0.6818,,,,,,,0.2385,,,,,0.0,none,cf0691a5564ab45b26c0dfbf4f08a2cafce15250f47a9fe3a7314a11c02ed541,23836dc2ef8938273e6c1d4209b3b1f64afa54fc6ca53fc82a404ccbc5ebe97f,1.8628,0.0,1.8628,0.0294,0.0,0.0294
synthetic_low_sparse,GraphSAGE,edge_sparsification,"{""rate"": 0.2}",3141,0.2982,0.005,0.0,0.71,0.7076,0.9296,0.9415,1.0397,1.4999,1.4774,-0.5585,0.8802,0.7444,0.061,0.2073,0.7041,0.8516,0.7833,0.1111,0.1778,0.6,0.8513,0.7972,0.1111,0.1778,0.6056,,,,,,,0.1732,,,,,0.0,none,d2db8cf40f624af72a7446256ac1770c7a4bdd2d5a056bf1584970e28766115d,b41d39cbee9d487950459082379f158bceabfefd5d5d6bcc88dc10bcca446f15,1.8716,0.0,1.8716,0.0271,0.0,0.0271
synthetic_low_sparse,GraphSAGE,edge_sparsification,"{""rate"": 0.2}",5000,0.2982,0.005,0.0,0.73,0.7287,0.9422,0.9252,1.1766,1.483,1.4408,-0.5578,0.9081,0.6989,0.2235,0.4118,0.7314,0.8924,0.8118,0.1882,0.3602,0.6828,0.8927,0.7715,0.1935,0.3548,0.6774,,,,,,,0.1751,,,,,0.0,none,a467e4bca171460c68611b24653f8b6083375d238cb63f858f0079b5a123f986,5fd6f32702cbc11f311c21fd3858462aba361b652fec44b56790333f5a521c9b,1.7796,0.0,1.7796,0.0155,0.0,0.0155
synthetic_low_sparse,GraphSAGE,edge_sparsification,"{""rate"": 0.2}",7777,0.2982,0.005,0.0,0.655,0.6509,0.8978,0.841,1.0329,1.288,1.2785,-0.4471,0.8416,0.773,0.0745,0.2021,0.6178,0.8702,0.7946,0.0162,0.227,0.6649,0.8696,0.8297,0.0216,0.227,0.6595,,,,,,,0.2286,,,,,0.0,none,e60013be4bfc08239aa556efa18f967439d849d464701892daaef0e7380ae87c,8a81686e13653c7c2c5f43d2e9e2bf01feb2fa8e82997b022a922c36ad91012f,1.8748,0.0,1.8748,0.0287,0.0,0.0287
synthetic_low_sparse,GraphSAGE,edge_sparsification,"{""rate"": 0.2}",9999,0.2982,0.005,0.0,0.705,0.701,0.9229,0.913,1.0564,1.657,1.4525,-0.7439,0.8781,0.7386,0.0471,0.1059,0.7002,0.8722,0.8011,0.0341,0.1648,0.6761,0.8716,0.7869,0.0341,0.1705,0.6761,,,,,,,0.2007,,,,,0.0,none,54ac53a426edc8cc8ca2f6b75e537335ef85008bd2d853bd5e40699e613d930e,0e2ff90f690ee25cbe03ef17de7349420c90a0b7304b8f2a7f9eac20dd905c0c,1.7983,0.0,1.7983,0.0255,0.0,0.0255
synthetic_low_sparse,GraphSAGE,epsd_tuned,"{""lambda_epsd"": 1.0}",42,0.2982,0.005,0.0,0.53,0.5266,0.7942,0.1217,0.2118,0.2484,0.3118,-0.1266,0.8944,0.7807,0.2674,0.3953,0.6444,0.8865,0.8075,0.123,0.3583,0.6364,0.8416,0.7594,0.123,0.369,0.6364,,,,,,,0.2421,,,,,1.0,none,ce711930b42131fa0a643a2216d99f9b5fe80ad06c0c93b8927a2e3b41e0e361,6f7116f06923bdefe60f398421a70456da9e8e870c92bda5cbfdb1019150045e,1.8491,0.205,2.0541,0.0961,0.2478,0.3439
synthetic_low_sparse,GraphSAGE,epsd_tuned,"{""lambda_epsd"": 1.0}",123,0.2982,0.005,0.0,0.505,0.5076,0.7905,0.1318,0.2131,0.2124,0.2647,-0.0806,0.8536,0.7582,0.1023,0.2955,0.5798,0.8688,0.7802,0.1319,0.2912,0.5934,0.7918,0.7445,0.1264,0.2967,0.5934,,,,,,,0.2948,,,,,1.0,none,718e5a86703768e9207d7ed162dc692633a025656b225e97a54f93d44ae3ddfa,a2e3d8f990f98f724dcb58bffca5319f047fe970b195c8937c2484535c1d8280,1.8635,0.2061,2.0696,0.1366,0.2237,0.3604
synthetic_low_sparse,GraphSAGE,epsd_tuned,"{""lambda_epsd"": 1.0}",456,0.2982,0.005,0.0,0.51,0.5104,0.7725,0.1355,0.2309,0.2506,0.3761,-0.115,0.8869,0.7884,0.1368,0.5263,0.5881,0.8882,0.8095,0.1429,0.3757,0.619,0.8267,0.7593,0.1323,0.3598,0.619,,,,,,,0.2839,,,,,1.0,none,c250536ece78bed7a9930bdfd58a8af49f921af594d8f6706f282a3e15b399bc,335e89251cd1882a96e13affdd6bfb652c6e1105f4e2f9c24a9625a8c1977946,1.95,0.1936,2.1436,0.1158,0.2507,0.3665
synthetic_low_sparse,GraphSAGE,epsd_tuned,"{""lambda_epsd"": 1.0}",789,0.2982,0.005,0.0,0.565,0.5631,0.8457,0.1326,0.223,0.2691,0.3249,-0.1365,0.8604,0.7857,0.0111,0.2111,0.6382,0.8594,0.7912,0.011,0.3407,0.6044,0.8244,0.7143,0.011,0.3352,0.6099,,,,,,,0.2036,,,,,1.0,none,e077b012b2acab71418c1afc94172a8c3cc8c18022195defba13be595505ef65,2fc073c79a7edf59d903ce26ecd4c3f14eac7b5527480d5f63e4552f7b95411b,1.8889,0.1961,2.0851,0.1089,0.2286,0.3375
synthetic_low_sparse,GraphSAGE,epsd_tuned,"{""lambda_epsd"": 1.0}",1024,0.2982,0.005,0.0,0.59,0.587,0.8208,0.114,0.1933,0.2977,0.3883,-0.1837,0.8876,0.7892,0.0645,0.3763,0.6429,0.8638,0.7946,0.0324,0.3189,0.6162,0.8231,0.7351,0.0324,0.3243,0.6054,,,,,,,0.1944,,,,,1.0,none,e90832a099a186b8087a3db5d2e0ba3dd249b2187cd4d1418b1d81ae11bb220b,a66212d9a374f3bc5de15c1f49683e7928cb5c09c4e85632f4f9e33261770658,1.9019,0.2212,2.1232,0.1249,0.2188,0.3437
synthetic_low_sparse,GraphSAGE,epsd_tuned,"{""lambda_epsd"": 1.0}",2024,0.2982,0.005,0.0,0.45,0.4386,0.7403,0.1339,0.2122,0.2467,0.3144,-0.1128,0.8455,0.733,0.0115,0.3103,0.5838,0.8767,0.7841,0.0284,0.3523,0.6023,0.7883,0.7472,0.0284,0.3409,0.5909,,,,,,,0.368,,,,,1.0,none,024e70f625f4fba9034f2d8f7b26da1b1916ed9f6643062255f4554f990f671a,aaf1c1390ed613f550f098833b88def5760fc5fb0854f7f3822b29b56c28946f,1.8761,0.1767,2.0528,0.1569,0.2536,0.4104
synthetic_low_sparse,GraphSAGE,epsd_tuned,"{""lambda_epsd"": 1.0}",3141,0.2982,0.005,0.0,0.54,0.5427,0.8205,0.1483,0.2243,0.2702,0.362,-0.1218,0.8935,0.8056,0.0,0.3537,0.6613,0.8772,0.7944,0.0222,0.3556,0.6056,0.8254,0.6917,0.0222,0.35,0.5944,,,,,,,0.1708,,,,,1.0,none,bddddd57cf6e3402a1855c8f0d5c8e9b5dcfa6d42202a1ad266042ccc3e4d0b0,95ecce43e8713531f85615cde5558ae9d422a0afcfae2bb1f11d619c24111dbb,1.7968,0.2204,2.0172,0.1476,0.249,0.3965
synthetic_low_sparse,GraphSAGE,epsd_tuned,"{""lambda_epsd"": 1.0}",5000,0.2982,0.005,0.0,0.575,0.575,0.8332,0.1223,0.1944,0.2396,0.2975,-0.1173,0.8797,0.7634,0.1882,0.4588,0.6274,0.8563,0.7903,0.0376,0.2581,0.5806,0.8151,0.7204,0.0376,0.2527,0.586,,,,,,,0.1712,,,,,1.0,none,41aaa3bf36680bdbe058670d8c7f89cbd644282bb2dac4623fb2fb2f21d432d6,2008500b6688a50fcc3000a2e0d8e82c54d2258f47a143566e8cd422c590bc05,1.7979,0.2192,2.0172,0.1414,0.2217,0.363
synthetic_low_sparse,GraphSAGE,epsd_tuned,"{""lambda_epsd"": 1.0}",7777,0.2982,0.005,0.0,0.48,0.4684,0.7726,0.1321,0.2208,0.2297,0.2857,-0.0976,0.8658,0.7892,0.0106,0.1915,0.5997,0.886,0.8108,0.0541,0.2432,0.6432,0.8233,0.6919,0.0541,0.2378,0.627,,,,,,,0.2496,,,,,1.0,none,5b9b82a6e8a4a8ddf63cfcfae6d026e1446d67051483d7498104164645ddf951,16b85baa7a82779ef4a3882173c6ea704bb471b8c1a5fcf85cf22a3d71164ceb,1.9036,0.2109,2.1145,0.1499,0.2443,0.3942
synthetic_low_sparse,GraphSAGE,epsd_tuned,"{""lambda_epsd"": 1.0}",9999,0.2982,0.005,0.0,0.52,0.5218,0.8068,0.1178,0.1851,0.2729,0.3043,-0.1551,0.8831,0.8011,0.0588,0.2706,0.6963,0.8697,0.8011,0.0511,0.1818,0.6193,0.8356,0.7386,0.0568,0.1818,0.625,,,,,,,0.2542,,,,,1.0,none,5aa33d72cecd4ee641c65e250b4d8bbdff5556069f5ad77005454a2276ed54de,0269e63ae2467e1301034f81a79b9e6eab2569dbc32d619bd68bacd8d32faa38,1.7598,0.2602,2.02,0.1137,0.229,0.3427
synthetic_low_medium,LogReg,none,{},42,0.2999,0.015,0.002,0.725,0.7225,0.9345,,,,,,0.6135,0.6519,0.0233,0.0698,0.348,0.6187,0.558,0.0276,0.0718,0.3867,0.7811,0.6823,0.0387,0.1381,0.442,,,,,,,0.1632,,,,,0.0,none,N/A,f97684caab2b6c56670a9f35b516913aee68b70c4498767c533af5aa511b1eda,,,,,,
synthetic_low_medium,LogReg,none,{},123,0.2999,0.015,0.0021,0.725,0.7223,0.9186,,,,,,0.6552,0.6811,0.011,0.011,0.4039,0.7073,0.6378,0.0162,0.0541,0.4595,0.7588,0.7,0.0703,0.1676,0.4486,,,,,,,0.1497,,,,,0.0,none,N/A,01c13d4388bd02980435f1bc332a849124a6236388c19ecd5fa84800feb27ca0,,,,,,
synthetic_low_medium,LogReg,none,{},456,0.2999,0.015,0.0019,0.745,0.7469,0.9404,,,,,,0.613,0.6448,0.0,0.033,0.3366,0.6233,0.5683,0.0,0.0328,0.3825,0.757,0.6803,0.0383,0.2022,0.3989,,,,,,,0.1393,,,,,0.0,none,N/A,ea62bdabefc5a0e43d10c144c94f4734d81ca2404512d73a89fef5608d497ade,,,,,,
synthetic_low_medium,LogReg,none,{},789,0.2999,0.015,0.002,0.73,0.7237,0.9431,,,,,,0.6319,0.672,0.0,0.0211,0.3834,0.6406,0.5767,0.0,0.0265,0.3915,0.6401,0.6667,0.0,0.0265,0.3915,,,,,,,0.1471,,,,,0.0,none,N/A,90457d012a73f2791c912775be6115f49f047b1800e51daa2f859591a2b705d2,,,,,,
synthetic_low_medium,LogReg,none,{},1024,0.2999,0.015,0.002,0.75,0.7463,0.9348,,,,,,0.6554,0.6813,0.0111,0.0222,0.4348,0.6845,0.6044,0.0,0.0495,0.4451,0.7838,0.706,0.0165,0.1923,0.4505,,,,,,,0.1215,,,,,0.0,none,N/A,c815b85046d936802f0b0aba043ecaa135ec87af535d4c370cba6d4e889d81f2,,,,,,
synthetic_low_medium,LogReg,none,{},2024,0.2999,0.015,0.0022,0.705,0.7063,0.9117,,,,,,0.6458,0.6889,0.0,0.0,0.4276,0.647,0.5889,0.0,0.0056,0.4167,0.757,0.6972,0.0056,0.1333,0.4278,,,,,,,0.1689,,,,,0.0,none,N/A,de1a297d6ce04bf7288d03e08b78b3763d2d8190106fa84d6a36b71c78469259,,,,,,
synthetic_low_medium,LogReg,none,{},3141,0.2999,0.015,0.0018,0.74,0.7384,0.9405,,,,,,0.6651,0.6543,0.023,0.1264,0.4012,0.6756,0.6117,0.0106,0.0851,0.4255,0.7223,0.7101,0.0319,0.1702,0.4362,,,,,,,0.1538,,,,,0.0,none,N/A,499a1e4bc9525bd213f46af7b11cc285b701fc2bbc6d4b10d58475c137c5375b,,,,,,
synthetic_low_medium,LogReg,none,{},5000,0.2999,0.015,0.0022,0.855,0.8571,0.9722,,,,,,0.6351,0.672,0.0,0.0353,0.4022,0.6217,0.5484,0.0,0.0108,0.3548,0.7097,0.6317,0.0376,0.1882,0.3387,,,,,,,0.0725,,,,,0.0,none,N/A,d0726a97989f4df6822d45d09f76c4dfbe62f6da65c8e950f178a28e367b7796,,,,,,
synthetic_low_medium,LogReg,none,{},7777,0.2999,0.015,0.0024,0.74,0.7389,0.9296,,,,,,0.6439,0.6957,0.0319,0.0532,0.4463,0.6386,0.5707,0.0217,0.0761,0.413,0.7142,0.7065,0.0272,0.1141,0.4293,,,,,,,0.1439,,,,,0.0,none,N/A,410feb8da11e754e571579f012ef0fd39dceba657783932108142d3bd2274be1,,,,,,
synthetic_low_medium,LogReg,none,{},9999,0.2999,0.015,0.0019,0.715,0.7048,0.9377,,,,,,0.5922,0.6923,0.0,0.033,0.4286,0.666,0.5824,0.011,0.0714,0.456,0.7873,0.6951,0.0495,0.2473,0.4451,,,,,,,0.1583,,,,,0.0,none,N/A,f09cabda722034c1c99cd0de4ca9ca8e5d51a5d159022dfcbf70fa5f7df86dda,,,,,,
synthetic_low_medium,MLP,none,{},42,0.2999,0.015,0.0444,0.71,0.7067,0.9228,,,,,,0.8042,0.7514,0.0233,0.0581,0.6599,0.7935,0.7348,0.0221,0.0552,0.6464,0.7914,0.8094,0.0221,0.0552,0.6409,,,,,,,0.126,,,,,0.0,none,N/A,f969974ec452057db9995e1ffa4dc1de9845d963eb94581982733462417971b7,,,,,,
synthetic_low_medium,MLP,none,{},123,0.2999,0.015,0.0448,0.655,0.6479,0.9009,,,,,,0.8189,0.7838,0.033,0.0989,0.6153,0.8464,0.7892,0.027,0.1189,0.6649,0.8457,0.8324,0.027,0.1297,0.6703,,,,,,,0.1753,,,,,0.0,none,N/A,7bd125c0f07f9ccf591998cec603958726644db39cc289a189bcf274767cb66d,,,,,,
synthetic_low_medium,MLP,none,{},456,0.2999,0.015,0.0441,0.765,0.7636,0.9406,,,,,,0.7041,0.7104,0.0,0.033,0.4779,0.7413,0.6721,0.0,0.0219,0.5683,0.7403,0.776,0.0,0.0219,0.5683,,,,,,,0.1217,,,,,0.0,none,N/A,f53812aa6dafc81115c8cc39735a5a1f11c1490b3a91485d91b97df6c5928f3a,,,,,,
synthetic_low_medium,MLP,none,{},789,0.2999,0.015,0.0435,0.72,0.7174,0.9246,,,,,,0.7384,0.7513,0.0,0.0211,0.5214,0.7785,0.7143,0.0106,0.0476,0.6032,0.7771,0.7884,0.0106,0.0476,0.6032,,,,,,,0.1576,,,,,0.0,none,N/A,2c72d457e9384d8ce5570a81b0f91a3d971d6fd36a57741d5ab13c79dcc4db0f,,,,,,
synthetic_low_medium,MLP,none,{},1024,0.2999,0.015,0.0441,0.71,0.7046,0.92,,,,,,0.8319,0.8187,0.0,0.0667,0.6626,0.8324,0.7692,0.011,0.0989,0.6593,0.8312,0.8214,0.011,0.0989,0.6593,,,,,,,0.1283,,,,,0.0,none,N/A,06c0fd9fa89b183847100927b66f8136d7c9063751bf5687d87ba15581a8d09c,,,,,,
synthetic_low_medium,MLP,none,{},2024,0.2999,0.015,0.0446,0.685,0.6797,0.9128,,,,,,0.7842,0.7722,0.0,0.0112,0.6249,0.7872,0.7278,0.0,0.0389,0.6333,0.7851,0.8056,0.0,0.0389,0.6167,,,,,,,0.1605,,,,,0.0,none,N/A,d94bdf6872d5782dbef0c6b20995942bb46e5a53aba30f85ea2abd604bc39a53,,,,,,
synthetic_low_medium,MLP,none,{},3141,0.2999,0.015,0.0436,0.745,0.7397,0.9364,,,,,,0.8021,0.7447,0.0115,0.092,0.6107,0.7974,0.7553,0.0053,0.0638,0.6117,0.7954,0.7952,0.0053,0.0745,0.5957,,,,,,,0.1242,,,,,0.0,none,N/A,1d9e9954d5b46321f3cadb732f62d4e48651624e080b15d93a48b8431d9bb43d,,,,,,
synthetic_low_medium,MLP,none,{},5000,0.2999,0.015,0.043,0.835,0.8347,0.9651,,,,,,0.7931,0.7581,0.0235,0.0824,0.6101,0.7682,0.7043,0.0054,0.0376,0.5806,0.7664,0.7769,0.0054,0.0376,0.5753,,,,,,,0.071,,,,,0.0,none,N/A,ae71a58cf2d076d22812f0e1a757623f233c618a78b0a25afe5d5b5a243f1882,,,,,,
synthetic_low_medium,MLP,none,{},7777,0.2999,0.015,0.0437,0.72,0.7212,0.9255,,,,,,0.8196,0.8207,0.1064,0.1702,0.7121,0.8235,0.7609,0.0652,0.1033,0.712,0.8228,0.8234,0.0652,0.1033,0.7065,,,,,,,0.124,,,,,0.0,none,N/A,1ee36b4d4a09e62b7a8f84b048f05b4cb06ccd55d1164c46d0ce83db365684f5,,,,,,
synthetic_low_medium,MLP,none,{},9999,0.2999,0.015,0.0445,0.72,0.7115,0.9465,,,,,,0.763,0.7802,0.011,0.0549,0.5824,0.8143,0.7363,0.022,0.0934,0.5989,0.8134,0.794,0.022,0.0934,0.5989,,,,,,,0.1218,,,,,0.0,none,N/A,23050b2da326428010a00bbffeea9f5fbd841a0fb7d98593fb4665ac9e58d295,,,,,,
synthetic_low_medium,GCN,none,{},42,0.2999,0.015,0.0,0.535,0.5291,0.8135,0.0572,0.2491,0.0248,0.0794,0.0324,0.7268,0.6961,0.0,0.0,0.461,0.7477,0.6851,0.0,0.0221,0.4751,0.7477,0.7182,0.0,0.0221,0.4751,,,,,,,0.1766,,,,,0.0,none,1a8353f33fdd59a6d3737e84afe06237a66a5bcddfb9bcbdaf628d9f312dfced,1fd043588bb44b09fc586dbc6393b0b96614d9f61688d8369d3af06eb2341c82,1.7393,0.0,1.7393,0.3781,0.0,0.3781
synthetic_low_medium,GCN,none,{},123,0.2999,0.015,0.0,0.47,0.4711,0.7851,0.0772,0.3079,0.0398,0.2031,0.0373,0.8386,0.7784,0.0,0.2418,0.6039,0.7361,0.6811,0.0108,0.0541,0.4919,0.7666,0.7405,0.0162,0.1405,0.5081,,,,,,,0.2961,,,,,0.0,none,0d527acb829dce8fe44cc0a22a5b0d97ef682293beb7d959ac1e51ef2d6aa52d,c94a6d0977b6af116d083c08c3e1cc6d2ca8081d4ee4532538e04d12579fbe6a,1.6388,0.0,1.6388,0.3333,0.0,0.3333
synthetic_low_medium,GCN,none,{},456,0.2999,0.015,0.0,0.605,0.5955,0.8435,0.0647,0.221,0.0405,0.1194,0.0241,0.7126,0.6503,0.033,0.1429,0.38,0.6674,0.6011,0.0109,0.0656,0.3279,0.6806,0.6585,0.0164,0.0929,0.3443,,,,,,,0.211,,,,,0.0,none,dd1a6f4da0cfa11aff6ed2ddcf7649a0f52fa7f4a57d5d180f261b43ad3e05b3,4857f735559170bd4f0289076c3a3049d06440fe3b1a41c182ff3f0ce85a4beb,1.7206,0.0,1.7206,0.3911,0.0,0.3911
synthetic_low_medium,GCN,none,{},789,0.2999,0.015,0.0,0.57,0.5658,0.8304,0.0385,0.1,0.0296,0.0893,0.0089,0.7278,0.7037,0.0,0.0737,0.4587,0.7126,0.672,0.0159,0.0582,0.418,0.718,0.7063,0.0,0.0582,0.4127,,,,,,,0.1352,,,,,0.0,none,c300e2866041b0080c1246a76e1cd14f1a10881c15427fb3dd2296a383df59bc,11c5ebe581f771b963fd1986f1440ec7b5bdf8dd7a78cac237d3ed94384cfa26,1.7419,0.0,1.7419,0.4412,0.0,0.4412
synthetic_low_medium,GCN,none,{},1024,0.2999,0.015,0.0,0.565,0.5617,0.8354,0.0595,0.162,0.0418,0.2367,0.0177,0.7307,0.6648,0.0222,0.1333,0.3464,0.6981,0.6374,0.011,0.0769,0.3681,0.7286,0.6813,0.022,0.1868,0.3791,,,,,,,0.1709,,,,,0.0,none,530d842f6a33fb0233fdcff819354f8a22455d5142122c8f1d69d3b9e28ea9c0,c189e023ade46c73ff958e3c6b4d827148c738c2102ed2ba8b2f2d4e1d8f20d0,1.713,0.0,1.713,0.4036,0.0,0.4036
synthetic_low_medium,GCN,none,{},2024,0.2999,0.015,0.0,0.57,0.5666,0.8228,0.0609,0.2318,0.0329,0.1192,0.028,0.7059,0.6833,0.0562,0.1348,0.3949,0.7179,0.6667,0.0167,0.15,0.3833,0.7246,0.6778,0.0222,0.1222,0.3944,,,,,,,0.1784,,,,,0.0,none,69b600aed6c4abe4b18013016c0d0ecce149b03dc7005a7345260840988048d3,298085154ba2594e55cd55788cd7c6c6e9e1e00651b3ffd195d50d3b17bbb9f2,1.6486,0.0,1.6486,0.3957,0.0,0.3957
synthetic_low_medium,GCN,none,{},3141,0.2999,0.015,0.0,0.615,0.6104,0.8468,0.0834,0.2699,0.0227,0.0519,0.0606,0.7345,0.6649,0.046,0.046,0.4367,0.7118,0.6489,0.0106,0.0904,0.4149,0.7334,0.6729,0.016,0.0957,0.4255,,,,,,,0.1538,,,,,0.0,none,d6fe8c1ac5d4d682398a2eb1b137666c2cd6d20ba1cf9a5b660c4abe391b92e9,1cf00014b6c756f4c48d426dbde313a249b71a1bccca99d9933cc8feddfa56a4,1.7585,0.0,1.7585,0.3385,0.0,0.3385
synthetic_low_medium,GCN,none,{},5000,0.2999,0.015,0.0,0.555,0.555,0.8416,0.0747,0.2934,0.0349,0.0871,0.0399,0.6995,0.6613,0.0,0.0235,0.4715,0.7088,0.6452,0.0054,0.0538,0.4301,0.7455,0.6882,0.043,0.129,0.4355,,,,,,,0.2229,,,,,0.0,none,eedd157a306f03de2a4b53e8e93a5d67b1d53c4d402c191f9b6389ad1edd9a77,feb65467b5dee7387b8f34df0cd2b7af3b30834d8ac023f10b62eb2d438217a0,1.6861,0.0,1.6861,0.3342,0.0,0.3342
synthetic_low_medium,GCN,none,{},7777,0.2999,0.015,0.0,0.485,0.4844,0.7917,0.0504,0.1735,0.0298,0.0937,0.0206,0.7002,0.7174,0.0106,0.0638,0.4603,0.7632,0.712,0.0435,0.0924,0.4728,0.7997,0.7337,0.0326,0.1685,0.4946,,,,,,,0.2606,,,,,0.0,none,9cf546f198fa974b74a0195630ba304e8494502f77f1a3685543ca3f4131f313,8d41dc6309e993e6754ec58f72ef1fb4b44ec49025cabbf7c06df987ea9c7525,1.6724,0.0,1.6724,0.3893,0.0,0.3893
synthetic_low_medium,GCN,none,{},9999,0.2999,0.015,0.0,0.585,0.5876,0.8394,0.0555,0.1857,0.05,0.3232,0.0055,0.6688,0.6209,0.011,0.022,0.3407,0.7209,0.6813,0.011,0.0824,0.4011,0.7414,0.6813,0.0275,0.1538,0.4011,,,,,,,0.1741,,,,,0.0,none,fe60a79ab299e68f014b56a9ae35e35385f499f5a48b3423f2e90aab91b6499c,4209a9a012ecca6800703ba2099101032678887b5ed198cd0f655cd90d219f1e,1.7693,0.0,1.7693,0.356,0.0,0.356
synthetic_low_medium,GCN,dropedge,"{""rate"": 0.3}",42,0.2999,0.015,0.0,0.485,0.4754,0.8063,0.025,0.1081,0.0086,0.0213,0.0164,0.6976,0.6464,0.0,0.0233,0.3741,0.7218,0.6519,0.0,0.0387,0.3978,0.7285,0.6575,0.0387,0.1271,0.3702,,,,,,,0.0769,,,,,0.0,none,884805eb926ea513cbcd90d6ba392cdd62f58505f8d527f76456f718cf977a40,0f5e28b56c03269a88d75aac541c29abf1907bdb300222065d212e4c554a0ec1,1.7386,0.0,1.7386,0.7511,0.0,0.7511
synthetic_low_medium,GCN,dropedge,"{""rate"": 0.3}",123,0.2999,0.015,0.0,0.495,0.4937,0.7869,0.0257,0.09,0.0126,0.0344,0.0131,0.7547,0.7243,0.022,0.0769,0.4777,0.7106,0.6378,0.0162,0.0486,0.4108,0.7118,0.6811,0.027,0.0541,0.4,,,,,,,0.0727,,,,,0.0,none,1727a86c0d4afbd127397bfc4fc4468998cb45f88daf2e70b579e676fe64ff91,c51f16433990c50cae77b480c607b526d8e002004996308a8a80e3b7589e53cd,1.7123,0.0,1.7123,0.7937,0.0,0.7937
synthetic_low_medium,GCN,dropedge,"{""rate"": 0.3}",456,0.2999,0.015,0.0,0.54,0.5302,0.8261,0.0316,0.1389,0.0111,0.0222,0.0205,0.6928,0.6612,0.0659,0.0879,0.3575,0.681,0.6011,0.0164,0.0984,0.3279,0.6826,0.6585,0.0164,0.0984,0.3279,,,,,,,0.094,,,,,0.0,none,49bc1edb5d3e90c9cd2530f76366d44f1936aa96c7a72ba958b4c01317ae1827,e801ecdf991d3019c9b7168433483ef17d5eb6b8c3a746499000d54674a9dda8,1.8038,0.0,1.8038,0.839,0.0,0.839
synthetic_low_medium,GCN,dropedge,"{""rate"": 0.3}",789,0.2999,0.015,0.0,0.53,0.5283,0.8173,0.017,0.0489,0.0121,0.0325,0.0049,0.7104,0.6878,0.0105,0.0316,0.3857,0.6959,0.6561,0.0159,0.0688,0.3439,0.6954,0.672,0.0,0.0741,0.3492,,,,,,,0.0494,,,,,0.0,none,deac379e1279e1fc274839950f6a4f91a7dad83aeafbba4d3f3814919c6bf341,b7bb09097c7d9f3ead7bb30329f6ad61f0015b2c8f3744602a44b89be3f2f759,1.7958,0.0,1.7958,0.9251,0.0,0.9251
synthetic_low_medium,GCN,dropedge,"{""rate"": 0.3}",1024,0.2999,0.015,0.0,0.555,0.5591,0.8127,0.0277,0.1177,0.0127,0.0413,0.0151,0.715,0.6703,0.0,0.0889,0.387,0.7068,0.6593,0.011,0.1264,0.3516,0.7082,0.6374,0.0275,0.1044,0.3352,,,,,,,0.1138,,,,,0.0,none,0aca98ed78fc250e89c6821fe30ee9ca31a7e9e6f20c59d325f0149221597996,49fbc1f0ab751ce25b8139f600bfe9346d891a6bbcb5636b75d2fa787db32ebc,1.7883,0.0,1.7883,0.8517,0.0,0.8517
synthetic_low_medium,GCN,dropedge,"{""rate"": 0.3}",2024,0.2999,0.015,0.0,0.555,0.5426,0.8135,0.0208,0.0857,0.0276,0.1572,-0.0069,0.6871,0.65,0.0,0.1348,0.313,0.6931,0.6278,0.0,0.1333,0.3111,0.7016,0.6333,0.0278,0.1389,0.3,,,,,,,0.076,,,,,0.0,none,ca921bc1c1056c2c10581eade5b89aea55298bf00fb3e326bfd6f77e1636dfd6,ffa4f20f0e84d58d08692b2fbc19dbfb0f68f89c117c6be644ed3668c31dd2cb,1.743,0.0,1.743,0.7995,0.0,0.7995
synthetic_low_medium,GCN,dropedge,"{""rate"": 0.3}",3141,0.2999,0.015,0.0,0.525,0.5099,0.8414,0.0391,0.1734,0.0131,0.0396,0.026,0.7027,0.6117,0.069,0.092,0.3271,0.6906,0.6383,0.0585,0.117,0.3032,0.6943,0.6383,0.0585,0.1223,0.3404,,,,,,,0.0807,,,,,0.0,none,9b86f1dc91d60ba372ffc3d29f7dcaca4a45b1c0d2689804eb6751bb5e04eb3c,776616870954f0f8079ea7d212b1bd5f06474779ba97a37742be264ede0508c1,1.8936,0.0,1.8936,0.8452,0.0,0.8452
synthetic_low_medium,GCN,dropedge,"{""rate"": 0.3}",5000,0.2999,0.015,0.0,0.55,0.548,0.8269,0.0202,0.0644,0.0108,0.0212,0.0094,0.6856,0.629,0.0118,0.0588,0.3149,0.7005,0.6398,0.0054,0.0806,0.3333,0.7072,0.6559,0.0054,0.0914,0.328,,,,,,,0.0664,,,,,0.0,none,841fb46039e86a36042430041c472001f466152bfcc121eef07b0c487fa5af30,91fc37eb64661e7b550b68cd18c557c9207b5d69274a2fc5cde3db547959250e,1.7704,0.0,1.7704,0.855,0.0,0.855
synthetic_low_medium,GCN,dropedge,"{""rate"": 0.3}",7777,0.2999,0.015,0.0,0.465,0.4589,0.7834,0.0187,0.0472,0.0094,0.0241,0.0093,0.6788,0.6467,0.0319,0.0957,0.3719,0.7379,0.6793,0.0326,0.1033,0.4076,0.7341,0.6848,0.038,0.0924,0.4239,,,,,,,0.0862,,,,,0.0,none,2dafd606a60a9bb041eb31e775f352c5ecb0a2a450738d4a6207cde3693cc814,e027eeffd173964fdac7b0d2e3118a3258555f8ef0fb69f9d0109d5ad5a34482,1.7705,0.0,1.7705,0.9037,0.0,0.9037
synthetic_low_medium,GCN,dropedge,"{""rate"": 0.3}",9999,0.2999,0.015,0.0,0.53,0.5305,0.8169,0.0202,0.0705,0.0138,0.0566,0.0063,0.6579,0.6209,0.011,0.0549,0.2637,0.715,0.6484,0.0055,0.0989,0.3462,0.7146,0.6621,0.0055,0.1099,0.3462,,,,,,,0.0604,,,,,0.0,none,76002a9e1546c3938b071043aca79490ff70e71945d08829db0d2f475c334bf1,fadcdfae1a15a23e552119b654970cce052428ef76b4b5a3fe80d92eefcdcca2,1.8879,0.0,1.8879,0.7996,0.0,0.7996
synthetic_low_medium,GCN,label_smoothing,"{""alpha"": 0.1}",42,0.2999,0.015,0.0,0.525,0.5212,0.8141,0.0478,0.2073,0.0173,0.0448,0.0305,0.7386,0.7017,0.0,0.0,0.4892,0.759,0.6685,0.0,0.0221,0.5028,0.784,0.7376,0.0884,0.1657,0.4917,,,,,,,0.1019,,,,,0.0,none,13ad9120b5494d51911a6416b9a6463062b6197c9a408a561ba438faa2b4da68,366ddf8a4a2372314afb6fa0645bd0bd69e384d48f86576a17e282bb5df83f9f,1.7362,0.0,1.7362,0.6967,0.0,0.6967
synthetic_low_medium,GCN,label_smoothing,"{""alpha"": 0.1}",123,0.2999,0.015,0.0,0.48,0.4815,0.7853,0.0581,0.2249,0.0261,0.1257,0.032,0.841,0.7892,0.022,0.1538,0.6156,0.7436,0.6919,0.0,0.0432,0.5135,0.7818,0.7432,0.0054,0.1622,0.5189,,,,,,,0.2118,,,,,0.0,none,0366e7450bbef06b86382efe2ba5d5b8e9b6cc10d1fc706b3f7dc2426987e498,c251d93e7327659a70064165fb98f948e27c6f095b6d32d82999b76c314d9680,1.6426,0.0,1.6426,0.6777,0.0,0.6777
synthetic_low_medium,GCN,label_smoothing,"{""alpha"": 0.1}",456,0.2999,0.015,0.0,0.58,0.5697,0.8408,0.0505,0.1821,0.0246,0.0646,0.0258,0.7242,0.6776,0.0,0.1868,0.3791,0.6884,0.623,0.0055,0.0383,0.3443,0.7214,0.6721,0.0383,0.1421,0.3661,,,,,,,0.1037,,,,,0.0,none,cd66023e3740da3bd5d19bc472ecf5c1fe08dc1ebfa27f831926350c18e9ee34,46e82759ab18cc0d61f39a341b5fd897f59ad8de97b27723c3460b0fbeba9206,1.7207,0.0,1.7207,0.7135,0.0,0.7135
synthetic_low_medium,GCN,label_smoothing,"{""alpha"": 0.1}",789,0.2999,0.015,0.0,0.555,0.5524,0.8246,0.0298,0.0694,0.0221,0.0574,0.0077,0.7555,0.709,0.0,0.0842,0.4691,0.7248,0.6825,0.0106,0.0423,0.4233,0.7307,0.7116,0.0212,0.0582,0.4339,,,,,,,0.0923,,,,,0.0,none,99d35bdb2f12244b62b1dcbafb02a0a0dff8b331bf7a4a6841507dc4cf8e10ff,f8e82bbae7f2aaf37a6f2e9e13e161ca17d2b281c4ce5bbbe77891c17db6ae2e,1.7401,0.0,1.7401,0.7334,0.0,0.7334
synthetic_low_medium,GCN,label_smoothing,"{""alpha"": 0.1}",1024,0.2999,0.015,0.0,0.57,0.5655,0.8292,0.0455,0.138,0.0299,0.1427,0.0156,0.7262,0.6813,0.0111,0.0222,0.4099,0.7119,0.6484,0.011,0.0989,0.3956,0.7577,0.7005,0.022,0.2088,0.4231,,,,,,,0.0905,,,,,0.0,none,1bedd8f8fa82906a9f60e587fd5d040e0981bddabb78456693f128a8c2ef9edb,d46c2671d27d66b6cd9703e6c79a9ae13408d7b558eb08678ab6cb5d8d050ab4,1.7199,0.0,1.7199,0.7192,0.0,0.7192
synthetic_low_medium,GCN,label_smoothing,"{""alpha"": 0.1}",2024,0.2999,0.015,0.0,0.57,0.566,0.8214,0.0468,0.1917,0.0309,0.127,0.0159,0.7213,0.6833,0.0,0.1124,0.4241,0.7339,0.6722,0.0,0.1389,0.4167,0.7571,0.6944,0.0333,0.15,0.4,,,,,,,0.0798,,,,,0.0,none,70e0c412d2a1a30df061bc6d945ddf9d12271b5022a95bbdd3ab769f60efcfa0,99f09dcbbcdae40266dfc3b2c9046c9d7395743ccb38e38823f8fb84022beac6,1.6531,0.0,1.6531,0.7169,0.0,0.7169
synthetic_low_medium,GCN,label_smoothing,"{""alpha"": 0.1}",3141,0.2999,0.015,0.0,0.58,0.576,0.8466,0.0671,0.2238,0.0166,0.0286,0.0506,0.756,0.6915,0.023,0.1149,0.4597,0.7261,0.6702,0.016,0.0904,0.3989,0.7392,0.6888,0.0106,0.0851,0.4202,,,,,,,0.081,,,,,0.0,none,20437bffa86bb6a0715c51978a300aedef264281713032a3512172ecffd77e0d,8a847fa05e4ce6263066c6a6f4276c60dd2a961fc6e6552fa145d0d4df3b2c4d,1.7606,0.0,1.7606,0.6858,0.0,0.6858
synthetic_low_medium,GCN,label_smoothing,"{""alpha"": 0.1}",5000,0.2999,0.015,0.0,0.545,0.5452,0.8421,0.0485,0.1727,0.0234,0.049,0.0251,0.7194,0.6935,0.0,0.0235,0.4635,0.7229,0.6505,0.0054,0.0323,0.4409,0.7695,0.6962,0.0269,0.1398,0.4409,,,,,,,0.1351,,,,,0.0,none,bd662ac04f4cae0fcb1b32726a19a5c53643d9cc81c00b523a931bbde8aad1e2,6ff5b6b3bfba4afb8839606bb3d88918458728835411356dd584ac987aed274d,1.6889,0.0,1.6889,0.6797,0.0,0.6797
synthetic_low_medium,GCN,label_smoothing,"{""alpha"": 0.1}",7777,0.2999,0.015,0.0,0.49,0.4868,0.7896,0.036,0.0906,0.0194,0.0565,0.0166,0.7213,0.7283,0.0106,0.0426,0.4792,0.7797,0.712,0.0217,0.0707,0.5109,0.8264,0.7663,0.0163,0.1196,0.5435,,,,,,,0.1718,,,,,0.0,none,f72133ab36f7ef1fb0b43e86e0ada5c959341fe460d4797a6c734a530b392196,3542238c814f82d452e56e5bc68c35ad49bbebf35e15b99a93a08c0b954264e0,1.6715,0.0,1.6715,0.7128,0.0,0.7128
synthetic_low_medium,GCN,label_smoothing,"{""alpha"": 0.1}",9999,0.2999,0.015,0.0,0.595,0.5975,0.8354,0.039,0.1258,0.0334,0.2224,0.0056,0.6703,0.6264,0.0,0.011,0.3297,0.7312,0.6868,0.0,0.0604,0.4066,0.7399,0.7115,0.011,0.1044,0.4286,,,,,,,0.1007,,,,,0.0,none,fbe504d08005ac2d6e4aefe212dc25028536eb2c43d14c796729eb2d4ab8bace,a64441a9953b63bf665f3eb0405afee224fa282215a9a9791b61b6724b4ddce5,1.768,0.0,1.768,0.6905,0.0,0.6905
synthetic_low_medium,GCN,early_stopping,"{""patience"": 15}",42,0.2999,0.015,0.0,0.535,0.5291,0.8135,0.0572,0.2491,0.0248,0.0794,0.0324,0.7268,0.6961,0.0,0.0,0.461,0.7477,0.6851,0.0,0.0221,0.4751,0.7477,0.7182,0.0,0.0221,0.4751,,,,,,,0.1766,,,,,0.0,none,1a8353f33fdd59a6d3737e84afe06237a66a5bcddfb9bcbdaf628d9f312dfced,1fd043588bb44b09fc586dbc6393b0b96614d9f61688d8369d3af06eb2341c82,1.7393,0.0,1.7393,0.3781,0.0,0.3781
synthetic_low_medium,GCN,early_stopping,"{""patience"": 15}",123,0.2999,0.015,0.0,0.47,0.4711,0.7851,0.0772,0.3079,0.0398,0.2031,0.0373,0.8386,0.7784,0.0,0.2418,0.6039,0.7361,0.6811,0.0108,0.0541,0.4919,0.7666,0.7405,0.0162,0.1405,0.5081,,,,,,,0.2961,,,,,0.0,none,0d527acb829dce8fe44cc0a22a5b0d97ef682293beb7d959ac1e51ef2d6aa52d,c94a6d0977b6af116d083c08c3e1cc6d2ca8081d4ee4532538e04d12579fbe6a,1.6388,0.0,1.6388,0.3333,0.0,0.3333
synthetic_low_medium,GCN,early_stopping,"{""patience"": 15}",456,0.2999,0.015,0.0,0.605,0.5955,0.8435,0.0647,0.221,0.0405,0.1194,0.0241,0.7126,0.6503,0.033,0.1429,0.38,0.6674,0.6011,0.0109,0.0656,0.3279,0.6806,0.6585,0.0164,0.0929,0.3443,,,,,,,0.211,,,,,0.0,none,dd1a6f4da0cfa11aff6ed2ddcf7649a0f52fa7f4a57d5d180f261b43ad3e05b3,4857f735559170bd4f0289076c3a3049d06440fe3b1a41c182ff3f0ce85a4beb,1.7206,0.0,1.7206,0.3911,0.0,0.3911
synthetic_low_medium,GCN,early_stopping,"{""patience"": 15}",789,0.2999,0.015,0.0,0.57,0.5658,0.8304,0.0385,0.1,0.0296,0.0893,0.0089,0.7278,0.7037,0.0,0.0737,0.4587,0.7126,0.672,0.0159,0.0582,0.418,0.718,0.7063,0.0,0.0582,0.4127,,,,,,,0.1352,,,,,0.0,none,c300e2866041b0080c1246a76e1cd14f1a10881c15427fb3dd2296a383df59bc,11c5ebe581f771b963fd1986f1440ec7b5bdf8dd7a78cac237d3ed94384cfa26,1.7419,0.0,1.7419,0.4412,0.0,0.4412
synthetic_low_medium,GCN,early_stopping,"{""patience"": 15}",1024,0.2999,0.015,0.0,0.565,0.5617,0.8354,0.0595,0.162,0.0418,0.2367,0.0177,0.7307,0.6648,0.0222,0.1333,0.3464,0.6981,0.6374,0.011,0.0769,0.3681,0.7286,0.6813,0.022,0.1868,0.3791,,,,,,,0.1709,,,,,0.0,none,530d842f6a33fb0233fdcff819354f8a22455d5142122c8f1d69d3b9e28ea9c0,c189e023ade46c73ff958e3c6b4d827148c738c2102ed2ba8b2f2d4e1d8f20d0,1.713,0.0,1.713,0.4036,0.0,0.4036
synthetic_low_medium,GCN,early_stopping,"{""patience"": 15}",2024,0.2999,0.015,0.0,0.57,0.5666,0.8228,0.0609,0.2318,0.0329,0.1192,0.028,0.7059,0.6833,0.0562,0.1348,0.3949,0.7179,0.6667,0.0167,0.15,0.3833,0.7246,0.6778,0.0222,0.1222,0.3944,,,,,,,0.1784,,,,,0.0,none,69b600aed6c4abe4b18013016c0d0ecce149b03dc7005a7345260840988048d3,298085154ba2594e55cd55788cd7c6c6e9e1e00651b3ffd195d50d3b17bbb9f2,1.6486,0.0,1.6486,0.3957,0.0,0.3957
synthetic_low_medium,GCN,early_stopping,"{""patience"": 15}",3141,0.2999,0.015,0.0,0.615,0.6104,0.8468,0.0834,0.2699,0.0227,0.0519,0.0606,0.7345,0.6649,0.046,0.046,0.4367,0.7118,0.6489,0.0106,0.0904,0.4149,0.7334,0.6729,0.016,0.0957,0.4255,,,,,,,0.1538,,,,,0.0,none,d6fe8c1ac5d4d682398a2eb1b137666c2cd6d20ba1cf9a5b660c4abe391b92e9,1cf00014b6c756f4c48d426dbde313a249b71a1bccca99d9933cc8feddfa56a4,1.7585,0.0,1.7585,0.3385,0.0,0.3385
synthetic_low_medium,GCN,early_stopping,"{""patience"": 15}",5000,0.2999,0.015,0.0,0.555,0.555,0.8416,0.0747,0.2934,0.0349,0.0871,0.0399,0.6995,0.6613,0.0,0.0235,0.4715,0.7088,0.6452,0.0054,0.0538,0.4301,0.7455,0.6882,0.043,0.129,0.4355,,,,,,,0.2229,,,,,0.0,none,eedd157a306f03de2a4b53e8e93a5d67b1d53c4d402c191f9b6389ad1edd9a77,feb65467b5dee7387b8f34df0cd2b7af3b30834d8ac023f10b62eb2d438217a0,1.6861,0.0,1.6861,0.3342,0.0,0.3342
synthetic_low_medium,GCN,early_stopping,"{""patience"": 15}",7777,0.2999,0.015,0.0,0.485,0.4844,0.7917,0.0504,0.1735,0.0298,0.0937,0.0206,0.7002,0.7174,0.0106,0.0638,0.4603,0.7632,0.712,0.0435,0.0924,0.4728,0.7997,0.7337,0.0326,0.1685,0.4946,,,,,,,0.2606,,,,,0.0,none,9cf546f198fa974b74a0195630ba304e8494502f77f1a3685543ca3f4131f313,8d41dc6309e993e6754ec58f72ef1fb4b44ec49025cabbf7c06df987ea9c7525,1.6724,0.0,1.6724,0.3893,0.0,0.3893
synthetic_low_medium,GCN,early_stopping,"{""patience"": 15}",9999,0.2999,0.015,0.0,0.585,0.5876,0.8394,0.0555,0.1857,0.05,0.3232,0.0055,0.6688,0.6209,0.011,0.022,0.3407,0.7209,0.6813,0.011,0.0824,0.4011,0.7414,0.6813,0.0275,0.1538,0.4011,,,,,,,0.1741,,,,,0.0,none,fe60a79ab299e68f014b56a9ae35e35385f499f5a48b3423f2e90aab91b6499c,4209a9a012ecca6800703ba2099101032678887b5ed198cd0f655cd90d219f1e,1.7693,0.0,1.7693,0.356,0.0,0.356
synthetic_low_medium,GCN,confidence_masking,"{""top_k"": 2}",42,0.2999,0.015,0.0,0.535,0.5291,0.769,0.0572,0.2491,0.0248,0.0794,0.0324,0.7259,0.7017,0.0,0.0116,0.446,0.7488,0.6851,0.0055,0.0166,0.4696,0.7481,0.7127,0.0055,0.0166,0.4696,,,,,,,0.2523,,,,,0.0,none,1a8353f33fdd59a6d3737e84afe06237a66a5bcddfb9bcbdaf628d9f312dfced,1fd043588bb44b09fc586dbc6393b0b96614d9f61688d8369d3af06eb2341c82,1.7393,0.0,1.7393,0.3781,0.0,0.3781
synthetic_low_medium,GCN,confidence_masking,"{""top_k"": 2}",123,0.2999,0.015,0.0,0.47,0.4711,0.7292,0.0772,0.3079,0.0398,0.2031,0.0373,0.8315,0.7568,0.0659,0.1429,0.5933,0.7359,0.6811,0.0108,0.0595,0.4919,0.7886,0.7351,0.0378,0.1784,0.4919,,,,,,,0.3461,,,,,0.0,none,0d527acb829dce8fe44cc0a22a5b0d97ef682293beb7d959ac1e51ef2d6aa52d,c94a6d0977b6af116d083c08c3e1cc6d2ca8081d4ee4532538e04d12579fbe6a,1.6388,0.0,1.6388,0.3333,0.0,0.3333
synthetic_low_medium,GCN,confidence_masking,"{""top_k"": 2}",456,0.2999,0.015,0.0,0.605,0.5955,0.8037,0.0647,0.221,0.0405,0.1194,0.0241,0.6916,0.6503,0.022,0.0769,0.3464,0.6721,0.6011,0.0109,0.0656,0.3443,0.6709,0.6667,0.0109,0.0656,0.3443,,,,,,,0.2528,,,,,0.0,none,dd1a6f4da0cfa11aff6ed2ddcf7649a0f52fa7f4a57d5d180f261b43ad3e05b3,4857f735559170bd4f0289076c3a3049d06440fe3b1a41c182ff3f0ce85a4beb,1.7206,0.0,1.7206,0.3911,0.0,0.3911
synthetic_low_medium,GCN,confidence_masking,"{""top_k"": 2}",789,0.2999,0.015,0.0,0.57,0.5658,0.7833,0.0385,0.1,0.0296,0.0893,0.0089,0.7115,0.6931,0.0105,0.0211,0.4373,0.7094,0.6561,0.0106,0.0423,0.418,0.7086,0.6905,0.0106,0.0423,0.418,,,,,,,0.2139,,,,,0.0,none,c300e2866041b0080c1246a76e1cd14f1a10881c15427fb3dd2296a383df59bc,11c5ebe581f771b963fd1986f1440ec7b5bdf8dd7a78cac237d3ed94384cfa26,1.7419,0.0,1.7419,0.4412,0.0,0.4412
synthetic_low_medium,GCN,confidence_masking,"{""top_k"": 2}",1024,0.2999,0.015,0.0,0.565,0.5617,0.7962,0.0595,0.162,0.0418,0.2367,0.0177,0.7063,0.6648,0.0,0.1,0.3464,0.7038,0.6484,0.011,0.0824,0.3736,0.7272,0.6813,0.0604,0.1209,0.3736,,,,,,,0.2295,,,,,0.0,none,530d842f6a33fb0233fdcff819354f8a22455d5142122c8f1d69d3b9e28ea9c0,c189e023ade46c73ff958e3c6b4d827148c738c2102ed2ba8b2f2d4e1d8f20d0,1.713,0.0,1.713,0.4036,0.0,0.4036
synthetic_low_medium,GCN,confidence_masking,"{""top_k"": 2}",2024,0.2999,0.015,0.0,0.57,0.5666,0.7907,0.0609,0.2318,0.0329,0.1192,0.028,0.7034,0.6833,0.0,0.1124,0.4036,0.7229,0.6556,0.0111,0.1611,0.3944,0.7249,0.6806,0.0278,0.1556,0.3944,,,,,,,0.2385,,,,,0.0,none,69b600aed6c4abe4b18013016c0d0ecce149b03dc7005a7345260840988048d3,298085154ba2594e55cd55788cd7c6c6e9e1e00651b3ffd195d50d3b17bbb9f2,1.6486,0.0,1.6486,0.3957,0.0,0.3957
synthetic_low_medium,GCN,confidence_masking,"{""top_k"": 2}",3141,0.2999,0.015,0.0,0.615,0.6104,0.7998,0.0834,0.2699,0.0227,0.0519,0.0606,0.7339,0.6489,0.023,0.1264,0.4367,0.7125,0.6755,0.0106,0.1011,0.4043,0.712,0.6968,0.0106,0.1011,0.4043,,,,,,,0.226,,,,,0.0,none,d6fe8c1ac5d4d682398a2eb1b137666c2cd6d20ba1cf9a5b660c4abe391b92e9,1cf00014b6c756f4c48d426dbde313a249b71a1bccca99d9933cc8feddfa56a4,1.7585,0.0,1.7585,0.3385,0.0,0.3385
synthetic_low_medium,GCN,confidence_masking,"{""top_k"": 2}",5000,0.2999,0.015,0.0,0.555,0.555,0.8187,0.0747,0.2934,0.0349,0.0871,0.0399,0.706,0.6667,0.0118,0.0235,0.4752,0.7078,0.6559,0.0054,0.0484,0.4301,0.7384,0.6962,0.0108,0.129,0.4301,,,,,,,0.2607,,,,,0.0,none,eedd157a306f03de2a4b53e8e93a5d67b1d53c4d402c191f9b6389ad1edd9a77,feb65467b5dee7387b8f34df0cd2b7af3b30834d8ac023f10b62eb2d438217a0,1.6861,0.0,1.6861,0.3342,0.0,0.3342
synthetic_low_medium,GCN,confidence_masking,"{""top_k"": 2}",7777,0.2999,0.015,0.0,0.485,0.4844,0.7537,0.0504,0.1735,0.0298,0.0937,0.0206,0.7012,0.7228,0.0213,0.0745,0.482,0.7681,0.712,0.038,0.087,0.5163,0.7677,0.7446,0.038,0.087,0.5163,,,,,,,0.3112,,,,,0.0,none,9cf546f198fa974b74a0195630ba304e8494502f77f1a3685543ca3f4131f313,8d41dc6309e993e6754ec58f72ef1fb4b44ec49025cabbf7c06df987ea9c7525,1.6724,0.0,1.6724,0.3893,0.0,0.3893
synthetic_low_medium,GCN,confidence_masking,"{""top_k"": 2}",9999,0.2999,0.015,0.0,0.585,0.5876,0.8216,0.0555,0.1857,0.05,0.3232,0.0055,0.6729,0.6484,0.011,0.022,0.3407,0.7244,0.6758,0.0165,0.0659,0.4066,0.7467,0.6731,0.0495,0.1923,0.4011,,,,,,,0.2148,,,,,0.0,none,fe60a79ab299e68f014b56a9ae35e35385f499f5a48b3423f2e90aab91b6499c,4209a9a012ecca6800703ba2099101032678887b5ed198cd0f655cd90d219f1e,1.7693,0.0,1.7693,0.356,0.0,0.356
synthetic_low_medium,GCN,edge_sparsification,"{""rate"": 0.2}",42,0.2999,0.015,0.0,0.445,0.4457,0.7803,0.0503,0.246,0.0192,0.0575,0.031,0.701,0.6961,0.0,0.0465,0.4831,0.7728,0.6961,0.0,0.0718,0.5525,0.78,0.732,0.0055,0.0884,0.547,,,,,,,0.2972,,,,,0.0,none,78d3b85920e922127eba56d42ee6dc2629c97c67b4609016b213844b086c7683,e8d5e4cf4e7e917755d63ec17fb90aec535bd97e87080c9263db23969650e65a,1.7371,0.0,1.7371,0.3777,0.0,0.3777
synthetic_low_medium,GCN,edge_sparsification,"{""rate"": 0.2}",123,0.2999,0.015,0.0,0.47,0.4651,0.7866,0.0703,0.2634,0.0361,0.1775,0.0343,0.8114,0.773,0.044,0.2088,0.5741,0.7659,0.6865,0.0216,0.0649,0.5189,0.7816,0.7514,0.0216,0.1243,0.5243,,,,,,,0.2905,,,,,0.0,none,eb59c2c239648a019f912331cce4aa0043efd57f68eb9cb8b84a81c552f268d7,6e4d667f2ffce2e4d27ce17188ed90e65eebca56a31ec5a5131cab8d12cf15fb,1.6599,0.0,1.6599,0.3051,0.0,0.3051
synthetic_low_medium,GCN,edge_sparsification,"{""rate"": 0.2}",456,0.2999,0.015,0.0,0.53,0.5215,0.819,0.0614,0.2118,0.0347,0.0926,0.0267,0.7017,0.7213,0.022,0.0879,0.4669,0.7139,0.6503,0.0383,0.0601,0.4317,0.7171,0.6967,0.0109,0.0984,0.4208,,,,,,,0.2533,,,,,0.0,none,5d6ac96c523d5598625ac75d1bd37af6ef05ea56dc3227a28914aacb3697feef,87c48c5213f05c9a157648a2fe47b84c4832b837d536b7817793e1b87ff67d55,1.8224,0.0,1.8224,0.3549,0.0,0.3549
synthetic_low_medium,GCN,edge_sparsification,"{""rate"": 0.2}",789,0.2999,0.015,0.0,0.51,0.5088,0.8029,0.0316,0.0786,0.0284,0.1176,0.0032,0.7753,0.7407,0.0,0.0632,0.5113,0.758,0.6984,0.0423,0.1111,0.4497,0.7721,0.709,0.0212,0.1005,0.4603,,,,,,,0.2072,,,,,0.0,none,2655dcf53a7f130570e48f64c7ae8c9bab9afec948c3b838439f08f7ab8ba9c8,5a40b2d27531d047a92d554f101b895ecfb296749f496c4f07c3a5a13e06d4f9,1.8137,0.0,1.8137,0.4028,0.0,0.4028
synthetic_low_medium,GCN,edge_sparsification,"{""rate"": 0.2}",1024,0.2999,0.015,0.0,0.55,0.5517,0.8216,0.0487,0.136,0.0392,0.1784,0.0096,0.7861,0.7363,0.0111,0.2111,0.4978,0.7467,0.6868,0.0275,0.0549,0.4615,0.7536,0.7198,0.0275,0.1374,0.467,,,,,,,0.168,,,,,0.0,none,baf6b861b00d01e8ac151c046c8c2872354480164207d2eba160faf51a6a1c93,21c36afde1b9bc7401d5a938d2d1e47348139ea20a583e04f6a8e679a89a5cfc,1.7877,0.0,1.7877,0.3217,0.0,0.3217
synthetic_low_medium,GCN,edge_sparsification,"{""rate"": 0.2}",2024,0.2999,0.015,0.0,0.505,0.5059,0.7889,0.0563,0.2975,0.0372,0.1697,0.0191,0.7836,0.75,0.0112,0.0787,0.5248,0.7763,0.7167,0.0,0.0722,0.4889,0.7819,0.7111,0.0389,0.15,0.4944,,,,,,,0.2359,,,,,0.0,none,81a8c22682fa21c1de12f4c395a1617fe7c4317aba7769f7db2ea65403b04db9,cf7c8a1ab5f66e2ce32e5fcf0e7329e82c8fd55db95dee12564e3894c439802a,1.7288,0.0,1.7288,0.3815,0.0,0.3815
synthetic_low_medium,GCN,edge_sparsification,"{""rate"": 0.2}",3141,0.2999,0.015,0.0,0.55,0.5393,0.8318,0.079,0.2573,0.0235,0.0612,0.0556,0.7416,0.6755,0.0345,0.1264,0.4082,0.7202,0.6596,0.0106,0.0585,0.4255,0.7463,0.6968,0.0745,0.117,0.4202,,,,,,,0.2344,,,,,0.0,none,f33a347e218228fd21b171450082b7da9b71f415acf029ba857bae782ae62973,4bdb71064ae1bc7f1f383f86263a2f950fe27d91da05e091d10eb7b0ff5ab1dc,1.8116,0.0,1.8116,0.3618,0.0,0.3618
synthetic_low_medium,GCN,edge_sparsification,"{""rate"": 0.2}",5000,0.2999,0.015,0.0,0.575,0.5734,0.8474,0.0486,0.1679,0.0313,0.0745,0.0174,0.7102,0.6774,0.0,0.0824,0.4028,0.7015,0.6237,0.0,0.0484,0.4086,0.7228,0.6855,0.0323,0.1022,0.4086,,,,,,,0.2067,,,,,0.0,none,1269e3cf110949eea28a8f385c1f9aacdb604a6670b82125c3fcf48bf8ea8755,fc92871981541d0bb23147e290846704f42b66c2edf0effa211fdd19659b735c,1.7085,0.0,1.7085,0.3109,0.0,0.3109
synthetic_low_medium,GCN,edge_sparsification,"{""rate"": 0.2}",7777,0.2999,0.015,0.0,0.46,0.4588,0.7739,0.0464,0.1462,0.0348,0.183,0.0116,0.7169,0.7391,0.0,0.0213,0.5009,0.7703,0.7011,0.0217,0.1359,0.5543,0.8194,0.7799,0.0326,0.2826,0.5652,,,,,,,0.3114,,,,,0.0,none,b0aae817055fd0d0a54b7e6d3c8bbbe561c0ae31c1694cd3d7c548660a2b2cae,7452d70ff9954a85b78209427abf64c32fcd6cf73beb46049df31fa669302aed,1.6868,0.0,1.6868,0.3476,0.0,0.3476
synthetic_low_medium,GCN,edge_sparsification,"{""rate"": 0.2}",9999,0.2999,0.015,0.0,0.57,0.5753,0.818,0.0393,0.1311,0.0386,0.2131,0.0007,0.6544,0.6429,0.022,0.0659,0.3626,0.7179,0.6593,0.0275,0.0879,0.4176,0.7181,0.7005,0.022,0.0769,0.4121,,,,,,,0.2089,,,,,0.0,none,f1b668932a30db5acc6e24d08d1e2f9365194e02d159a081b218111f23dc0ee8,1520eddafb84bdfbed3df56a7519cebaf404dec9b05b0827f89f43ad807cfa5a,1.8181,0.0,1.8181,0.3707,0.0,0.3707
synthetic_low_medium,GCN,dp_sgd,{},42,0.2999,0.015,0.0,0.55,0.549,0.8356,0.0455,0.2112,0.0292,0.1084,0.0164,0.631,0.6133,0.0,0.0233,0.2666,0.6641,0.6022,0.0055,0.0552,0.2928,0.6525,0.6077,0.0055,0.0552,0.2707,,,,,,,0.1808,23.3572,0.0,1.0,1.0,0.0,none,afc4390a482ff911ddf5c4c862a40401e250512c4d24881c6129dffc6568ceb9,cbfe2fd41d7b529f3d87590f64f807fdaa8f7cc7d96564025247156b587cf5f0,,,,,,
synthetic_low_medium,GCN,dp_sgd,{},123,0.2999,0.015,0.0,0.45,0.4476,0.7926,0.0436,0.1677,0.0293,0.1211,0.0143,0.751,0.7297,0.022,0.0769,0.4738,0.69,0.6649,0.0216,0.0541,0.373,0.6452,0.6649,0.0054,0.0378,0.3405,,,,,,,0.2919,23.3572,0.0,1.0,1.0,0.0,none,7f324eadafb1b13930d74f7602c8fdd6925e61491cddbf17d00fdec672ebc105,ad4b32231b3ebab2298374cdb074ee26aa2c00c2f710ac1d4aa5f1957fb2a7f3,,,,,,
synthetic_low_medium,GCN,dp_sgd,{},456,0.2999,0.015,0.0,0.6,0.598,0.8461,0.0432,0.1308,0.0406,0.1126,0.0026,0.5945,0.612,0.011,0.0549,0.2494,0.631,0.5738,0.0328,0.1202,0.2131,0.5981,0.571,0.0328,0.1148,0.1803,,,,,,,0.1786,23.3572,0.0,1.0,1.0,0.0,none,c0fe4f8148499611511c02982300ef63eb346f76178fb520f1b1ddefa9dd5f45,57605c1bf10586673f9785456b512f02f545683413b1ceb1a18fe5e6831daa0a,,,,,,
synthetic_low_medium,GCN,dp_sgd,{},789,0.2999,0.015,0.0,0.535,0.5315,0.8229,0.0261,0.0588,0.0375,0.1513,-0.0114,0.6109,0.6032,0.0105,0.0105,0.2473,0.6424,0.6032,0.0159,0.0688,0.2698,0.6404,0.6111,0.0159,0.0688,0.2593,,,,,,,0.1816,23.3572,0.0,1.0,1.0,0.0,none,a216d200d3c364964c2047ac3118a2dd0096e91fe78c846e9b1f469bca34b7ce,c342794358e8d6d35a0f5295f1bd984f0c99d15e2cc831af0188f400bc891ab0,,,,,,
synthetic_low_medium,GCN,dp_sgd,{},1024,0.2999,0.015,0.0,0.595,0.5911,0.8613,0.053,0.1626,0.0479,0.2663,0.0051,0.6033,0.544,0.0111,0.1222,0.1952,0.5943,0.5604,0.0165,0.0385,0.1978,0.6119,0.5742,0.011,0.1374,0.1813,,,,,,,0.1446,23.3572,0.0,1.0,1.0,0.0,none,2f6df76c59843210e577b2abebba52a24b31dea6942b3c8158f19a62e4eb881c,1c1ed2cf1211b0d9bdb495899b85d923cb532670e4669b911a1865358632bf36,,,,,,
synthetic_low_medium,GCN,dp_sgd,{},2024,0.2999,0.015,0.0,0.535,0.5342,0.8164,0.0478,0.222,0.0368,0.1449,0.011,0.653,0.6222,0.0,0.0674,0.2668,0.6536,0.6,0.0056,0.0944,0.2667,0.658,0.6139,0.0444,0.1111,0.2778,,,,,,,0.1824,23.3572,0.0,1.0,1.0,0.0,none,e304e1298eccc0be981d4f7ffd7d514f8945a7ba6f45907f5467f453b8f4443a,6a7bce971461dafe30612e545fcf3b67de6ff51bb51000bc00f5ea4888c126f4,,,,,,
synthetic_low_medium,GCN,dp_sgd,{},3141,0.2999,0.015,0.0,0.615,0.6186,0.8718,0.0547,0.1857,0.0301,0.1091,0.0247,0.6427,0.6011,0.046,0.1034,0.2598,0.6414,0.5904,0.0053,0.0957,0.2447,0.6363,0.5957,0.0053,0.0957,0.25,,,,,,,0.1417,23.3572,0.0,1.0,1.0,0.0,none,8bf4e964c7bb443b7f647e8e753ae4baf538878055c1f23381d9796f09cb3891,09b9ca70516cf741546ad8396696ed89ec234f8409bf15b4927e2ac81f9bbf17,,,,,,
synthetic_low_medium,GCN,dp_sgd,{},5000,0.2999,0.015,0.0,0.58,0.5752,0.847,0.0411,0.1767,0.0462,0.1629,-0.0051,0.6191,0.5914,0.0118,0.0118,0.2572,0.6512,0.6075,0.0108,0.0484,0.2581,0.6159,0.6022,0.0161,0.0645,0.2258,,,,,,,0.2196,23.3572,0.0,1.0,1.0,0.0,none,ce3cf7a081e102f959fd73f82362f6f25bba629f29b5294ad18db1de75c8f237,ba101a27708951ecfb117d63cde2279c52b6d166aa6d856f9a27de39d4416e66,,,,,,
synthetic_low_medium,GCN,dp_sgd,{},7777,0.2999,0.015,0.0,0.49,0.4873,0.7913,0.0275,0.0772,0.0281,0.1274,-0.0006,0.6157,0.6196,0.0106,0.0426,0.2965,0.6756,0.6304,0.0163,0.0707,0.3043,0.6555,0.625,0.0163,0.0707,0.2935,,,,,,,0.2477,23.3572,0.0,1.0,1.0,0.0,none,0fa4cab4c97b6022c3abec60da55808f786a5fd3d9eff4aa341895a320939071,0e14d346164beda32d9fa5f2613737a1238ab62b6258d8a04ae44dfba5f20227,,,,,,
synthetic_low_medium,GCN,dp_sgd,{},9999,0.2999,0.015,0.0,0.565,0.5672,0.8421,0.0316,0.0947,0.0429,0.3076,-0.0113,0.617,0.5934,0.022,0.044,0.2088,0.6573,0.6044,0.0275,0.0934,0.2527,0.6438,0.6154,0.011,0.0549,0.2418,,,,,,,0.1802,23.3572,0.0,1.0,1.0,0.0,none,adb64f48e1fceed7bbc496808a44fff4a39106d43b1eaad2cfdd0d864cfa4596,999994c48e6cadf1d7d8bf14389504c1df6da802f449f9a5b5bd35be2fc879cb,,,,,,
synthetic_low_medium,GCN,epsd_tuned,"{""lambda_epsd"": 1.0}",42,0.2999,0.015,0.0,0.55,0.5457,0.8126,0.0239,0.0663,0.0193,0.0666,0.0046,0.7367,0.6851,0.0,0.0349,0.4177,0.7455,0.663,0.0,0.0552,0.442,0.7455,0.674,0.0,0.0552,0.442,,,,,,,0.1365,,,,,1.0,none,da2638b73b89a879f3f0b2994b4600930b95640687d2158d4710cad471b1fc1a,59278f68abf5116b755ede06c3c4b36c49fcf03bb1c1327f0c7ac2c0fb6f3491,1.7393,0.0609,1.8002,0.4157,0.1405,0.5562
synthetic_low_medium,GCN,epsd_tuned,"{""lambda_epsd"": 1.0}",123,0.2999,0.015,0.0,0.47,0.4732,0.7847,0.034,0.0957,0.028,0.1142,0.006,0.8152,0.7838,0.044,0.1538,0.595,0.7366,0.6811,0.027,0.0432,0.4703,0.7429,0.7162,0.0054,0.0919,0.4757,,,,,,,0.2336,,,,,1.0,none,df15708dfe8dd578ce10f4f6a534c9afb23c72b2237045a5a1c3d22d586dc2e6,25885578dcf153e5dcafe5bddb0dbbfb49da46de3565734179a055bca540c43a,1.6388,0.042,1.6808,0.4124,0.1439,0.5563
synthetic_low_medium,GCN,epsd_tuned,"{""lambda_epsd"": 1.0}",456,0.2999,0.015,0.0,0.59,0.5822,0.8433,0.0359,0.127,0.0294,0.077,0.0065,0.6845,0.6448,0.011,0.0549,0.3895,0.6771,0.6284,0.0164,0.0874,0.3279,0.681,0.6366,0.0273,0.0765,0.3224,,,,,,,0.1553,,,,,1.0,none,573f5d3636b5fb6de3aabf8eaaacd0379c1d972b9d8cd2c259264432ebc12488,18b8dabf2d8501d219a097f394cbf99bfd6a1d9a8a59b267197e0c2d77d3796a,1.7206,0.0481,1.7687,0.3918,0.1548,0.5466
synthetic_low_medium,GCN,epsd_tuned,"{""lambda_epsd"": 1.0}",789,0.2999,0.015,0.0,0.595,0.5925,0.8331,0.0236,0.048,0.0236,0.0621,-0.0001,0.7176,0.6931,0.0105,0.0211,0.4166,0.7113,0.6667,0.0159,0.0688,0.3915,0.7119,0.6852,0.0,0.0476,0.3862,,,,,,,0.1117,,,,,1.0,none,db19a74ba861086d41d84b1ffb9bbe337bd4e85ba404f74bf86137633838f775,1806ba55e134042b55889eb55ec5eb93935d813d85f165606b87db0307339028,1.7419,0.0371,1.779,0.4927,0.1359,0.6286
synthetic_low_medium,GCN,epsd_tuned,"{""lambda_epsd"": 1.0}",1024,0.2999,0.015,0.0,0.555,0.5546,0.8308,0.0356,0.1223,0.0309,0.158,0.0048,0.7098,0.6264,0.0111,0.0444,0.3957,0.7029,0.6648,0.011,0.0714,0.3516,0.7209,0.6703,0.022,0.1758,0.3462,,,,,,,0.1479,,,,,1.0,none,3b440a5d4f477a98d7ac8bbc413c5a5724f76f9a1f54eb5bb9ea0debbc8d4908,2c21652583cfbcff9d54df5cf7c71d69b686cda4daad3d82fe8d1b81eff4946b,1.713,0.0455,1.7586,0.4332,0.1477,0.5809
synthetic_low_medium,GCN,epsd_tuned,"{""lambda_epsd"": 1.0}",2024,0.2999,0.015,0.0,0.59,0.5839,0.826,0.0301,0.0942,0.0331,0.1393,-0.003,0.6876,0.6556,0.0,0.1236,0.3245,0.7135,0.6667,0.0111,0.1389,0.35,0.7171,0.6611,0.0333,0.1611,0.3556,,,,,,,0.0926,,,,,1.0,none,a34368f94ec4b321f9a73e7a44fe7680e642f418b783ee6ad76d3201f239c1d1,ab5502366aecddf8e38d62bd81986911710cf5f4b528c5e6465117a4313685da,1.6486,0.0428,1.6913,0.4494,0.1262,0.5756
synthetic_low_medium,GCN,epsd_tuned,"{""lambda_epsd"": 1.0}",3141,0.2999,0.015,0.0,0.585,0.5798,0.8503,0.0448,0.1341,0.0227,0.0554,0.022,0.7222,0.6436,0.046,0.1034,0.4038,0.7028,0.6489,0.0372,0.0798,0.3511,0.6985,0.6569,0.0053,0.0957,0.367,,,,,,,0.1286,,,,,1.0,none,6fa19dd0d725c80b15fcf76a8a1260051045f7644ea61ac8298f17407bb8fd5c,a44bcc275a5ad4d529ac3c8a5bafb8810fe3bd82a73a89e5ee04de64b4a3b130,1.7585,0.0387,1.7973,0.407,0.1681,0.5751
synthetic_low_medium,GCN,epsd_tuned,"{""lambda_epsd"": 1.0}",5000,0.2999,0.015,0.0,0.545,0.5464,0.8403,0.0309,0.0774,0.0244,0.0482,0.0065,0.7016,0.6344,0.0118,0.0353,0.3793,0.7169,0.6559,0.0054,0.0376,0.3817,0.7492,0.6747,0.0161,0.172,0.3817,,,,,,,0.1697,,,,,1.0,none,8d961dba04318740a599d2eefa4dd0b62dbcaee1618cb446d4fce1be22c629d1,8ba65bc2ebabf7444294931a93dadcadecb12be5283b79aa9762ff62e2a886f3,1.6861,0.049,1.735,0.4002,0.1528,0.5529
synthetic_low_medium,GCN,epsd_tuned,"{""lambda_epsd"": 1.0}",7777,0.2999,0.015,0.0,0.49,0.4853,0.7935,0.0286,0.0632,0.0213,0.0661,0.0072,0.6915,0.6902,0.0106,0.0426,0.4589,0.7524,0.712,0.0163,0.0761,0.4565,0.7841,0.7283,0.0217,0.1087,0.4674,,,,,,,0.1984,,,,,1.0,none,7bfc509a847a4d2bec96c05759fbe8cd3daf1ac3352b4fff4c93f090adc62564,fbd4afa4507978e203aaaff2b662d30714980d99017329c140f34075d52efa3b,1.6724,0.037,1.7094,0.4077,0.1576,0.5653
synthetic_low_medium,GCN,epsd_tuned,"{""lambda_epsd"": 1.0}",9999,0.2999,0.015,0.0,0.555,0.5575,0.8322,0.028,0.0761,0.0321,0.2153,-0.0042,0.6696,0.6154,0.011,0.033,0.3077,0.7213,0.6703,0.011,0.0824,0.3846,0.7303,0.6758,0.0165,0.1154,0.3791,,,,,,,0.1277,,,,,1.0,none,69ca2068de3881f85b1113fdd897f40439bae9f4f0825a35a932f7e8b4829b4b,bf64d9a08624db87fdc41b37d1d2df011c821d0311e6647aa28f43f75fa4cdf2,1.7693,0.0439,1.8131,0.413,0.1342,0.5472
synthetic_low_medium,GraphSAGE,none,{},42,0.2999,0.015,0.0,0.75,0.7424,0.9394,0.9367,1.0208,1.506,1.2906,-0.5693,0.8033,0.663,0.0465,0.1977,0.5873,0.7926,0.7127,0.0,0.1878,0.5635,0.7919,0.7514,0.0331,0.1878,0.5635,,,,,,,0.1597,,,,,0.0,none,d4ea1083b95ecb12fd528d21e61e2209a9727c770b56400f98041cb442820bad,2a8cd143b13c2f3d60f0d35eb4f7157557d1e5bfabd68658b3a5f70909408943,1.7035,0.0,1.7035,0.0302,0.0,0.0302
synthetic_low_medium,GraphSAGE,none,{},123,0.2999,0.015,0.0,0.67,0.6657,0.9187,0.9261,1.0637,1.4972,1.2922,-0.571,0.8609,0.7459,0.033,0.1758,0.6589,0.8685,0.7784,0.027,0.2595,0.6595,0.8687,0.7946,0.0541,0.2649,0.6649,,,,,,,0.2233,,,,,0.0,none,994b50127ec51598b0a20abfedcfa91c1b2779e670f7068a157fb08bc6e5ea1a,2e571810d73b586591c7f6938c77d31f7847adb07598933ca515cd0f450fa6d4,1.815,0.0,1.815,0.0122,0.0,0.0122
synthetic_low_medium,GraphSAGE,none,{},456,0.2999,0.015,0.0,0.75,0.7477,0.9461,1.1029,1.2085,1.407,1.5294,-0.304,0.763,0.6776,0.0,0.044,0.5102,0.7419,0.6667,0.0,0.0437,0.4809,0.7409,0.7268,0.0055,0.0437,0.4809,,,,,,,0.1682,,,,,0.0,none,a37fe0281db3926033da59737b39d20e454e0e485b88efbcf4c8250195a846fa,f15e5b2444599638b019a4261891139076ff7f39b932a24c03a8914c7aa4dfa0,1.9088,0.0,1.9088,0.0476,0.0,0.0476
synthetic_low_medium,GraphSAGE,none,{},789,0.2999,0.015,0.0,0.755,0.7518,0.9434,0.9452,0.9828,1.4635,1.2562,-0.5183,0.7989,0.7407,0.0,0.0947,0.5326,0.8032,0.7302,0.0,0.1164,0.5397,0.8025,0.7593,0.0053,0.1217,0.5397,,,,,,,0.1482,,,,,0.0,none,87ff019a64bdc022e89baa3fb88ad5724d5564baada5b15d41e15b122e17672d,3df96617a3922b1b0c6e71a033779feb397a0cc3742b30b0fade60689d04d796,1.8614,0.0,1.8614,0.0351,0.0,0.0351
synthetic_low_medium,GraphSAGE,none,{},1024,0.2999,0.015,0.0,0.79,0.7903,0.9553,1.1072,1.1236,1.5231,1.4265,-0.4158,0.8219,0.7253,0.0111,0.0778,0.6295,0.8466,0.7802,0.0,0.0989,0.6593,0.8462,0.772,0.0165,0.0989,0.6593,,,,,,,0.122,,,,,0.0,none,c737ee88a446dd09cd6fcd5d3b992659d79a3ca7963e529a3ed785c2f3dfa85e,4f105451a095f654d54d3697deaf5f92794659341a6a364c54336dd010236e85,1.8443,0.0,1.8443,0.0121,0.0,0.0121
synthetic_low_medium,GraphSAGE,none,{},2024,0.2999,0.015,0.0,0.72,0.719,0.9233,0.8868,1.0872,1.5335,1.3873,-0.6467,0.8612,0.7889,0.0449,0.1124,0.7248,0.8546,0.8,0.0111,0.1278,0.7,0.8542,0.8139,0.0111,0.1278,0.6944,,,,,,,0.1723,,,,,0.0,none,83f52ac24b93dfbb2a57b15bb94220805fbcc437264b49103326ed5369e1d7f9,d7473af85cee0b16ad277e524b2dab805845f83ab6787e6c257c78791c04e9f9,1.7723,0.0,1.7723,0.0239,0.0,0.0239
synthetic_low_medium,GraphSAGE,none,{},3141,0.2999,0.015,0.0,0.755,0.7564,0.9442,1.0353,1.1155,1.5575,1.4515,-0.5222,0.7911,0.7021,0.0805,0.2069,0.5347,0.8215,0.75,0.0,0.1649,0.6011,0.8205,0.7739,0.016,0.1649,0.6011,,,,,,,0.1486,,,,,0.0,none,94814fbbc786a1f10e451d918cb4f81ecbf15e47307f187e4a4c4851d4c8c139,82939c60a495e178025a6abd12fb47379a3c9cb208145a65dd0f7f16e6f24a49,1.7337,0.0,1.7337,0.0231,0.0,0.0231
synthetic_low_medium,GraphSAGE,none,{},5000,0.2999,0.015,0.0,0.81,0.8121,0.967,1.073,1.1219,1.6996,1.3798,-0.6267,0.8062,0.6882,0.0588,0.1647,0.5965,0.7909,0.7097,0.0,0.0968,0.5591,0.791,0.7446,0.0215,0.1075,0.5645,,,,,,,0.1201,,,,,0.0,none,02c090fc2008942acf01ed5f0f1f400c75b6d48521163b8936e6bf1b8ec1d8b9,3e05b77b32c2137d7c75da88c109395d8752c2c9efa66a36e009c36b8f0380c6,1.7266,0.0,1.7266,0.0259,0.0,0.0259
synthetic_low_medium,GraphSAGE,none,{},7777,0.2999,0.015,0.0,0.725,0.7225,0.9319,1.0119,1.0691,1.5206,1.4543,-0.5086,0.8363,0.7717,0.0426,0.1809,0.6251,0.8622,0.7935,0.0272,0.1793,0.6739,0.8616,0.8234,0.0326,0.1793,0.6793,,,,,,,0.1567,,,,,0.0,none,1272d38e58cf9e2e1ca7bf6d9f49e5ebeabf0c5e5d90804d0505b97107e224e5,5d2d91b9618c9560de64e78ccd0365941eb041545d3db43811dc4e407e0e043e,1.8695,0.0,1.8695,0.028,0.0,0.028
synthetic_low_medium,GraphSAGE,none,{},9999,0.2999,0.015,0.0,0.765,0.7605,0.9543,0.8451,0.9054,1.4837,1.3593,-0.6386,0.7433,0.7308,0.022,0.1538,0.5165,0.7799,0.6813,0.0,0.1868,0.522,0.7797,0.7418,0.0385,0.1868,0.5165,,,,,,,0.1371,,,,,0.0,none,34a37fb3db1120158d2ba4acc897e4829b66638d7de4380485fed37458a464ad,6275cb9c254acfb0c1e6cad1704930a92f1059d1167ca5773fef5efcb027e1dd,1.6131,0.0,1.6131,0.0354,0.0,0.0354
synthetic_low_medium,GraphSAGE,dropedge,"{""rate"": 0.3}",42,0.2999,0.015,0.0,0.77,0.7683,0.9501,1.0544,0.8169,1.4599,1.0124,-0.4056,0.7678,0.6796,0.0349,0.1163,0.5269,0.7661,0.6906,0.0331,0.105,0.5193,0.7654,0.7155,0.0331,0.1105,0.5193,,,,,,,0.1282,,,,,0.0,none,04a9b23f0e520645629eaf01152ef3646185110b3a532fa1fe4462e159049ed9,752bb4caec4f6abad83a2536a96070bcfe0ee83d98f24d1e8199e12aea3ae538,1.7365,0.0,1.7365,0.0301,0.0,0.0301
synthetic_low_medium,GraphSAGE,dropedge,"{""rate"": 0.3}",123,0.2999,0.015,0.0,0.69,0.6857,0.9227,1.2037,0.9804,1.5606,1.0599,-0.357,0.8345,0.7243,0.033,0.1099,0.6043,0.8505,0.7622,0.027,0.2432,0.6378,0.8501,0.7892,0.0378,0.2432,0.627,,,,,,,0.1933,,,,,0.0,none,7730d7b01e847bb9f62b6a39fa19f206837d8a71516af50875411b0e73d6349e,454a80970cae0d1d902ad188c5fa141f828c4ec33baf79f855f4458e48261572,1.8647,0.0,1.8647,0.0736,0.0,0.0736
synthetic_low_medium,GraphSAGE,dropedge,"{""rate"": 0.3}",456,0.2999,0.015,0.0,0.77,0.7694,0.948,1.1965,0.8585,1.3557,0.9305,-0.1592,0.7388,0.6721,0.0,0.044,0.4553,0.7311,0.6448,0.0,0.0328,0.459,0.7306,0.7213,0.0164,0.0383,0.4536,,,,,,,0.1539,,,,,0.0,none,5aaeb98735d4764bc8daa718f71bdd3f6c58b71d653734e2d1b74c7b79442af2,53f4bfa1148d9fc471655de4070f1b8814d8d6387f1103cc019955e2a6790c37,1.9599,0.0,1.9599,0.0395,0.0,0.0395
synthetic_low_medium,GraphSAGE,dropedge,"{""rate"": 0.3}",789,0.2999,0.015,0.0,0.775,0.7713,0.9542,1.104,0.8096,1.5338,0.9896,-0.4298,0.7841,0.7302,0.0,0.0632,0.532,0.7889,0.709,0.0,0.1164,0.5397,0.7883,0.7698,0.0106,0.1164,0.5397,,,,,,,0.139,,,,,0.0,none,347480de4e006f393f60ad4824f04adb78062c9c88e3875e56623c354860978d,8a17b1b9684692d4b0da9acb4bf5d1b62b3c74acd54f7cbeb47437feed2dd226,1.8573,0.0,1.8573,0.0795,0.0,0.0795
synthetic_low_medium,GraphSAGE,dropedge,"{""rate"": 0.3}",1024,0.2999,0.015,0.0,0.79,0.7893,0.9587,1.2953,1.0486,1.5837,1.1225,-0.2883,0.8123,0.7473,0.0222,0.0778,0.5749,0.834,0.7747,0.022,0.1319,0.5769,0.8335,0.7802,0.022,0.1209,0.5824,,,,,,,0.1031,,,,,0.0,none,185c0b39742a5ae747a7f86d29002f5ff694d244baedec573598ee47c4c63b67,c9e1c62cc0ac7ab06a947f035082c46bd4aac8abf00d401f43c5f54ae6c93f9f,1.8402,0.0,1.8402,0.0523,0.0,0.0523
synthetic_low_medium,GraphSAGE,dropedge,"{""rate"": 0.3}",2024,0.2999,0.015,0.0,0.765,0.766,0.938,1.0722,0.8139,1.451,1.1078,-0.3788,0.837,0.7556,0.0225,0.1236,0.6806,0.8232,0.7611,0.0,0.1056,0.65,0.8233,0.8,0.0056,0.1056,0.6444,,,,,,,0.1222,,,,,0.0,none,6527dbbce13406a483b2dc5f6dd17108e4a36f91c0f28980c201f36a55268e66,22999868438e6a96dfc3ce584b94714bba38197b40766e86b8ce0a09b6de7ca0,1.8161,0.0,1.8161,0.0477,0.0,0.0477
synthetic_low_medium,GraphSAGE,dropedge,"{""rate"": 0.3}",3141,0.2999,0.015,0.0,0.795,0.7939,0.9552,1.1157,0.7734,1.5005,1.0112,-0.3848,0.7681,0.6862,0.069,0.1379,0.497,0.7998,0.7234,0.0,0.0798,0.5532,0.7987,0.766,0.016,0.0851,0.5479,,,,,,,0.1114,,,,,0.0,none,e805a33ef32d1c5077c6d2ccaf8e135879fe4ed27a4591810dd843837fbc3675,9c28e840bbeb140d536f84a471f7256afc952a5117c37b5779b4d07df222e89d,1.8051,0.0,1.8051,0.0577,0.0,0.0577
synthetic_low_medium,GraphSAGE,dropedge,"{""rate"": 0.3}",5000,0.2999,0.015,0.0,0.81,0.8129,0.9702,1.3166,1.1555,1.6959,1.2711,-0.3794,0.7928,0.6935,0.0706,0.1412,0.5588,0.7742,0.7043,0.0,0.0806,0.5376,0.7742,0.7392,0.0108,0.086,0.543,,,,,,,0.1149,,,,,0.0,none,d0cdb1f45535c195fe4aa0261751f9b7a42a439c98033b9e35e1828ac6948250,4168cbc8694e17269db856461d0f8f9d96bb0e440cc9d7560707b2ccf4c2ffbe,1.7596,0.0,1.7596,0.0371,0.0,0.0371
synthetic_low_medium,GraphSAGE,dropedge,"{""rate"": 0.3}",7777,0.2999,0.015,0.0,0.735,0.7352,0.9344,1.1484,0.8946,1.4313,1.0743,-0.2829,0.7917,0.7826,0.0319,0.0957,0.6444,0.8278,0.7663,0.0217,0.1413,0.6576,0.8272,0.8207,0.0217,0.1413,0.6576,,,,,,,0.1465,,,,,0.0,none,a2ced561f1a005cfeb8d8a39837087e778a9d473d963a18c43f571a1c1aa487e,62e9025233c8be168c297944e1bf3c3b90e23549898194aab26e28d81cf5be67,1.863,0.0,1.863,0.0484,0.0,0.0484
synthetic_low_medium,GraphSAGE,dropedge,"{""rate"": 0.3}",9999,0.2999,0.015,0.0,0.74,0.7365,0.9514,0.9451,0.6774,1.3841,0.9457,-0.439,0.7553,0.7088,0.022,0.1538,0.4945,0.7784,0.6868,0.0,0.1868,0.5,0.778,0.7143,0.0275,0.1868,0.4945,,,,,,,0.1807,,,,,0.0,none,4c73a7ff1b87177457cf705ec2d72897e7fbbc18764454066462570d81a29400,687e34a003b96af14d4eb756256c30d9d1f0756c09161498da9edb9acc12ae35,1.7213,0.0,1.7213,0.0433,0.0,0.0433
synthetic_low_medium,GraphSAGE,label_smoothing,"{""alpha"": 0.1}",42,0.2999,0.015,0.0,0.705,0.7012,0.9283,0.73,0.3604,0.5697,0.3748,0.1603,0.8546,0.8287,0.0116,0.0581,0.6726,0.8426,0.7901,0.0055,0.0442,0.6906,0.8413,0.8398,0.0055,0.0387,0.6906,,,,,,,0.04,,,,,0.0,none,bfbb19b62887ab0db6a369edd04e361ad1730300d221628284e7e5c1a8ccb17c,0e8595a193a87fb3d1013778fdf01e560219ce8ecb6aa645b0d2a197346f4c70,1.7086,0.0,1.7086,0.4743,0.0,0.4743
synthetic_low_medium,GraphSAGE,label_smoothing,"{""alpha"": 0.1}",123,0.2999,0.015,0.0,0.64,0.6363,0.8975,0.6983,0.3696,0.5097,0.3756,0.1885,0.8774,0.8541,0.011,0.0769,0.733,0.9069,0.8595,0.0108,0.2649,0.7676,0.9025,0.8568,0.0108,0.2811,0.7568,,,,,,,0.0986,,,,,0.0,none,18f350cd504ccd38d64a6218875762b4cf8c839eb131cf50fe7865df65e6e36b,8b546b999c055f2811126b6b6fbb31ef3f3be3a171a614809321ece36216c327,1.8098,0.0,1.8098,0.4764,0.0,0.4764
synthetic_low_medium,GraphSAGE,label_smoothing,"{""alpha"": 0.1}",456,0.2999,0.015,0.0,0.735,0.7341,0.935,0.8199,0.3766,0.6114,0.4644,0.2085,0.8002,0.8142,0.0,0.022,0.6304,0.8005,0.7486,0.0,0.0164,0.6339,0.7925,0.806,0.0,0.0164,0.6284,,,,,,,0.0574,,,,,0.0,none,d41fd980b5286a215c6b6d03b1617b69526dfcad038898c5f2d9474c9e0bc628,40d891d4539e5bccb9736eb7ec7757e03a602fe06f8ea78613cd568af13a7664,1.9051,0.0,1.9051,0.5029,0.0,0.5029
synthetic_low_medium,GraphSAGE,label_smoothing,"{""alpha"": 0.1}",789,0.2999,0.015,0.0,0.71,0.7063,0.9294,0.7972,0.4408,0.6,0.4137,0.1972,0.8499,0.8677,0.0,0.0211,0.7454,0.8769,0.8466,0.0,0.0159,0.7672,0.873,0.8704,0.0,0.0106,0.7513,,,,,,,0.0503,,,,,0.0,none,56a8f1441668aabc579a50f62d2f85f218c0756190d9143cfecfc04a26025d38,a62314640dde3535534aa7cd873da0e83d49fa71266c0c3cdc2f184ee94dc87c,1.8517,0.0,1.8517,0.4969,0.0,0.4969
synthetic_low_medium,GraphSAGE,label_smoothing,"{""alpha"": 0.1}",1024,0.2999,0.015,0.0,0.74,0.7401,0.9466,0.7479,0.3695,0.5233,0.3603,0.2246,0.8678,0.8352,0.0222,0.1,0.7056,0.8761,0.8187,0.0055,0.1429,0.7253,0.8757,0.8571,0.0055,0.1429,0.7253,,,,,,,0.0958,,,,,0.0,none,84c534e514e87ca027a92ab2b42b193e91127733f4b6c999a3296ad998e8104e,2083df964571c124e4b83e1f008f0e0c82b4a5749e4324bd2609fd7b70698f04,1.8384,0.0,1.8384,0.4866,0.0,0.4866
synthetic_low_medium,GraphSAGE,label_smoothing,"{""alpha"": 0.1}",2024,0.2999,0.015,0.0,0.68,0.6797,0.9131,0.7061,0.3353,0.5048,0.3705,0.2012,0.9043,0.8944,0.0337,0.1461,0.8022,0.8958,0.85,0.0056,0.0611,0.7944,0.8953,0.8833,0.0056,0.0556,0.7944,,,,,,,0.0904,,,,,0.0,none,0ef7b2dce0a895dad0c2a9bf5b672674f84c947250ba9347e4c20cc2f38f79f4,9cb2a77f5831fd12161466bf17d2f523a24bde42287c9142d194e03ed3b8dc26,1.7698,0.0,1.7698,0.4846,0.0,0.4846
synthetic_low_medium,GraphSAGE,label_smoothing,"{""alpha"": 0.1}",3141,0.2999,0.015,0.0,0.715,0.7091,0.9294,0.7802,0.3709,0.5554,0.3794,0.2248,0.8259,0.8032,0.0115,0.0805,0.6503,0.8606,0.8032,0.0106,0.1064,0.7074,0.8564,0.8378,0.0106,0.1064,0.6968,,,,,,,0.0914,,,,,0.0,none,779c7f9f3714d1e90040dc0ff44f28cdd40ebbcd9a2ab2d3f952f34476b61b14,476bdcc00fa0a02195fad1ba3d149050ce3f1ef840dd0bda0c0885886eb9f10b,1.7391,0.0,1.7391,0.4917,0.0,0.4917
synthetic_low_medium,GraphSAGE,label_smoothing,"{""alpha"": 0.1}",5000,0.2999,0.015,0.0,0.765,0.7678,0.9601,0.7933,0.4145,0.6345,0.4452,0.1587,0.854,0.8011,0.0235,0.0706,0.7091,0.8437,0.7957,0.0054,0.0538,0.6828,0.8426,0.8306,0.0054,0.0538,0.6882,,,,,,,0.0891,,,,,0.0,none,52137a05a509d0fa6b00169f876f911b46a9f44c4bcfb5919a44313896dd0588,3004fc579be1656d5bc36e39686d496dd6736775a79b3e1dd02007205ecda8a2,1.7384,0.0,1.7384,0.4947,0.0,0.4947
synthetic_low_medium,GraphSAGE,label_smoothing,"{""alpha"": 0.1}",7777,0.2999,0.015,0.0,0.69,0.6894,0.9142,0.724,0.3849,0.4745,0.3396,0.2495,0.8766,0.8641,0.0106,0.0745,0.7232,0.9116,0.8533,0.0054,0.3207,0.7989,0.9079,0.8723,0.0054,0.3152,0.7935,,,,,,,0.0736,,,,,0.0,none,cacf7b2e29bb0abc9b2000a39df3c15d23fd1d040aa30dad50f99d3d8e91c254,ba8a41dd9dfe4d57f75c3dc5ce08a6e5f5357584dba6028d9a6570f8961a95d7,1.8682,0.0,1.8682,0.4997,0.0,0.4997
synthetic_low_medium,GraphSAGE,label_smoothing,"{""alpha"": 0.1}",9999,0.2999,0.015,0.0,0.735,0.7281,0.9381,0.7191,0.3401,0.5507,0.3968,0.1684,0.814,0.8407,0.0,0.0769,0.7033,0.8563,0.8077,0.0,0.0934,0.7253,0.8541,0.8489,0.0,0.0934,0.7143,,,,,,,0.0712,,,,,0.0,none,4a7ec6a8801a81e56332732be28649847e312dbd3974c82034805290224d9a34,4faa01f6ff7886b78b855b3989b290768526a3291306895ab9a44a40e930a53b,1.6307,0.0,1.6307,0.4852,0.0,0.4852
synthetic_low_medium,GraphSAGE,early_stopping,"{""patience"": 15}",42,0.2999,0.015,0.0,0.75,0.7424,0.9394,0.9367,1.0208,1.506,1.2906,-0.5693,0.8033,0.663,0.0465,0.1977,0.5873,0.7926,0.7127,0.0,0.1878,0.5635,0.7919,0.7514,0.0331,0.1878,0.5635,,,,,,,0.1597,,,,,0.0,none,d4ea1083b95ecb12fd528d21e61e2209a9727c770b56400f98041cb442820bad,2a8cd143b13c2f3d60f0d35eb4f7157557d1e5bfabd68658b3a5f70909408943,1.7035,0.0,1.7035,0.0302,0.0,0.0302
synthetic_low_medium,GraphSAGE,early_stopping,"{""patience"": 15}",123,0.2999,0.015,0.0,0.67,0.6657,0.9187,0.9261,1.0637,1.4972,1.2922,-0.571,0.8609,0.7459,0.033,0.1758,0.6589,0.8685,0.7784,0.027,0.2595,0.6595,0.8687,0.7946,0.0541,0.2649,0.6649,,,,,,,0.2233,,,,,0.0,none,994b50127ec51598b0a20abfedcfa91c1b2779e670f7068a157fb08bc6e5ea1a,2e571810d73b586591c7f6938c77d31f7847adb07598933ca515cd0f450fa6d4,1.815,0.0,1.815,0.0122,0.0,0.0122
synthetic_low_medium,GraphSAGE,early_stopping,"{""patience"": 15}",456,0.2999,0.015,0.0,0.75,0.7477,0.9461,1.1029,1.2085,1.407,1.5294,-0.304,0.763,0.6776,0.0,0.044,0.5102,0.7419,0.6667,0.0,0.0437,0.4809,0.7409,0.7268,0.0055,0.0437,0.4809,,,,,,,0.1682,,,,,0.0,none,a37fe0281db3926033da59737b39d20e454e0e485b88efbcf4c8250195a846fa,f15e5b2444599638b019a4261891139076ff7f39b932a24c03a8914c7aa4dfa0,1.9088,0.0,1.9088,0.0476,0.0,0.0476
synthetic_low_medium,GraphSAGE,early_stopping,"{""patience"": 15}",789,0.2999,0.015,0.0,0.755,0.7518,0.9434,0.9452,0.9828,1.4635,1.2562,-0.5183,0.7989,0.7407,0.0,0.0947,0.5326,0.8032,0.7302,0.0,0.1164,0.5397,0.8025,0.7593,0.0053,0.1217,0.5397,,,,,,,0.1482,,,,,0.0,none,87ff019a64bdc022e89baa3fb88ad5724d5564baada5b15d41e15b122e17672d,3df96617a3922b1b0c6e71a033779feb397a0cc3742b30b0fade60689d04d796,1.8614,0.0,1.8614,0.0351,0.0,0.0351
synthetic_low_medium,GraphSAGE,early_stopping,"{""patience"": 15}",1024,0.2999,0.015,0.0,0.79,0.7903,0.9553,1.1072,1.1236,1.5231,1.4265,-0.4158,0.8219,0.7253,0.0111,0.0778,0.6295,0.8466,0.7802,0.0,0.0989,0.6593,0.8462,0.772,0.0165,0.0989,0.6593,,,,,,,0.122,,,,,0.0,none,c737ee88a446dd09cd6fcd5d3b992659d79a3ca7963e529a3ed785c2f3dfa85e,4f105451a095f654d54d3697deaf5f92794659341a6a364c54336dd010236e85,1.8443,0.0,1.8443,0.0121,0.0,0.0121
synthetic_low_medium,GraphSAGE,early_stopping,"{""patience"": 15}",2024,0.2999,0.015,0.0,0.72,0.719,0.9233,0.8868,1.0872,1.5335,1.3873,-0.6467,0.8612,0.7889,0.0449,0.1124,0.7248,0.8546,0.8,0.0111,0.1278,0.7,0.8542,0.8139,0.0111,0.1278,0.6944,,,,,,,0.1723,,,,,0.0,none,83f52ac24b93dfbb2a57b15bb94220805fbcc437264b49103326ed5369e1d7f9,d7473af85cee0b16ad277e524b2dab805845f83ab6787e6c257c78791c04e9f9,1.7723,0.0,1.7723,0.0239,0.0,0.0239
synthetic_low_medium,GraphSAGE,early_stopping,"{""patience"": 15}",3141,0.2999,0.015,0.0,0.755,0.7564,0.9442,1.0353,1.1155,1.5575,1.4515,-0.5222,0.7911,0.7021,0.0805,0.2069,0.5347,0.8215,0.75,0.0,0.1649,0.6011,0.8205,0.7739,0.016,0.1649,0.6011,,,,,,,0.1486,,,,,0.0,none,94814fbbc786a1f10e451d918cb4f81ecbf15e47307f187e4a4c4851d4c8c139,82939c60a495e178025a6abd12fb47379a3c9cb208145a65dd0f7f16e6f24a49,1.7337,0.0,1.7337,0.0231,0.0,0.0231
synthetic_low_medium,GraphSAGE,early_stopping,"{""patience"": 15}",5000,0.2999,0.015,0.0,0.81,0.8121,0.967,1.073,1.1219,1.6996,1.3798,-0.6267,0.8062,0.6882,0.0588,0.1647,0.5965,0.7909,0.7097,0.0,0.0968,0.5591,0.791,0.7446,0.0215,0.1075,0.5645,,,,,,,0.1201,,,,,0.0,none,02c090fc2008942acf01ed5f0f1f400c75b6d48521163b8936e6bf1b8ec1d8b9,3e05b77b32c2137d7c75da88c109395d8752c2c9efa66a36e009c36b8f0380c6,1.7266,0.0,1.7266,0.0259,0.0,0.0259
synthetic_low_medium,GraphSAGE,early_stopping,"{""patience"": 15}",7777,0.2999,0.015,0.0,0.725,0.7225,0.9319,1.0119,1.0691,1.5206,1.4543,-0.5086,0.8363,0.7717,0.0426,0.1809,0.6251,0.8622,0.7935,0.0272,0.1793,0.6739,0.8616,0.8234,0.0326,0.1793,0.6793,,,,,,,0.1567,,,,,0.0,none,1272d38e58cf9e2e1ca7bf6d9f49e5ebeabf0c5e5d90804d0505b97107e224e5,5d2d91b9618c9560de64e78ccd0365941eb041545d3db43811dc4e407e0e043e,1.8695,0.0,1.8695,0.028,0.0,0.028
synthetic_low_medium,GraphSAGE,early_stopping,"{""patience"": 15}",9999,0.2999,0.015,0.0,0.765,0.7605,0.9543,0.8451,0.9054,1.4837,1.3593,-0.6386,0.7433,0.7308,0.022,0.1538,0.5165,0.7799,0.6813,0.0,0.1868,0.522,0.7797,0.7418,0.0385,0.1868,0.5165,,,,,,,0.1371,,,,,0.0,none,34a37fb3db1120158d2ba4acc897e4829b66638d7de4380485fed37458a464ad,6275cb9c254acfb0c1e6cad1704930a92f1059d1167ca5773fef5efcb027e1dd,1.6131,0.0,1.6131,0.0354,0.0,0.0354
synthetic_low_medium,GraphSAGE,confidence_masking,"{""top_k"": 2}",42,0.2999,0.015,0.0,0.75,0.7424,0.9112,0.9367,1.0208,1.506,1.2906,-0.5693,0.8094,0.6464,0.0465,0.2093,0.5513,0.7977,0.7127,0.0,0.1878,0.547,0.7979,0.7514,0.0387,0.1878,0.547,,,,,,,0.1775,,,,,0.0,none,d4ea1083b95ecb12fd528d21e61e2209a9727c770b56400f98041cb442820bad,2a8cd143b13c2f3d60f0d35eb4f7157557d1e5bfabd68658b3a5f70909408943,1.7035,0.0,1.7035,0.0302,0.0,0.0302
synthetic_low_medium,GraphSAGE,confidence_masking,"{""top_k"": 2}",123,0.2999,0.015,0.0,0.67,0.6657,0.8841,0.9261,1.0637,1.4972,1.2922,-0.571,0.8656,0.7351,0.044,0.2088,0.6692,0.8686,0.7838,0.027,0.2216,0.6757,0.8687,0.7865,0.0649,0.2216,0.6757,,,,,,,0.239,,,,,0.0,none,994b50127ec51598b0a20abfedcfa91c1b2779e670f7068a157fb08bc6e5ea1a,2e571810d73b586591c7f6938c77d31f7847adb07598933ca515cd0f450fa6d4,1.815,0.0,1.815,0.0122,0.0,0.0122
synthetic_low_medium,GraphSAGE,confidence_masking,"{""top_k"": 2}",456,0.2999,0.015,0.0,0.75,0.7477,0.9038,1.1029,1.2085,1.407,1.5294,-0.304,0.771,0.6667,0.0,0.0659,0.5103,0.7455,0.6721,0.0,0.0437,0.4918,0.7453,0.7295,0.0055,0.0437,0.4918,,,,,,,0.178,,,,,0.0,none,a37fe0281db3926033da59737b39d20e454e0e485b88efbcf4c8250195a846fa,f15e5b2444599638b019a4261891139076ff7f39b932a24c03a8914c7aa4dfa0,1.9088,0.0,1.9088,0.0476,0.0,0.0476
synthetic_low_medium,GraphSAGE,confidence_masking,"{""top_k"": 2}",789,0.2999,0.015,0.0,0.755,0.7518,0.9132,0.9452,0.9828,1.4635,1.2562,-0.5183,0.7985,0.7196,0.0,0.1158,0.5328,0.805,0.7302,0.0,0.127,0.5397,0.8048,0.7593,0.0053,0.127,0.5397,,,,,,,0.1601,,,,,0.0,none,87ff019a64bdc022e89baa3fb88ad5724d5564baada5b15d41e15b122e17672d,3df96617a3922b1b0c6e71a033779feb397a0cc3742b30b0fade60689d04d796,1.8614,0.0,1.8614,0.0351,0.0,0.0351
synthetic_low_medium,GraphSAGE,confidence_masking,"{""top_k"": 2}",1024,0.2999,0.015,0.0,0.79,0.7903,0.9401,1.1072,1.1236,1.5231,1.4265,-0.4158,0.8249,0.7143,0.0111,0.0667,0.6188,0.8482,0.7912,0.0,0.1044,0.6593,0.8482,0.772,0.0165,0.1044,0.6593,,,,,,,0.1305,,,,,0.0,none,c737ee88a446dd09cd6fcd5d3b992659d79a3ca7963e529a3ed785c2f3dfa85e,4f105451a095f654d54d3697deaf5f92794659341a6a364c54336dd010236e85,1.8443,0.0,1.8443,0.0121,0.0,0.0121
synthetic_low_medium,GraphSAGE,confidence_masking,"{""top_k"": 2}",2024,0.2999,0.015,0.0,0.72,0.719,0.905,0.8868,1.0872,1.5335,1.3873,-0.6467,0.8602,0.7611,0.0225,0.1236,0.7353,0.8574,0.8056,0.0111,0.1167,0.7111,0.8574,0.8083,0.0111,0.1167,0.7111,,,,,,,0.1828,,,,,0.0,none,83f52ac24b93dfbb2a57b15bb94220805fbcc437264b49103326ed5369e1d7f9,d7473af85cee0b16ad277e524b2dab805845f83ab6787e6c257c78791c04e9f9,1.7723,0.0,1.7723,0.0239,0.0,0.0239
synthetic_low_medium,GraphSAGE,confidence_masking,"{""top_k"": 2}",3141,0.2999,0.015,0.0,0.755,0.7564,0.9123,1.0353,1.1155,1.5575,1.4515,-0.5222,0.7971,0.6968,0.0805,0.2069,0.5433,0.8249,0.7553,0.0,0.1702,0.6117,0.8249,0.7766,0.0213,0.1702,0.6117,,,,,,,0.1688,,,,,0.0,none,94814fbbc786a1f10e451d918cb4f81ecbf15e47307f187e4a4c4851d4c8c139,82939c60a495e178025a6abd12fb47379a3c9cb208145a65dd0f7f16e6f24a49,1.7337,0.0,1.7337,0.0231,0.0,0.0231
synthetic_low_medium,GraphSAGE,confidence_masking,"{""top_k"": 2}",5000,0.2999,0.015,0.0,0.81,0.8121,0.9513,1.073,1.1219,1.6996,1.3798,-0.6267,0.8044,0.6828,0.0706,0.1412,0.5866,0.7921,0.7258,0.0,0.1075,0.5645,0.7922,0.7392,0.0215,0.1183,0.5645,,,,,,,0.1236,,,,,0.0,none,02c090fc2008942acf01ed5f0f1f400c75b6d48521163b8936e6bf1b8ec1d8b9,3e05b77b32c2137d7c75da88c109395d8752c2c9efa66a36e009c36b8f0380c6,1.7266,0.0,1.7266,0.0259,0.0,0.0259
synthetic_low_medium,GraphSAGE,confidence_masking,"{""top_k"": 2}",7777,0.2999,0.015,0.0,0.725,0.7225,0.9016,1.0119,1.0691,1.5206,1.4543,-0.5086,0.8361,0.7609,0.0426,0.1702,0.6463,0.8633,0.7989,0.0326,0.1685,0.6957,0.8633,0.8207,0.0326,0.1685,0.6957,,,,,,,0.1743,,,,,0.0,none,1272d38e58cf9e2e1ca7bf6d9f49e5ebeabf0c5e5d90804d0505b97107e224e5,5d2d91b9618c9560de64e78ccd0365941eb041545d3db43811dc4e407e0e043e,1.8695,0.0,1.8695,0.028,0.0,0.028
synthetic_low_medium,GraphSAGE,confidence_masking,"{""top_k"": 2}",9999,0.2999,0.015,0.0,0.765,0.7605,0.9232,0.8451,0.9054,1.4837,1.3593,-0.6386,0.7431,0.7253,0.022,0.1538,0.5165,0.7807,0.6868,0.0,0.1923,0.5275,0.7809,0.739,0.044,0.1923,0.5275,,,,,,,0.1491,,,,,0.0,none,34a37fb3db1120158d2ba4acc897e4829b66638d7de4380485fed37458a464ad,6275cb9c254acfb0c1e6cad1704930a92f1059d1167ca5773fef5efcb027e1dd,1.6131,0.0,1.6131,0.0354,0.0,0.0354
synthetic_low_medium,GraphSAGE,edge_sparsification,"{""rate"": 0.2}",42,0.2999,0.015,0.0,0.76,0.76,0.9365,0.9488,1.029,1.4309,1.1902,-0.4821,0.8076,0.6851,0.0465,0.1744,0.5651,0.8038,0.7348,0.0387,0.1326,0.5967,0.8032,0.779,0.0442,0.1326,0.5967,,,,,,,0.1564,,,,,0.0,none,8a9719537562391c6792f70cba48e80279889c4a19a34144d3831722cd30432f,39348f72fcfa900cee2a54b32dd391fb25f4f559661f594148ba5f6c73c96c55,1.6749,0.0,1.6749,0.0187,0.0,0.0187
synthetic_low_medium,GraphSAGE,edge_sparsification,"{""rate"": 0.2}",123,0.2999,0.015,0.0,0.65,0.6474,0.9064,1.0439,0.9839,1.4049,1.1465,-0.3609,0.87,0.7459,0.0,0.1978,0.6458,0.8861,0.8162,0.0,0.2378,0.6811,0.8858,0.8162,0.027,0.2378,0.6811,,,,,,,0.2241,,,,,0.0,none,35a6d8c010ef70e9eadec69138566ced949eebc11e4f4d9ac1d94444ae1912de,db740a52c27ad7555ca3c4bf7d3c429cf9a6b34e8708b6fcf518d168a163640e,1.863,0.0,1.863,0.0278,0.0,0.0278
synthetic_low_medium,GraphSAGE,edge_sparsification,"{""rate"": 0.2}",456,0.2999,0.015,0.0,0.73,0.7268,0.9403,1.1333,1.184,1.3671,1.2915,-0.2338,0.748,0.6721,0.0,0.0549,0.4672,0.7338,0.6721,0.0,0.0328,0.4973,0.7327,0.7377,0.0,0.0383,0.4918,,,,,,,0.1684,,,,,0.0,none,cb5d15f55fc492bb858ed10d72d90a234f661893e55ca5b418b6a179d85ccba4,a86958a31fa695c4b31935ba55606c3685d9549c43a0426662b4f90a008b646a,1.9265,0.0,1.9265,0.0259,0.0,0.0259
synthetic_low_medium,GraphSAGE,edge_sparsification,"{""rate"": 0.2}",789,0.2999,0.015,0.0,0.73,0.7293,0.9366,1.0727,1.0947,1.5245,1.3201,-0.4518,0.8529,0.7196,0.0211,0.0316,0.6705,0.854,0.7831,0.0106,0.1323,0.672,0.853,0.7884,0.0212,0.1323,0.6667,,,,,,,0.1715,,,,,0.0,none,44eb565a6769334edd8e19f2f2a044e7b8ab6abb8d26c483afddb3b1c4ae699f,4e1da914508cb190bf4ae4067c0ace0dc27fc6d64d49b63d7a3189bfd5925ce4,1.8387,0.0,1.8387,0.016,0.0,0.016
synthetic_low_medium,GraphSAGE,edge_sparsification,"{""rate"": 0.2}",1024,0.2999,0.015,0.0,0.8,0.8,0.95,1.181,1.2433,1.5597,1.3794,-0.3788,0.8443,0.7637,0.0889,0.1111,0.6517,0.8461,0.7747,0.0275,0.1099,0.6593,0.8457,0.7967,0.033,0.1099,0.6593,,,,,,,0.1094,,,,,0.0,none,2071c97bf27331bf5a684fcf61704d744ef9f9619cece2abb19a763d70a4b47d,4dbab553680be8ea9315bc879a86dca8d1254c3e09f57306789e3e144b2ecab4,1.8338,0.0,1.8338,0.0206,0.0,0.0206
synthetic_low_medium,GraphSAGE,edge_sparsification,"{""rate"": 0.2}",2024,0.2999,0.015,0.0,0.69,0.6891,0.9167,0.9531,1.0739,1.4375,1.3573,-0.4844,0.8643,0.7722,0.0337,0.2247,0.714,0.8559,0.8,0.0,0.2,0.6833,0.8557,0.8278,0.0,0.1889,0.6833,,,,,,,0.1979,,,,,0.0,none,5185b9b27897be75d9a9c54af0861a9c829959fb27671218e8ee6821baf61aef,005733b36cdbd989f52ee02eb5c1bb57730b627044902c1f28b26ce4ff842d77,1.7338,0.0,1.7338,0.0285,0.0,0.0285
synthetic_low_medium,GraphSAGE,edge_sparsification,"{""rate"": 0.2}",3141,0.2999,0.015,0.0,0.77,0.7702,0.9444,1.0644,0.9355,1.5266,1.3053,-0.4622,0.7981,0.7021,0.0345,0.1724,0.6222,0.8252,0.7447,0.0,0.1223,0.6436,0.8246,0.7979,0.0266,0.133,0.6383,,,,,,,0.14,,,,,0.0,none,04580c2d3e92c1abf11944a11ac135d9fcefa796f332ee9d88f735819b1fefb7,2803aeba9282dde7f946ffa36372d05f108b77c7fcd4684698cd83cf883c0559,1.7955,0.0,1.7955,0.0161,0.0,0.0161
synthetic_low_medium,GraphSAGE,edge_sparsification,"{""rate"": 0.2}",5000,0.2999,0.015,0.0,0.76,0.7615,0.9573,1.059,1.1203,1.5276,1.2586,-0.4685,0.8321,0.6667,0.0588,0.1529,0.6206,0.8134,0.7312,0.0484,0.1344,0.5753,0.8133,0.7392,0.0484,0.1559,0.5753,,,,,,,0.1477,,,,,0.0,none,0d38c535e4b99f0aec71b9062f9b1b4e8880a65dddfeead79f9417d2fe52cf9f,0031951fc3d523f712efbb57768bbb45829bc0607192d00c3b360a162e191f70,1.7551,0.0,1.7551,0.0093,0.0,0.0093
synthetic_low_medium,GraphSAGE,edge_sparsification,"{""rate"": 0.2}",7777,0.2999,0.015,0.0,0.725,0.7249,0.9329,1.1703,1.1935,1.5962,1.429,-0.4259,0.817,0.7772,0.0319,0.1277,0.6792,0.8554,0.7935,0.0489,0.2337,0.6848,0.8553,0.8043,0.0489,0.2337,0.6848,,,,,,,0.1569,,,,,0.0,none,0e7fd06262f8c873bd28efb93a9a51d3487f854dbeab4e7136373971c7fcdf94,37445a888cc68ea209ccb2bfd4826eb9bf744922eb175b48fbd695c8200e1e8e,1.9068,0.0,1.9068,0.0202,0.0,0.0202
synthetic_low_medium,GraphSAGE,edge_sparsification,"{""rate"": 0.2}",9999,0.2999,0.015,0.0,0.755,0.752,0.9448,1.0028,1.1436,1.3384,1.101,-0.3356,0.7829,0.7253,0.033,0.0879,0.5385,0.8199,0.7363,0.0,0.2363,0.5769,0.8196,0.7445,0.044,0.2363,0.5769,,,,,,,0.188,,,,,0.0,none,14e40029a4b939a6765c56a52e8973108be7fcff4c7509cff47f4ad6fe999f57,6ef47b9f4eccf94260d79a9f6cd0e7ada538a99078d34a1a18360543eb8bdd21,1.7093,0.0,1.7093,0.0146,0.0,0.0146
synthetic_low_medium,GraphSAGE,dp_sgd,{},42,0.2999,0.015,0.0,0.615,0.6153,0.8951,1.245,1.674,1.4551,1.5809,-0.2102,0.7002,0.6243,0.0349,0.0698,0.3275,0.7149,0.6575,0.0,0.1271,0.3702,0.7141,0.6768,0.0387,0.1271,0.3757,,,,,,,0.2789,23.3572,0.0,1.0,1.0,0.0,none,d3aabbe4f48f2c401e756c1b23b9891c2beb727da10d9eed7848309b2c78a39e,d82da6086cecd50c44e1a35a3750d6d7afc34f94329792a12bcd742920f0823d,,,,,,
synthetic_low_medium,GraphSAGE,dp_sgd,{},123,0.2999,0.015,0.0,0.64,0.6367,0.8801,1.1066,1.4939,1.3415,1.5103,-0.2349,0.7433,0.7027,0.011,0.1978,0.4525,0.7371,0.6973,0.0,0.1784,0.4216,0.7327,0.6784,0.0595,0.1784,0.4162,,,,,,,0.2644,23.3572,0.0,1.0,1.0,0.0,none,5c9b73ef31aad681c8f03a6bee2e07a40e4a9a05b5c2b859438d4611c2c29bc1,b6ad4d0aff1a2be6abe36c1193a096ced5e33470971227d2f7d6df3c5c20271d,,,,,,
synthetic_low_medium,GraphSAGE,dp_sgd,{},456,0.2999,0.015,0.0,0.64,0.6226,0.9059,1.0942,1.3213,1.2528,1.5504,-0.1586,0.7449,0.6557,0.011,0.0879,0.444,0.6919,0.6339,0.0,0.0656,0.3716,0.6892,0.6639,0.0055,0.0765,0.3716,,,,,,,0.2625,23.3572,0.0,1.0,1.0,0.0,none,fca1dbf645f282973152a44862e57086a71199d63c6734f39113f8d35783e223,5be4a7935e141b5a611ef708ba95c6588f6ecbba882f0e4cc42de13b25b74d65,,,,,,
synthetic_low_medium,GraphSAGE,dp_sgd,{},789,0.2999,0.015,0.0,0.64,0.6236,0.8923,1.5418,1.8498,1.607,1.5802,-0.0653,0.6845,0.6561,0.0,0.1158,0.3745,0.6918,0.6349,0.0,0.1005,0.328,0.6815,0.6534,0.0106,0.1005,0.328,,,,,,,0.2664,23.3572,0.0,1.0,1.0,0.0,none,01f2911c22f0a36d2f230cfb24dedfd7be9beab48c2f8493373dbca5485d595b,01abedc40954f2effeb732d4a5ad634f7ec51eacdeab5c0a7b731a372882012d,,,,,,
synthetic_low_medium,GraphSAGE,dp_sgd,{},1024,0.2999,0.015,0.0,0.685,0.6843,0.9113,1.888,2.4142,1.8511,1.9544,0.0369,0.7086,0.6868,0.0556,0.1778,0.3778,0.7017,0.6429,0.0,0.1209,0.3516,0.7037,0.6758,0.033,0.1209,0.3571,,,,,,,0.2174,23.3572,0.0,1.0,1.0,0.0,none,f8d90b2284a9b6fa560e002af3241e0c2e1fef5df7fcf23ef793f78b83d77de2,a35b5be4c0411788d257990f744dc2a1a39337d46736377c5b6f213ac78f7e0e,,,,,,
synthetic_low_medium,GraphSAGE,dp_sgd,{},2024,0.2999,0.015,0.0,0.575,0.5687,0.8541,1.2766,1.4778,1.4722,1.63,-0.1956,0.7334,0.6889,0.0562,0.1124,0.4222,0.7352,0.6944,0.0,0.1056,0.4333,0.729,0.7083,0.0056,0.1056,0.4333,,,,,,,0.2774,23.3572,0.0,1.0,1.0,0.0,none,c962446b02bf0ca30d8e5aa110a5ed2a920f452b4c6825599dd04b6a8c111897,96a55fcff4dfeb31b844879876a70af8d6f14438ba5c679ec874f5e671527701,,,,,,
synthetic_low_medium,GraphSAGE,dp_sgd,{},3141,0.2999,0.015,0.0,0.655,0.6528,0.8987,1.5832,1.9308,2.0653,2.1864,-0.4821,0.7029,0.6436,0.0345,0.1264,0.3817,0.7253,0.6543,0.0,0.0957,0.383,0.7183,0.6835,0.0106,0.117,0.383,,,,,,,0.2582,23.3572,0.0,1.0,1.0,0.0,none,e08e37bec9abb39047ce3610135d40745557454f6790ffd82dcf5a9c591f4b17,201daf38b300f43d8113228fbab33455a8526fd65d65c232ebb6b8c8b949f973,,,,,,
synthetic_low_medium,GraphSAGE,dp_sgd,{},5000,0.2999,0.015,0.0,0.7,0.7011,0.9185,1.6263,1.8995,2.0093,2.0986,-0.383,0.7239,0.6505,0.0824,0.1412,0.4176,0.7142,0.6774,0.0,0.0,0.3978,0.716,0.6882,0.0215,0.0968,0.3925,,,,,,,0.2419,23.3572,0.0,1.0,1.0,0.0,none,7b580fbb50e4207d8063b786d8339b51a1ec44e0b79956163e6e3a2eaf5bfd79,feb4225728467e11d21e2e7d7dfe9fcd9899f95cd0d3fd3a036c71010a8d7632,,,,,,
synthetic_low_medium,GraphSAGE,dp_sgd,{},7777,0.2999,0.015,0.0,0.575,0.5685,0.8631,1.2929,1.3135,1.4996,1.4045,-0.2067,0.7175,0.6957,0.0532,0.0851,0.4191,0.7257,0.6739,0.038,0.1304,0.3696,0.7213,0.6739,0.0489,0.1359,0.3696,,,,,,,0.2915,23.3572,0.0,1.0,1.0,0.0,none,f66fb21d0fc3d862533f833edcc01894b3033791a18de5c9dcc99caa76fd6810,e4908f0401f585715f7dbb5f219528d332fd013ec51346c1c4611ccffbc6f1bb,,,,,,
synthetic_low_medium,GraphSAGE,dp_sgd,{},9999,0.2999,0.015,0.0,0.66,0.6643,0.9028,1.1832,1.3105,1.9753,2.2086,-0.7921,0.6921,0.6648,0.0,0.033,0.3407,0.6936,0.6209,0.0,0.1099,0.3462,0.6895,0.6648,0.011,0.1099,0.3352,,,,,,,0.259,23.3572,0.0,1.0,1.0,0.0,none,5feb1b8e43f57ef67e78252f88786b906014e87101e2140c4e5770c179935bfe,02a99e6f26d893fd3e4d4408dc1da884ad806028321216757b58dce65423193a,,,,,,
synthetic_low_medium,GraphSAGE,epsd_tuned,"{""lambda_epsd"": 1.0}",42,0.2999,0.015,0.0,0.63,0.6252,0.8663,0.1006,0.1178,0.3486,0.3824,-0.2479,0.8557,0.8011,0.0814,0.1744,0.6638,0.8703,0.8066,0.0773,0.221,0.6685,0.8651,0.6713,0.0773,0.221,0.6575,,,,,,,0.1202,,,,,1.0,none,46475ee72420de0f9e8d0303fd95af8501823bd7292c6045783fabe8d5c8c6e7,23e4e77774edd7103472a85e6aa347cc6c072c71f4df869c4e4070705cc4c6c8,1.7035,0.1474,1.8509,0.08,0.1927,0.2727
synthetic_low_medium,GraphSAGE,epsd_tuned,"{""lambda_epsd"": 1.0}",123,0.2999,0.015,0.0,0.59,0.5898,0.8355,0.0981,0.1026,0.3123,0.3622,-0.2142,0.9159,0.8649,0.011,0.2857,0.7543,0.9169,0.8541,0.0486,0.3514,0.7243,0.9153,0.727,0.0486,0.3676,0.7297,,,,,,,0.1761,,,,,1.0,none,d93f57f8431eac25856aa2eb895d0fadec1cdfcf1c556308315913ed9dd8c669,a5a4e2397c6bccde38e14fd6caa4787cf538d9d2b1764eb5fe84011487215880,1.815,0.1316,1.9466,0.0965,0.1841,0.2806
synthetic_low_medium,GraphSAGE,epsd_tuned,"{""lambda_epsd"": 1.0}",456,0.2999,0.015,0.0,0.65,0.6489,0.8657,0.1134,0.1262,0.2857,0.3133,-0.1724,0.8507,0.7814,0.011,0.2527,0.6405,0.8299,0.765,0.0219,0.224,0.5902,0.8216,0.6284,0.0219,0.2404,0.5574,,,,,,,0.1484,,,,,1.0,none,854194752a3be0d7b885f0200adcfd0bb578254b2e31fcbc0b546e227061960f,e9f442d4b6c00c99cff1609fb4955aea21e0761c8b20b018dd58f698ec2effba,1.9088,0.1398,2.0486,0.0867,0.2427,0.3294
synthetic_low_medium,GraphSAGE,epsd_tuned,"{""lambda_epsd"": 1.0}",789,0.2999,0.015,0.0,0.595,0.5982,0.8558,0.1072,0.1086,0.3051,0.3112,-0.1978,0.8774,0.836,0.1895,0.3474,0.6812,0.8708,0.8042,0.1746,0.3122,0.6667,0.8649,0.6455,0.164,0.3122,0.6561,,,,,,,0.1532,,,,,1.0,none,ccf29011b386dfccc7cda093740b68a1e0aa3e3d0a07722a9c8a4f72f0e7c769,ea87efca02435b4fce4623d77348c84d3b8fb87ca72c33991da330a8dbe127b0,1.8614,0.1275,1.989,0.1015,0.2034,0.3049
synthetic_low_medium,GraphSAGE,epsd_tuned,"{""lambda_epsd"": 1.0}",1024,0.2999,0.015,0.0,0.665,0.6635,0.8842,0.0923,0.0967,0.2884,0.3573,-0.1962,0.8809,0.8297,0.0556,0.1111,0.694,0.8924,0.8297,0.0659,0.1484,0.6923,0.8887,0.7225,0.0659,0.1429,0.6813,,,,,,,0.1011,,,,,1.0,none,7dd6ea3a2f15b8e77569b6a4ce40bccb35bfdc60d04c66bfc088d0c19256db5d,5216deeb8461e307912f0ff60bd6e61466d26546f259db0c3d902d1ab0a5c360,1.8443,0.1501,1.9944,0.0879,0.1865,0.2743
synthetic_low_medium,GraphSAGE,epsd_tuned,"{""lambda_epsd"": 1.0}",2024,0.2999,0.015,0.0,0.57,0.5694,0.8439,0.106,0.1231,0.3304,0.4015,-0.2244,0.9259,0.85,0.2135,0.4157,0.7787,0.9185,0.8556,0.1056,0.4278,0.7444,0.9119,0.675,0.1056,0.4278,0.7389,,,,,,,0.17,,,,,1.0,none,f0d56813d1294e735aa37fe244f1a26189f7a510e5724f58d1233f2c1e4cd892,1f9e64fae2bca975cab24b06bed8de9dcfd3507a8ca1b1a81d89fecc5ac28255,1.7723,0.1327,1.9049,0.1025,0.2363,0.3388
synthetic_low_medium,GraphSAGE,epsd_tuned,"{""lambda_epsd"": 1.0}",3141,0.2999,0.015,0.0,0.635,0.6358,0.8855,0.1138,0.1178,0.3277,0.4534,-0.2139,0.8676,0.7926,0.0805,0.3218,0.6343,0.8831,0.8085,0.117,0.2128,0.6649,0.8778,0.6489,0.117,0.2234,0.6436,,,,,,,0.1155,,,,,1.0,none,40f3999776c423a5e434a151e83734c4a70a75711d50dd519a6bbf0d0e3af8f1,75300b8d5fcb320696a6f0d8d2040d352ec50720a21d477bd77333bb80f86bbe,1.7337,0.1547,1.8883,0.1178,0.1886,0.3064
synthetic_low_medium,GraphSAGE,epsd_tuned,"{""lambda_epsd"": 1.0}",5000,0.2999,0.015,0.0,0.61,0.6127,0.8628,0.0896,0.1057,0.2905,0.3195,-0.2009,0.8775,0.8172,0.1647,0.2824,0.6806,0.8829,0.8172,0.0484,0.2903,0.6828,0.88,0.6478,0.0484,0.2849,0.6828,,,,,,,0.1606,,,,,1.0,none,c90dea5931697413de202159365f637246ef7ab3963cb5c53aa8a365b170a36e,63e7eeec8dbe568465146b9a68c3021af836b3893bd2e1fb9b35884bedf5f565,1.7266,0.1522,1.8789,0.0805,0.167,0.2475
synthetic_low_medium,GraphSAGE,epsd_tuned,"{""lambda_epsd"": 1.0}",7777,0.2999,0.015,0.0,0.56,0.5615,0.8433,0.0996,0.0932,0.2655,0.3083,-0.1659,0.8875,0.8261,0.0213,0.3191,0.6579,0.9191,0.837,0.1141,0.4728,0.7228,0.9176,0.6603,0.1141,0.4728,0.7174,,,,,,,0.1721,,,,,1.0,none,da8ba8773cd5e606cefc000097aa29b21bc2f82202b195a196888ebe2dde962a,455e1a3ba889105fc7150e9d76be801964310c1d86be5b980c75824578c3f9a7,1.8695,0.1599,2.0294,0.0902,0.2036,0.2938
synthetic_low_medium,GraphSAGE,epsd_tuned,"{""lambda_epsd"": 1.0}",9999,0.2999,0.015,0.0,0.665,0.6608,0.8833,0.0694,0.0836,0.4011,0.5153,-0.3318,0.8326,0.7637,0.011,0.1978,0.5934,0.8729,0.8022,0.0275,0.3297,0.6319,0.871,0.7555,0.033,0.3187,0.6264,,,,,,,0.1313,,,,,1.0,none,4c79ed164e2bc32db2f53d9ca94da2ebc1ba24e8866e4acaf04e69d2bc49b952,72a6d0e91865da21a89502841d6dd6dc84f03ffbc9a002daf51a4c71872bca67,1.6131,0.1601,1.7732,0.0665,0.1542,0.2207
synthetic_low_dense,LogReg,none,{},42,0.2998,0.04,0.0022,0.755,0.7564,0.942,,,,,,0.6417,0.674,0.0116,0.0581,0.3989,0.6489,0.5912,0.0166,0.0608,0.4033,0.6561,0.6961,0.0221,0.0608,0.4033,,,,,,,0.1223,,,,,0.0,none,N/A,8311e26657a9511c5a4290c373cc189ee3c0c792db86da6176f2a7434bb3cc73,,,,,,
synthetic_low_dense,LogReg,none,{},123,0.2998,0.04,0.0024,0.695,0.6955,0.9205,,,,,,0.5911,0.6823,0.0,0.0106,0.4171,0.6242,0.5469,0.0052,0.0417,0.4167,0.6241,0.6823,0.0052,0.0417,0.4167,,,,,,,0.1906,,,,,0.0,none,N/A,b2ef3913275c4223c84090db30491ae1c8f79b07d45929885a743b92371e2ede,,,,,,
synthetic_low_dense,LogReg,none,{},456,0.2998,0.04,0.0017,0.765,0.7618,0.942,,,,,,0.663,0.7097,0.0,0.011,0.4403,0.6776,0.5968,0.0108,0.0376,0.4624,0.677,0.7231,0.0108,0.0376,0.4516,,,,,,,0.1507,,,,,0.0,none,N/A,0b749d418c1f502bc295f3374c59529b78b3011a7091c495ec8d6688211f50d4,,,,,,
synthetic_low_dense,LogReg,none,{},789,0.2998,0.04,0.0022,0.715,0.7159,0.9313,,,,,,0.6194,0.6684,0.0211,0.0316,0.4421,0.6504,0.5842,0.0105,0.0211,0.4632,0.7964,0.7105,0.0263,0.2421,0.4737,,,,,,,0.1496,,,,,0.0,none,N/A,7db148f3d2fc78cbd96100a1085cac83ac453185edf1aa27295bb52fb8d45c35,,,,,,
synthetic_low_dense,LogReg,none,{},1024,0.2998,0.04,0.0021,0.725,0.7249,0.9371,,,,,,0.6353,0.6952,0.0,0.0638,0.3876,0.6201,0.5241,0.0,0.0749,0.369,0.6094,0.6711,0.016,0.0535,0.3743,,,,,,,0.1695,,,,,0.0,none,N/A,3567faf99710a95d42c7e0c66bd03af838af4c6852db63795eda8f55a434a356,,,,,,
synthetic_low_dense,LogReg,none,{},2024,0.2998,0.04,0.0025,0.675,0.675,0.9038,,,,,,0.716,0.7584,0.0568,0.1364,0.5444,0.7094,0.6292,0.0112,0.1124,0.5112,0.7097,0.7472,0.0112,0.1011,0.5056,,,,,,,0.196,,,,,0.0,none,N/A,b7e7572b63493f198767f72c28ddf5f9adf760c2e39151fff9da2dfa04fb03db,,,,,,
synthetic_low_dense,LogReg,none,{},3141,0.2998,0.04,0.0019,0.74,0.7344,0.9444,,,,,,0.6189,0.6596,0.0575,0.0805,0.3861,0.6417,0.5638,0.0372,0.0798,0.4043,0.7277,0.6915,0.016,0.1702,0.4149,,,,,,,0.1263,,,,,0.0,none,N/A,2b97ff9aa3bcd6d320f5ee6a4c97fa6c1dbe0971aa1ebde7dba851788b6a7196,,,,,,
synthetic_low_dense,LogReg,none,{},5000,0.2998,0.04,0.0019,0.845,0.8412,0.9699,,,,,,0.6478,0.6203,0.0843,0.1687,0.3413,0.6361,0.5455,0.016,0.0642,0.385,0.7379,0.6578,0.0535,0.1497,0.3422,,,,,,,0.0401,,,,,0.0,none,N/A,c1f2ced05ce61b445928c811def6c73548f86305c412891fabec38ac4e8efbf8,,,,,,
synthetic_low_dense,LogReg,none,{},7777,0.2998,0.04,0.0024,0.685,0.6864,0.9316,,,,,,0.6157,0.7081,0.0,0.0638,0.4513,0.6563,0.573,0.0108,0.0541,0.4811,0.6562,0.7459,0.0324,0.0432,0.4919,,,,,,,0.1728,,,,,0.0,none,N/A,def25cf7c973b7b3c95c2c734d307093ec7418ec18c29bef1f9da1b1ad11a633,,,,,,
synthetic_low_dense,LogReg,none,{},9999,0.2998,0.04,0.0019,0.76,0.7531,0.95,,,,,,0.6713,0.6919,0.0122,0.0732,0.4322,0.6478,0.5698,0.0,0.0581,0.4128,0.6456,0.6831,0.0,0.0116,0.407,,,,,,,0.1166,,,,,0.0,none,N/A,432a1f0562676f4471e673e6e3a8fe6c101a1fc39bbae9dea23eb91d1774f548,,,,,,
synthetic_low_dense,MLP,none,{},42,0.2998,0.04,0.0431,0.71,0.7062,0.9194,,,,,,0.8302,0.7901,0.0349,0.1395,0.641,0.8177,0.7403,0.0387,0.1271,0.6243,0.816,0.8066,0.0387,0.1271,0.6243,,,,,,,0.1524,,,,,0.0,none,N/A,713f7204cf9e8bf9f30307c21e3b907f690ca266e8a55fddf29dbbd284240e4f,,,,,,
synthetic_low_dense,MLP,none,{},123,0.2998,0.04,0.0432,0.645,0.6468,0.8978,,,,,,0.7845,0.7812,0.0,0.0426,0.6216,0.831,0.7656,0.0052,0.099,0.6615,0.8309,0.8203,0.0052,0.099,0.6667,,,,,,,0.2082,,,,,0.0,none,N/A,233a99ab51acf3ea242cf67e51b6a0a54b916badd35322c795d7de5882fb6508,,,,,,
synthetic_low_dense,MLP,none,{},456,0.2998,0.04,0.043,0.765,0.7597,0.939,,,,,,0.7505,0.7688,0.0,0.033,0.5789,0.7734,0.6989,0.0108,0.0645,0.6075,0.7714,0.7876,0.0108,0.0591,0.6075,,,,,,,0.1168,,,,,0.0,none,N/A,fcf52062459daf61d8455c23a38cc770343ed873b7f064df4cb3bc2d1220b967,,,,,,
synthetic_low_dense,MLP,none,{},789,0.2998,0.04,0.0428,0.72,0.7204,0.9275,,,,,,0.7675,0.7947,0.0316,0.0842,0.6316,0.7854,0.7158,0.0316,0.0947,0.6421,0.7842,0.8184,0.0316,0.0947,0.6368,,,,,,,0.1282,,,,,0.0,none,N/A,d26730ab05fb0701fadb7bb4bf424e58684a634b820dc4a988975e7d5d177599,,,,,,
synthetic_low_dense,MLP,none,{},1024,0.2998,0.04,0.0431,0.7,0.6994,0.922,,,,,,0.8208,0.8075,0.0106,0.0319,0.667,0.8193,0.7647,0.0053,0.1497,0.6417,0.8182,0.7995,0.0053,0.1497,0.631,,,,,,,0.1235,,,,,0.0,none,N/A,b03552f02b69f863c7136660bae5ddd75462dd8c603493f51078caf638869a77,,,,,,
synthetic_low_dense,MLP,none,{},2024,0.2998,0.04,0.0429,0.66,0.6595,0.8982,,,,,,0.8622,0.7528,0.125,0.3409,0.6662,0.7981,0.7303,0.0225,0.1011,0.618,0.7975,0.7893,0.0225,0.1067,0.6124,,,,,,,0.1814,,,,,0.0,none,N/A,02df9602f9739f0bb7498d753a34aa1e80f5c4c027c142ea4e7ae25596957ce5,,,,,,
synthetic_low_dense,MLP,none,{},3141,0.2998,0.04,0.0426,0.75,0.7472,0.9469,,,,,,0.7228,0.7234,0.023,0.069,0.5133,0.7604,0.6809,0.0213,0.0691,0.5638,0.7582,0.766,0.0213,0.0691,0.5532,,,,,,,0.1135,,,,,0.0,none,N/A,30b4b7e2aa5be5213e2ac4cd37973d801a33732b34e6b5a6a35c4a46de81628c,,,,,,
synthetic_low_dense,MLP,none,{},5000,0.2998,0.04,0.0612,0.78,0.7762,0.9563,,,,,,0.8012,0.7005,0.0361,0.1446,0.6031,0.7812,0.7166,0.0267,0.1016,0.5989,0.7811,0.7968,0.0267,0.1016,0.5936,,,,,,,0.0684,,,,,0.0,none,N/A,38e59a342fd7ac3fdb1d8a28c17d044f36598b572121897a7809156539acff4e,,,,,,
synthetic_low_dense,MLP,none,{},7777,0.2998,0.04,0.0427,0.68,0.677,0.9248,,,,,,0.7574,0.7892,0.0,0.0319,0.6164,0.8043,0.7459,0.0108,0.0703,0.6541,0.8031,0.8216,0.0108,0.0703,0.6486,,,,,,,0.1885,,,,,0.0,none,N/A,a972d9dac128dd257627cb499010fdd9ade465a88c32062befd36517c49f6f79,,,,,,
synthetic_low_dense,MLP,none,{},9999,0.2998,0.04,0.0432,0.745,0.7428,0.9501,,,,,,0.7978,0.7558,0.0,0.122,0.6322,0.7701,0.686,0.0233,0.1105,0.5756,0.7697,0.7703,0.0233,0.1163,0.5756,,,,,,,0.1153,,,,,0.0,none,N/A,a3bb15a13bf35ae3e42f2d24d4d473c3299157a4da85ee854b782597ebba97da,,,,,,
synthetic_low_dense,GCN,none,{},42,0.2998,0.04,0.0,0.635,0.6348,0.8864,0.0021,0.0056,0.0023,0.0083,-0.0002,0.7056,0.6519,0.0698,0.1279,0.3712,0.652,0.6022,0.0166,0.0663,0.2983,0.6535,0.6188,0.0166,0.0718,0.2983,,,,,,,0.0584,,,,,0.0,none,81ec16284df165fad205574852b8d2f27055f6d1286f3e26f65156ed2b53219b,68b8499b83baf34674be7e09c430a7cfa5a4044e106729bf9bb48603e1b2f231,1.6525,0.0,1.6525,0.5768,0.0,0.5768
synthetic_low_dense,GCN,none,{},123,0.2998,0.04,0.0,0.545,0.547,0.8282,0.0075,0.0691,0.0011,0.0016,0.0064,0.7328,0.6771,0.0,0.0426,0.4071,0.7261,0.6719,0.026,0.1042,0.3594,0.726,0.6745,0.026,0.1042,0.3646,,,,,,,0.1737,,,,,0.0,none,b8770566c157df5bddaa17fea6f52cf4ece3d1bc558661a2225c245075375d50,8c9a646de5ba41b5be16801fa1aa047eacd5aee596e7a0cfc39faeea1307ad09,1.5897,0.0,1.5897,0.4558,0.0,0.4558
synthetic_low_dense,GCN,none,{},456,0.2998,0.04,0.0,0.65,0.6419,0.8866,0.0028,0.0058,0.0019,0.0036,0.0008,0.6379,0.6075,0.0,0.011,0.2932,0.6484,0.6183,0.0054,0.043,0.2581,0.6414,0.6022,0.0054,0.043,0.2419,,,,,,,0.0793,,,,,0.0,none,dcbd37889948704cf9e1ef4d213a77c776ea154bcff8527aebeaaf32ae5a105f,2ca84da63d4702629fe6a79535fd981d403af99d9c0be834db3eee7f99b8f3f7,1.6527,0.0,1.6527,0.5276,0.0,0.5276
synthetic_low_dense,GCN,none,{},789,0.2998,0.04,0.0,0.59,0.5894,0.862,0.0028,0.0073,0.0023,0.0048,0.0005,0.6864,0.6632,0.0211,0.1263,0.3263,0.6802,0.6421,0.0105,0.1158,0.3053,0.6658,0.6316,0.0105,0.1158,0.3105,,,,,,,0.0845,,,,,0.0,none,55ed63221845a0078e407285d99813de0968331dc6c716c8857f0e00ca54e645,96a629e227724bf9da5d086bbd9862260a5aa59c5857ca810e5b95f230a5450c,1.6798,0.0,1.6798,0.6117,0.0,0.6117
synthetic_low_dense,GCN,none,{},1024,0.2998,0.04,0.0,0.625,0.6232,0.8887,0.0023,0.0042,0.0021,0.0039,0.0002,0.621,0.5615,0.0,0.1277,0.2378,0.5722,0.5455,0.0107,0.0321,0.1925,0.5723,0.5802,0.0107,0.0321,0.2032,,,,,,,0.0974,,,,,0.0,none,2effcda8646560c66a7529d227ff592720257b339dfec5ec30d4f208d11859bc,faf2fcb18b77ed11b26b71c33e6b4574a6f6a44655a55fcae4b6aa535cf357e1,1.6329,0.0,1.6329,0.5962,0.0,0.5962
synthetic_low_dense,GCN,none,{},2024,0.2998,0.04,0.0,0.63,0.6259,0.881,0.0026,0.0075,0.0016,0.0028,0.001,0.6931,0.618,0.0114,0.1023,0.326,0.6606,0.618,0.0056,0.0955,0.2584,0.6609,0.618,0.0056,0.0955,0.2584,,,,,,,0.0866,,,,,0.0,none,27d034b10f0087d5de0b0673ad8a51e3d4d2d9b729c782c6ad7ec171d102e70b,302b2d5e76fbdd3e4245d07f781ddfcd4b5d380d679e8f4474469e70ad14eb2e,1.6235,0.0,1.6235,0.5818,0.0,0.5818
synthetic_low_dense,GCN,none,{},3141,0.2998,0.04,0.0,0.645,0.6463,0.8835,0.0025,0.0045,0.0019,0.0049,0.0006,0.6982,0.6489,0.046,0.0805,0.3532,0.638,0.5957,0.0,0.0213,0.2872,0.6367,0.641,0.0053,0.0213,0.2819,,,,,,,0.0787,,,,,0.0,none,0f3b442649b4e64f00b3bfb193d00c2a69fe5c710b1c6eb4ce8f3062eb6584c2,52818cca7e9a6823a300b2e1c1217afe6b52c39057e7eaa90810c94377bfe6ee,1.6949,0.0,1.6949,0.4718,0.0,0.4718
synthetic_low_dense,GCN,none,{},5000,0.2998,0.04,0.0,0.655,0.6563,0.8961,0.0029,0.0108,0.0022,0.0039,0.0007,0.6481,0.6043,0.1205,0.1566,0.2544,0.6557,0.6096,0.0535,0.1176,0.2674,0.6479,0.6016,0.0535,0.1176,0.2674,,,,,,,0.0681,,,,,0.0,none,31036082694d8906241b35a0fe37b6f5cd0854b0b7b2461dd58e01341b2f377d,4c35f37cec6213bab12f6dc7db207a285ee4ea6908cafb39406204d430e95a06,1.6374,0.0,1.6374,0.5137,0.0,0.5137
synthetic_low_dense,GCN,none,{},7777,0.2998,0.04,0.0,0.54,0.5362,0.8467,0.0019,0.0042,0.0017,0.0029,0.0002,0.6814,0.6703,0.0319,0.1277,0.3576,0.6714,0.627,0.0108,0.1081,0.3784,0.6691,0.6378,0.0216,0.0811,0.3568,,,,,,,0.1342,,,,,0.0,none,2ec9d7e738e260ba6fd537f564e42dd15461b55e761b0f295b8fcf9b53dce5b1,5dbf5d79593df4b40395c7cd4ab3d5cd60ad5dc2f93c5329ec168acb259452b2,1.6214,0.0,1.6214,0.5586,0.0,0.5586
synthetic_low_dense,GCN,none,{},9999,0.2998,0.04,0.0,0.66,0.6621,0.9173,0.0021,0.0043,0.0017,0.003,0.0004,0.5103,0.4593,0.0,0.0488,0.0916,0.5674,0.5581,0.0116,0.0233,0.1453,0.5669,0.561,0.0174,0.0233,0.1453,,,,,,,0.0898,,,,,0.0,none,d0a4efc8aa211a005801894cdfb985f71c8ef45db44db7e41d67aa0d0eb25e13,dc5f7713be9d425ce8246996ca96094c419c17879fd5cc81f76c4ec689efde38,1.7141,0.0,1.7141,0.6349,0.0,0.6349
synthetic_low_dense,GCN,dropedge,"{""rate"": 0.3}",42,0.2998,0.04,0.0,0.625,0.6259,0.8813,0.0011,0.0029,0.001,0.0025,0.0001,0.6918,0.6685,0.0349,0.0581,0.3824,0.6508,0.6022,0.0276,0.0829,0.3039,0.6478,0.616,0.011,0.0718,0.2707,,,,,,,0.077,,,,,0.0,none,1ee6e115234064417d4902052f3cea9d483387b4424d9ca86e50ca72ed28dfe4,56141bd94f6ea2d24c91c14c122a7439e42696210453d977e39146fe033e8619,1.6615,0.0,1.6615,0.9564,0.0,0.9564
synthetic_low_dense,GCN,dropedge,"{""rate"": 0.3}",123,0.2998,0.04,0.0,0.525,0.527,0.8297,0.0046,0.0443,0.0007,0.0012,0.0039,0.705,0.6458,0.0106,0.0319,0.3684,0.7188,0.6615,0.0417,0.1198,0.3437,0.7181,0.6562,0.0417,0.1198,0.349,,,,,,,0.0594,,,,,0.0,none,29c9d42ed01486982c3b8bd12942722f89749c2e84d159c628e8eef78646db42,31edb63088e8f497e5944c4162e78e39f0b8b796d898978f716b29f0a9cd7aa4,1.6045,0.0,1.6045,0.9375,0.0,0.9375
synthetic_low_dense,GCN,dropedge,"{""rate"": 0.3}",456,0.2998,0.04,0.0,0.575,0.5672,0.8757,0.0014,0.0027,0.001,0.003,0.0004,0.6532,0.5968,0.011,0.0769,0.2401,0.6485,0.6129,0.0108,0.0968,0.2527,0.6249,0.5941,0.0108,0.1022,0.2204,,,,,,,0.0541,,,,,0.0,none,ee0aa81aa1e1c97d648cebff3190e93361d58c30b0ef7e3375e3826270192feb,043ad2bd8f4092a0584ffc10ab9ce41a1b476ae0c8e7f93d8ac010d841d95e99,1.6723,0.0,1.6723,0.9341,0.0,0.9341
synthetic_low_dense,GCN,dropedge,"{""rate"": 0.3}",789,0.2998,0.04,0.0,0.525,0.5254,0.8445,0.0013,0.0025,0.0009,0.0016,0.0004,0.6654,0.6158,0.0211,0.0842,0.2842,0.6707,0.6211,0.0211,0.0947,0.2737,0.6253,0.6026,0.0158,0.0947,0.2263,,,,,,,0.0396,,,,,0.0,none,ba907465634e4e511185034570b47d1a8b50f563693b4c6716ca18da0a9b5367,7b3ffad8288f53532bc74a4b9dd41e4a9e82bf9066e70b3b6610c2eb7442e163,1.6773,0.0,1.6773,0.9365,0.0,0.9365
synthetic_low_dense,GCN,dropedge,"{""rate"": 0.3}",1024,0.2998,0.04,0.0,0.645,0.6438,0.8851,0.0013,0.0023,0.0013,0.0027,0.0,0.5416,0.5027,0.0,0.0745,0.1307,0.5699,0.5508,0.0107,0.0428,0.1497,0.5692,0.5428,0.0107,0.0428,0.1551,,,,,,,0.1164,,,,,0.0,none,09eca4bd71714b35b90999aeb5735a488aa647d351e7dc8ad0f46ff6b8fed81f,a25728b708c302b112c3ec3c0a41e0c9ca86f958ed02991d904c8c1eade4ad42,1.6217,0.0,1.6217,1.0394,0.0,1.0394
synthetic_low_dense,GCN,dropedge,"{""rate"": 0.3}",2024,0.2998,0.04,0.0,0.61,0.6,0.8808,0.0015,0.0049,0.0009,0.0017,0.0006,0.6886,0.6517,0.0,0.125,0.3179,0.6554,0.6236,0.0056,0.1124,0.2472,0.6548,0.6124,0.0056,0.1067,0.2416,,,,,,,0.0977,,,,,0.0,none,b98a7f0fb051c068140f1f9a405f2c328817a1f04baddbb42eede258edaa40d7,9f61d5393863d1247231ff1509c4865a9d31821bd1d13e4f6908d055bd0fd422,1.6278,0.0,1.6278,0.918,0.0,0.918
synthetic_low_dense,GCN,dropedge,"{""rate"": 0.3}",3141,0.2998,0.04,0.0,0.6,0.6001,0.8751,0.0014,0.0024,0.0011,0.0023,0.0003,0.6485,0.6383,0.023,0.0575,0.3405,0.6388,0.5745,0.0,0.0479,0.2872,0.6353,0.5878,0.0,0.0479,0.2819,,,,,,,0.0834,,,,,0.0,none,370f3e717dca64642c050ade09497f597f56e45bbb0f68aaac874b762636f05b,0b1a1f8b41e23686612d447f9448f2892e82b0c1a2b724b7968c2bb08299ec0c,1.7359,0.0,1.7359,0.86,0.0,0.86
synthetic_low_dense,GCN,dropedge,"{""rate"": 0.3}",5000,0.2998,0.04,0.0,0.645,0.6454,0.8923,0.0018,0.0051,0.0011,0.0016,0.0007,0.6411,0.5775,0.0843,0.1325,0.2705,0.6659,0.615,0.0588,0.107,0.262,0.6575,0.615,0.0267,0.0535,0.262,,,,,,,0.1141,,,,,0.0,none,168228624c803686f6abae6ea117638600709bdebfc72ea2331b1c4524f068e6,e570516c68256aee4374977991e20e322f0feba9438bf2f280fcdab73761dc7b,1.6431,0.0,1.6431,0.8119,0.0,0.8119
synthetic_low_dense,GCN,dropedge,"{""rate"": 0.3}",7777,0.2998,0.04,0.0,0.54,0.5315,0.8487,0.001,0.0016,0.001,0.0017,0.0,0.6606,0.6432,0.0,0.0745,0.3523,0.6702,0.6162,0.0108,0.0973,0.3459,0.6683,0.6243,0.0,0.0811,0.3189,,,,,,,0.0494,,,,,0.0,none,360d03f3165861da2d5951e67027ee8dcf8a42c584cff8cdaddad3d657d12f0a,5e05d9dae5b253ea8b1685200b543026e4edaa69074701d7eea23cf900dbecc8,1.6293,0.0,1.6293,0.8505,0.0,0.8505
synthetic_low_dense,GCN,dropedge,"{""rate"": 0.3}",9999,0.2998,0.04,0.0,0.69,0.6907,0.9229,0.0012,0.0022,0.001,0.0015,0.0002,0.5267,0.4884,0.0122,0.0488,0.1014,0.5744,0.5581,0.0116,0.0581,0.1628,0.5751,0.5581,0.0116,0.0581,0.1628,,,,,,,0.1793,,,,,0.0,none,7e46dd9733450f29786c340eded84727d936dc0112cd8676476b466900d3780f,20f01b31164938837290763688f462a0dd351b9f201b5b8bd06d939300fbb283,1.766,0.0,1.766,0.9235,0.0,0.9235
synthetic_low_dense,GCN,label_smoothing,"{""alpha"": 0.1}",42,0.2998,0.04,0.0,0.64,0.64,0.8869,0.0016,0.0034,0.0017,0.0054,-0.0001,0.702,0.6575,0.0,0.0465,0.3712,0.6552,0.6022,0.0055,0.0552,0.3039,0.6577,0.6298,0.0055,0.0552,0.3204,,,,,,,0.0618,,,,,0.0,none,1371221a2c73c02d9a9e63a8525a0a5b9f987a29fa6746fbfeedc334f93fab28,d890ac24e8f388dfe46f093a1553688ba820cd7c267b656015cef22b142fef3a,1.6517,0.0,1.6517,0.8152,0.0,0.8152
synthetic_low_dense,GCN,label_smoothing,"{""alpha"": 0.1}",123,0.2998,0.04,0.0,0.545,0.5484,0.8253,0.0068,0.0666,0.0009,0.0015,0.0059,0.7388,0.6927,0.0106,0.0213,0.4266,0.7343,0.6823,0.0156,0.0833,0.3854,0.7353,0.6875,0.0156,0.0938,0.4063,,,,,,,0.0888,,,,,0.0,none,07cc6f3e2d3a8a8e682eb1e9cb5d523cb46fea742476e1c4c62aab659a2ddf69,390acc18ae283bb23619e5ad573e050aa78ebe232db4d62e8cb0142ec30ac99f,1.5945,0.0,1.5945,0.7463,0.0,0.7463
synthetic_low_dense,GCN,label_smoothing,"{""alpha"": 0.1}",456,0.2998,0.04,0.0,0.635,0.6275,0.8828,0.0022,0.0047,0.0015,0.0034,0.0007,0.6549,0.6237,0.0,0.033,0.3065,0.6559,0.6237,0.0054,0.0269,0.2688,0.631,0.6048,0.0054,0.0269,0.2419,,,,,,,0.0628,,,,,0.0,none,d6b46bf7fd4ca3a6757a81b9f611a7be5c1a11abc31f5dba43ca940c97700482,df2ffbf95cf140fcc83938d4ea37a1f189c9cad1307becc5b873de8bd9eb173d,1.652,0.0,1.652,0.7901,0.0,0.7901
synthetic_low_dense,GCN,label_smoothing,"{""alpha"": 0.1}",789,0.2998,0.04,0.0,0.585,0.5853,0.862,0.0021,0.0046,0.0016,0.0032,0.0005,0.6894,0.6632,0.0105,0.0842,0.3368,0.6857,0.6421,0.0105,0.1211,0.3158,0.6669,0.6184,0.0105,0.1263,0.3211,,,,,,,0.0486,,,,,0.0,none,98e19ba143087dcc5a36423e85c3def883f8fe078bda3929f80364263f908c5b,e16fe555460f911daa7d623b9ae670fa9e7eb1b6cb9ca75af9dda7a49b1fc359,1.6776,0.0,1.6776,0.8476,0.0,0.8476
synthetic_low_dense,GCN,label_smoothing,"{""alpha"": 0.1}",1024,0.2998,0.04,0.0,0.645,0.6425,0.889,0.0019,0.0031,0.0017,0.0032,0.0001,0.6222,0.5455,0.0,0.1064,0.2593,0.5763,0.5455,0.0107,0.0321,0.1925,0.5785,0.5535,0.0107,0.0321,0.2139,,,,,,,0.0489,,,,,0.0,none,1dd27e7193addda6d3727db640d2c4df1490075c7473ef827672f9426d556b52,7a2389d3ffe4b3be8540a4f2a17e840b86504c144530f9e7f08c90b80dfca6a5,1.6377,0.0,1.6377,0.84,0.0,0.84
synthetic_low_dense,GCN,label_smoothing,"{""alpha"": 0.1}",2024,0.2998,0.04,0.0,0.635,0.6308,0.8809,0.0022,0.0068,0.0013,0.0024,0.0009,0.7105,0.6348,0.0,0.125,0.3409,0.6723,0.618,0.0,0.1067,0.2921,0.6692,0.6208,0.0112,0.0955,0.2865,,,,,,,0.0606,,,,,0.0,none,4c7c9dbb55c2a6bc48ffd05b730ba45b04b2926557579540e83c7ed273a2af10,38c1c79824b9068b10c9343aa53687d9ea81baa95e386389e1ed8d111a49e856,1.6255,0.0,1.6255,0.8202,0.0,0.8202
synthetic_low_dense,GCN,label_smoothing,"{""alpha"": 0.1}",3141,0.2998,0.04,0.0,0.635,0.6362,0.8806,0.002,0.0031,0.0015,0.003,0.0005,0.7082,0.6596,0.0345,0.092,0.3762,0.6461,0.6064,0.0,0.0213,0.2979,0.6465,0.6383,0.0,0.0319,0.3085,,,,,,,0.0586,,,,,0.0,none,04c3c2f4eb9172324a9de4c0956041eb4c06c8b31d3bfc47fc545138a54b9a7e,75ea0a5ea443d18e4570ac3de2d862c6defadb54d38bfc8dee932f1e2d9ed864,1.6941,0.0,1.6941,0.7487,0.0,0.7487
synthetic_low_dense,GCN,label_smoothing,"{""alpha"": 0.1}",5000,0.2998,0.04,0.0,0.665,0.6671,0.8964,0.0024,0.008,0.0016,0.0025,0.0008,0.6578,0.6257,0.1205,0.1446,0.2903,0.6702,0.6203,0.0535,0.0963,0.2995,0.6552,0.6283,0.0214,0.0642,0.3048,,,,,,,0.0717,,,,,0.0,none,806ca0d88cf406b54f305566ac30da28a7d6a5f8aee25a699679232913a0fd81,8f7ee572e54daaa40cccbd0b597086cf08de423359fc3f31ea91034f74ba4ae5,1.6396,0.0,1.6396,0.7825,0.0,0.7825
synthetic_low_dense,GCN,label_smoothing,"{""alpha"": 0.1}",7777,0.2998,0.04,0.0,0.545,0.5405,0.848,0.0015,0.0028,0.0014,0.0022,0.0002,0.6881,0.6703,0.0638,0.0957,0.3569,0.6758,0.6216,0.0108,0.1027,0.3676,0.6718,0.5784,0.0108,0.1027,0.3622,,,,,,,0.0759,,,,,0.0,none,3a1c083a02627ebe9a2e0cf2f93c3ed91fab44d0d021282ba1de8282796df1c1,24883ab2b6be289fe366e9885fd4eab587361b05f133eeaec57f54fa5eb5f65e,1.6218,0.0,1.6218,0.807,0.0,0.807
synthetic_low_dense,GCN,label_smoothing,"{""alpha"": 0.1}",9999,0.2998,0.04,0.0,0.65,0.6536,0.9184,0.0017,0.0035,0.0013,0.0021,0.0004,0.5108,0.4826,0.0122,0.0366,0.0989,0.5754,0.564,0.0116,0.0291,0.1512,0.5994,0.5523,0.0174,0.0814,0.2035,,,,,,,0.0722,,,,,0.0,none,55fcfca6effc96446d82ef2c9360740eb3fae3d9b84d7ce85389042009e4e6d2,d3ceb4255fc33247ead2fcda72959be0db417ded78052210cf458b6185f90841,1.7102,0.0,1.7102,0.8575,0.0,0.8575
synthetic_low_dense,GCN,early_stopping,"{""patience"": 15}",42,0.2998,0.04,0.0,0.635,0.6348,0.8864,0.0021,0.0056,0.0023,0.0083,-0.0002,0.7056,0.6519,0.0698,0.1279,0.3712,0.652,0.6022,0.0166,0.0663,0.2983,0.6535,0.6188,0.0166,0.0718,0.2983,,,,,,,0.0584,,,,,0.0,none,81ec16284df165fad205574852b8d2f27055f6d1286f3e26f65156ed2b53219b,68b8499b83baf34674be7e09c430a7cfa5a4044e106729bf9bb48603e1b2f231,1.6525,0.0,1.6525,0.5768,0.0,0.5768
synthetic_low_dense,GCN,early_stopping,"{""patience"": 15}",123,0.2998,0.04,0.0,0.545,0.547,0.8282,0.0075,0.0691,0.0011,0.0016,0.0064,0.7328,0.6771,0.0,0.0426,0.4071,0.7261,0.6719,0.026,0.1042,0.3594,0.726,0.6745,0.026,0.1042,0.3646,,,,,,,0.1737,,,,,0.0,none,b8770566c157df5bddaa17fea6f52cf4ece3d1bc558661a2225c245075375d50,8c9a646de5ba41b5be16801fa1aa047eacd5aee596e7a0cfc39faeea1307ad09,1.5897,0.0,1.5897,0.4558,0.0,0.4558
synthetic_low_dense,GCN,early_stopping,"{""patience"": 15}",456,0.2998,0.04,0.0,0.65,0.6419,0.8866,0.0028,0.0058,0.0019,0.0036,0.0008,0.6379,0.6075,0.0,0.011,0.2932,0.6484,0.6183,0.0054,0.043,0.2581,0.6414,0.6022,0.0054,0.043,0.2419,,,,,,,0.0793,,,,,0.0,none,dcbd37889948704cf9e1ef4d213a77c776ea154bcff8527aebeaaf32ae5a105f,2ca84da63d4702629fe6a79535fd981d403af99d9c0be834db3eee7f99b8f3f7,1.6527,0.0,1.6527,0.5276,0.0,0.5276
synthetic_low_dense,GCN,early_stopping,"{""patience"": 15}",789,0.2998,0.04,0.0,0.59,0.5894,0.862,0.0028,0.0073,0.0023,0.0048,0.0005,0.6864,0.6632,0.0211,0.1263,0.3263,0.6802,0.6421,0.0105,0.1158,0.3053,0.6658,0.6316,0.0105,0.1158,0.3105,,,,,,,0.0845,,,,,0.0,none,55ed63221845a0078e407285d99813de0968331dc6c716c8857f0e00ca54e645,96a629e227724bf9da5d086bbd9862260a5aa59c5857ca810e5b95f230a5450c,1.6798,0.0,1.6798,0.6117,0.0,0.6117
synthetic_low_dense,GCN,early_stopping,"{""patience"": 15}",1024,0.2998,0.04,0.0,0.625,0.6232,0.8887,0.0023,0.0042,0.0021,0.0039,0.0002,0.621,0.5615,0.0,0.1277,0.2378,0.5722,0.5455,0.0107,0.0321,0.1925,0.5723,0.5802,0.0107,0.0321,0.2032,,,,,,,0.0974,,,,,0.0,none,2effcda8646560c66a7529d227ff592720257b339dfec5ec30d4f208d11859bc,faf2fcb18b77ed11b26b71c33e6b4574a6f6a44655a55fcae4b6aa535cf357e1,1.6329,0.0,1.6329,0.5962,0.0,0.5962
synthetic_low_dense,GCN,early_stopping,"{""patience"": 15}",2024,0.2998,0.04,0.0,0.63,0.6259,0.881,0.0026,0.0075,0.0016,0.0028,0.001,0.6931,0.618,0.0114,0.1023,0.326,0.6606,0.618,0.0056,0.0955,0.2584,0.6609,0.618,0.0056,0.0955,0.2584,,,,,,,0.0866,,,,,0.0,none,27d034b10f0087d5de0b0673ad8a51e3d4d2d9b729c782c6ad7ec171d102e70b,302b2d5e76fbdd3e4245d07f781ddfcd4b5d380d679e8f4474469e70ad14eb2e,1.6235,0.0,1.6235,0.5818,0.0,0.5818
synthetic_low_dense,GCN,early_stopping,"{""patience"": 15}",3141,0.2998,0.04,0.0,0.645,0.6463,0.8835,0.0025,0.0045,0.0019,0.0049,0.0006,0.6982,0.6489,0.046,0.0805,0.3532,0.638,0.5957,0.0,0.0213,0.2872,0.6367,0.641,0.0053,0.0213,0.2819,,,,,,,0.0787,,,,,0.0,none,0f3b442649b4e64f00b3bfb193d00c2a69fe5c710b1c6eb4ce8f3062eb6584c2,52818cca7e9a6823a300b2e1c1217afe6b52c39057e7eaa90810c94377bfe6ee,1.6949,0.0,1.6949,0.4718,0.0,0.4718
synthetic_low_dense,GCN,early_stopping,"{""patience"": 15}",5000,0.2998,0.04,0.0,0.655,0.6563,0.8961,0.0029,0.0108,0.0022,0.0039,0.0007,0.6481,0.6043,0.1205,0.1566,0.2544,0.6557,0.6096,0.0535,0.1176,0.2674,0.6479,0.6016,0.0535,0.1176,0.2674,,,,,,,0.0681,,,,,0.0,none,31036082694d8906241b35a0fe37b6f5cd0854b0b7b2461dd58e01341b2f377d,4c35f37cec6213bab12f6dc7db207a285ee4ea6908cafb39406204d430e95a06,1.6374,0.0,1.6374,0.5137,0.0,0.5137
synthetic_low_dense,GCN,early_stopping,"{""patience"": 15}",7777,0.2998,0.04,0.0,0.54,0.5362,0.8467,0.0019,0.0042,0.0017,0.0029,0.0002,0.6814,0.6703,0.0319,0.1277,0.3576,0.6714,0.627,0.0108,0.1081,0.3784,0.6691,0.6378,0.0216,0.0811,0.3568,,,,,,,0.1342,,,,,0.0,none,2ec9d7e738e260ba6fd537f564e42dd15461b55e761b0f295b8fcf9b53dce5b1,5dbf5d79593df4b40395c7cd4ab3d5cd60ad5dc2f93c5329ec168acb259452b2,1.6214,0.0,1.6214,0.5586,0.0,0.5586
synthetic_low_dense,GCN,early_stopping,"{""patience"": 15}",9999,0.2998,0.04,0.0,0.66,0.6621,0.9173,0.0021,0.0043,0.0017,0.003,0.0004,0.5103,0.4593,0.0,0.0488,0.0916,0.5674,0.5581,0.0116,0.0233,0.1453,0.5669,0.561,0.0174,0.0233,0.1453,,,,,,,0.0898,,,,,0.0,none,d0a4efc8aa211a005801894cdfb985f71c8ef45db44db7e41d67aa0d0eb25e13,dc5f7713be9d425ce8246996ca96094c419c17879fd5cc81f76c4ec689efde38,1.7141,0.0,1.7141,0.6349,0.0,0.6349
synthetic_low_dense,GCN,confidence_masking,"{""top_k"": 2}",42,0.2998,0.04,0.0,0.635,0.6348,0.851,0.0021,0.0056,0.0023,0.0083,-0.0002,0.7012,0.6575,0.0349,0.1395,0.3796,0.6461,0.6022,0.011,0.0552,0.3039,0.6453,0.6133,0.011,0.0552,0.3039,,,,,,,0.1363,,,,,0.0,none,81ec16284df165fad205574852b8d2f27055f6d1286f3e26f65156ed2b53219b,68b8499b83baf34674be7e09c430a7cfa5a4044e106729bf9bb48603e1b2f231,1.6525,0.0,1.6525,0.5768,0.0,0.5768
synthetic_low_dense,GCN,confidence_masking,"{""top_k"": 2}",123,0.2998,0.04,0.0,0.545,0.547,0.7805,0.0075,0.0691,0.0011,0.0016,0.0064,0.7431,0.6771,0.0,0.0638,0.4097,0.7325,0.6719,0.026,0.0938,0.3802,0.7344,0.6719,0.026,0.0938,0.3802,,,,,,,0.223,,,,,0.0,none,b8770566c157df5bddaa17fea6f52cf4ece3d1bc558661a2225c245075375d50,8c9a646de5ba41b5be16801fa1aa047eacd5aee596e7a0cfc39faeea1307ad09,1.5897,0.0,1.5897,0.4558,0.0,0.4558
synthetic_low_dense,GCN,confidence_masking,"{""top_k"": 2}",456,0.2998,0.04,0.0,0.65,0.6419,0.85,0.0028,0.0058,0.0019,0.0036,0.0008,0.6448,0.629,0.011,0.033,0.2946,0.6498,0.6075,0.0054,0.0484,0.2742,0.6481,0.6183,0.0054,0.0484,0.2742,,,,,,,0.13,,,,,0.0,none,dcbd37889948704cf9e1ef4d213a77c776ea154bcff8527aebeaaf32ae5a105f,2ca84da63d4702629fe6a79535fd981d403af99d9c0be834db3eee7f99b8f3f7,1.6527,0.0,1.6527,0.5276,0.0,0.5276
synthetic_low_dense,GCN,confidence_masking,"{""top_k"": 2}",789,0.2998,0.04,0.0,0.59,0.5894,0.8254,0.0028,0.0073,0.0023,0.0048,0.0005,0.6944,0.6474,0.0211,0.1368,0.3474,0.6819,0.6263,0.0158,0.1263,0.2895,0.6813,0.6368,0.0158,0.1263,0.2895,,,,,,,0.1431,,,,,0.0,none,55ed63221845a0078e407285d99813de0968331dc6c716c8857f0e00ca54e645,96a629e227724bf9da5d086bbd9862260a5aa59c5857ca810e5b95f230a5450c,1.6798,0.0,1.6798,0.6117,0.0,0.6117
synthetic_low_dense,GCN,confidence_masking,"{""top_k"": 2}",1024,0.2998,0.04,0.0,0.625,0.6232,0.8441,0.0023,0.0042,0.0021,0.0039,0.0002,0.6342,0.5829,0.0106,0.0745,0.2814,0.5735,0.5561,0.0107,0.0267,0.1925,0.571,0.5775,0.0107,0.0267,0.1818,,,,,,,0.1618,,,,,0.0,none,2effcda8646560c66a7529d227ff592720257b339dfec5ec30d4f208d11859bc,faf2fcb18b77ed11b26b71c33e6b4574a6f6a44655a55fcae4b6aa535cf357e1,1.6329,0.0,1.6329,0.5962,0.0,0.5962
synthetic_low_dense,GCN,confidence_masking,"{""top_k"": 2}",2024,0.2998,0.04,0.0,0.63,0.6259,0.8469,0.0026,0.0075,0.0016,0.0028,0.001,0.6848,0.6348,0.0,0.1023,0.3371,0.6541,0.618,0.0056,0.1067,0.264,0.6603,0.6011,0.0225,0.1011,0.264,,,,,,,0.1289,,,,,0.0,none,27d034b10f0087d5de0b0673ad8a51e3d4d2d9b729c782c6ad7ec171d102e70b,302b2d5e76fbdd3e4245d07f781ddfcd4b5d380d679e8f4474469e70ad14eb2e,1.6235,0.0,1.6235,0.5818,0.0,0.5818
synthetic_low_dense,GCN,confidence_masking,"{""top_k"": 2}",3141,0.2998,0.04,0.0,0.645,0.6463,0.8289,0.0025,0.0045,0.0019,0.0049,0.0006,0.6909,0.6489,0.0575,0.1149,0.3584,0.6324,0.5957,0.0,0.0213,0.3085,0.6309,0.6064,0.0,0.0213,0.3085,,,,,,,0.1402,,,,,0.0,none,0f3b442649b4e64f00b3bfb193d00c2a69fe5c710b1c6eb4ce8f3062eb6584c2,52818cca7e9a6823a300b2e1c1217afe6b52c39057e7eaa90810c94377bfe6ee,1.6949,0.0,1.6949,0.4718,0.0,0.4718
synthetic_low_dense,GCN,confidence_masking,"{""top_k"": 2}",5000,0.2998,0.04,0.0,0.655,0.6563,0.8584,0.0029,0.0108,0.0022,0.0039,0.0007,0.6522,0.5936,0.1205,0.1446,0.2638,0.6495,0.6043,0.0428,0.107,0.2781,0.6483,0.6364,0.0428,0.107,0.2781,,,,,,,0.1317,,,,,0.0,none,31036082694d8906241b35a0fe37b6f5cd0854b0b7b2461dd58e01341b2f377d,4c35f37cec6213bab12f6dc7db207a285ee4ea6908cafb39406204d430e95a06,1.6374,0.0,1.6374,0.5137,0.0,0.5137
synthetic_low_dense,GCN,confidence_masking,"{""top_k"": 2}",7777,0.2998,0.04,0.0,0.54,0.5362,0.7912,0.0019,0.0042,0.0017,0.0029,0.0002,0.6925,0.6703,0.0,0.0745,0.3435,0.6708,0.6162,0.0162,0.1027,0.3514,0.6709,0.6135,0.0162,0.1027,0.3514,,,,,,,0.224,,,,,0.0,none,2ec9d7e738e260ba6fd537f564e42dd15461b55e761b0f295b8fcf9b53dce5b1,5dbf5d79593df4b40395c7cd4ab3d5cd60ad5dc2f93c5329ec168acb259452b2,1.6214,0.0,1.6214,0.5586,0.0,0.5586
synthetic_low_dense,GCN,confidence_masking,"{""top_k"": 2}",9999,0.2998,0.04,0.0,0.66,0.6621,0.8696,0.0021,0.0043,0.0017,0.003,0.0004,0.5009,0.4767,0.0,0.0488,0.0946,0.5741,0.5523,0.0116,0.0349,0.1395,0.58,0.5523,0.0,0.0407,0.1395,,,,,,,0.0824,,,,,0.0,none,d0a4efc8aa211a005801894cdfb985f71c8ef45db44db7e41d67aa0d0eb25e13,dc5f7713be9d425ce8246996ca96094c419c17879fd5cc81f76c4ec689efde38,1.7141,0.0,1.7141,0.6349,0.0,0.6349
synthetic_low_dense,GCN,edge_sparsification,"{""rate"": 0.2}",42,0.2998,0.04,0.0,0.655,0.6573,0.8829,0.0019,0.0052,0.0022,0.0081,-0.0003,0.6689,0.6077,0.0116,0.0116,0.3459,0.644,0.5801,0.0,0.0442,0.2431,0.6227,0.5967,0.0,0.0387,0.2265,,,,,,,0.1003,,,,,0.0,none,f66f011e3522febe89e621e80aeb65fbbbbe7c484b9f05d98eb10a9bdb3f6f17,5f551fe48f9875d55579d4c09a32944856f8971bb40176cf388c9ed141a4c288,1.6615,0.0,1.6615,0.5633,0.0,0.5633
synthetic_low_dense,GCN,edge_sparsification,"{""rate"": 0.2}",123,0.2998,0.04,0.0,0.555,0.5566,0.8132,0.0054,0.0431,0.0011,0.0017,0.0043,0.7666,0.7083,0.0319,0.0426,0.4611,0.7554,0.6979,0.0677,0.1354,0.4427,0.7515,0.7057,0.0365,0.1198,0.4427,,,,,,,0.1747,,,,,0.0,none,efec987f16ff3eea163ba46249f2fd9a3c3800a346ad179096ac1b0b6047426e,c00bf721a9c08d63b4d4becf2fc5cc66e9e23bddba10c420bf4c851a835f387c,1.5719,0.0,1.5719,0.4347,0.0,0.4347
synthetic_low_dense,GCN,edge_sparsification,"{""rate"": 0.2}",456,0.2998,0.04,0.0,0.575,0.5687,0.8703,0.0026,0.0054,0.0018,0.004,0.0008,0.7054,0.6613,0.0,0.044,0.3835,0.6878,0.6398,0.0215,0.0538,0.3226,0.6518,0.6263,0.0161,0.0538,0.3065,,,,,,,0.1074,,,,,0.0,none,3aea2fe9923e4d53c9832d35e203377cc69073a67c3bbdaf84e302151944d0ba,8fe5b6340dab7b7eeae9bdd1c9112f30f02451946bcfa727efccb1c9fcbe9e7f,1.6661,0.0,1.6661,0.488,0.0,0.488
synthetic_low_dense,GCN,edge_sparsification,"{""rate"": 0.2}",789,0.2998,0.04,0.0,0.57,0.5697,0.8451,0.0023,0.0044,0.002,0.0042,0.0003,0.7024,0.6684,0.0526,0.0737,0.3474,0.7006,0.6632,0.0316,0.0789,0.3316,0.6961,0.6579,0.0316,0.0895,0.3263,,,,,,,0.087,,,,,0.0,none,40cc70e867f76f7a40fd1f967f18a0aa0b29fa714f9119fd5be9137e753d214e,4bd9aa07a685bac2185361ab5b532fb5c6e109a94132a2730cdb1f535afcf10c,1.6876,0.0,1.6876,0.5715,0.0,0.5715
synthetic_low_dense,GCN,edge_sparsification,"{""rate"": 0.2}",1024,0.2998,0.04,0.0,0.62,0.6165,0.8833,0.0021,0.0033,0.0019,0.0034,0.0002,0.6295,0.5775,0.0106,0.0851,0.2706,0.5854,0.5348,0.016,0.0321,0.2567,0.5924,0.5963,0.016,0.0535,0.2513,,,,,,,0.1171,,,,,0.0,none,c9f7c515a01c92099d34819468d4800d7d1a75660f0f03a0a79501f1e1e68209,b63e791cb0189b2f27ea1839a2b7b887b75accb947d952122c37a7efeb7bba7a,1.6397,0.0,1.6397,0.5799,0.0,0.5799
synthetic_low_dense,GCN,edge_sparsification,"{""rate"": 0.2}",2024,0.2998,0.04,0.0,0.62,0.6187,0.8557,0.0027,0.011,0.0015,0.0026,0.0012,0.7217,0.7022,0.0,0.0795,0.4081,0.6998,0.6348,0.0,0.0674,0.3539,0.69,0.632,0.0112,0.0562,0.3371,,,,,,,0.0854,,,,,0.0,none,995cb7a16258716fd3666abd71b2b3b4d1e71620014f6ec92bff586ca28041cd,85bd162e7780624254db6386828d2c1435624a22b41bd54cc3970500188a768a,1.649,0.0,1.649,0.571,0.0,0.571
synthetic_low_dense,GCN,edge_sparsification,"{""rate"": 0.2}",3141,0.2998,0.04,0.0,0.605,0.6086,0.8682,0.0021,0.0048,0.0017,0.0046,0.0004,0.6917,0.6596,0.046,0.1379,0.3456,0.6583,0.6011,0.016,0.0532,0.3138,0.6725,0.6303,0.0372,0.1117,0.3191,,,,,,,0.1312,,,,,0.0,none,c956e9edba40dc37f07907b17e5bbdc8d9bc030400031de6dadbce1394f65818,ccf0f7dbe26da8979af2e7a4b00d891b598146d56fab85ca3233fc098b2ec0c1,1.7117,0.0,1.7117,0.4626,0.0,0.4626
synthetic_low_dense,GCN,edge_sparsification,"{""rate"": 0.2}",5000,0.2998,0.04,0.0,0.58,0.5817,0.873,0.0031,0.0113,0.0021,0.0036,0.001,0.658,0.6043,0.0723,0.1446,0.3267,0.6953,0.6417,0.016,0.1658,0.3422,0.6798,0.6658,0.0,0.1337,0.3422,,,,,,,0.1161,,,,,0.0,none,0e8f1cd2c165a6877a08e849326d098b16330a75901434d96bbfb6701476e5ab,7b49ea2d55ea51202024d93b73d4cd65e6c32b70091c645b8a1b2515074c3945,1.6224,0.0,1.6224,0.4461,0.0,0.4461
synthetic_low_dense,GCN,edge_sparsification,"{""rate"": 0.2}",7777,0.2998,0.04,0.0,0.555,0.5554,0.8298,0.0019,0.0042,0.0015,0.003,0.0004,0.651,0.6486,0.0,0.0,0.3222,0.6683,0.6378,0.0486,0.0649,0.3081,0.6808,0.6405,0.0,0.1135,0.3189,,,,,,,0.1388,,,,,0.0,none,5c4d2871408184e614d9185ed2ae41cf3aef2fdc2d53a35f5c60a7d87f798fcc,cafca6eb28693725d0bbb09447f06623b8d1d2d32f40674efa51c97acd2cffdd,1.6285,0.0,1.6285,0.5439,0.0,0.5439
synthetic_low_dense,GCN,edge_sparsification,"{""rate"": 0.2}",9999,0.2998,0.04,0.0,0.62,0.6156,0.891,0.0022,0.0048,0.0015,0.0026,0.0007,0.5862,0.5349,0.0122,0.0366,0.2195,0.615,0.6105,0.0116,0.0174,0.2558,0.6559,0.5959,0.0233,0.1221,0.2733,,,,,,,0.138,,,,,0.0,none,d8f884066088369c463468096e9436c7fd236248743ab07b49ae1705bf658d9e,3dc1786f9dfa3072c0651d199d144551cb7d01530ecccf3cc4df12c5e2efde22,1.7414,0.0,1.7414,0.5119,0.0,0.5119
synthetic_low_dense,GCN,epsd_tuned,"{""lambda_epsd"": 1.0}",42,0.2998,0.04,0.0,0.615,0.6173,0.8853,0.0018,0.0047,0.0019,0.006,-0.0001,0.7005,0.674,0.0,0.093,0.3774,0.6662,0.6243,0.0055,0.0829,0.3094,0.6663,0.6409,0.0055,0.0773,0.3094,,,,,,,0.0787,,,,,1.0,none,ac2639bef9434b9465ec0f8798d3463b24bec6490be6495968751e26704d9cbe,f966333f079981402fa3eda3c2d541f0675b22b4514f8f7c59b383848f6d18b6,1.6525,0.0112,1.6637,0.5408,0.1223,0.6631
synthetic_low_dense,GCN,epsd_tuned,"{""lambda_epsd"": 1.0}",123,0.2998,0.04,0.0,0.525,0.5279,0.8261,0.004,0.0253,0.001,0.0014,0.003,0.7349,0.6771,0.0106,0.0532,0.4216,0.7351,0.6667,0.0417,0.0885,0.3802,0.7355,0.6719,0.0417,0.0938,0.3854,,,,,,,0.1352,,,,,1.0,none,2e787789f4851ed1ef3a8c4c64f32a6bc5c702d2c3184cc9725a1cd7ebef59b7,069b568d70a333dc8f59bda1f9a6447cba035278a85e56625da4aec1d9cdbdf2,1.5897,0.0079,1.5976,0.4829,0.0989,0.5818
synthetic_low_dense,GCN,epsd_tuned,"{""lambda_epsd"": 1.0}",456,0.2998,0.04,0.0,0.645,0.6376,0.8837,0.0024,0.0048,0.0017,0.0036,0.0007,0.6548,0.629,0.0,0.0989,0.2635,0.6628,0.6344,0.0054,0.0753,0.2796,0.6539,0.6075,0.0054,0.0806,0.2688,,,,,,,0.0266,,,,,1.0,none,316c1c3d097f19fbb5d2ce9fa4b9289494ed52ae73d18a1abc99acd433a0dfc5,2d20caec1741d268398633700377220ff1fd35458ade6c9884667792c6462182,1.6527,0.0085,1.6612,0.5022,0.0961,0.5982
synthetic_low_dense,GCN,epsd_tuned,"{""lambda_epsd"": 1.0}",789,0.2998,0.04,0.0,0.555,0.5566,0.8573,0.0023,0.0057,0.0019,0.004,0.0004,0.6911,0.6526,0.0211,0.1158,0.3368,0.686,0.6368,0.0158,0.1368,0.2947,0.6722,0.6289,0.0158,0.1526,0.3,,,,,,,0.0547,,,,,1.0,none,8048cb518eaa03f4542869c7601c8e363be5d2af33d92bd7d1f3927620451e06,507c53b3f32287b43c720843a71f8970429d49936b4782b1063d6381c8330126,1.6798,0.0068,1.6867,0.601,0.0946,0.6956
synthetic_low_dense,GCN,epsd_tuned,"{""lambda_epsd"": 1.0}",1024,0.2998,0.04,0.0,0.64,0.6407,0.8857,0.0019,0.0032,0.0018,0.0032,0.0001,0.5755,0.5187,0.0,0.0745,0.1628,0.5777,0.5401,0.0107,0.0481,0.1925,0.5769,0.5642,0.0107,0.0481,0.1872,,,,,,,0.0564,,,,,1.0,none,edb5246ee28bffa8040f6ca0b3b8c42883b77ffb5062cc01c5f9fcf2574e3e7c,932f95a097c4bfe60dc1b8fff96bc0238fc60f630fcf1eb1b792d5f573d24667,1.6329,0.0078,1.6407,0.6053,0.0883,0.6936
synthetic_low_dense,GCN,epsd_tuned,"{""lambda_epsd"": 1.0}",2024,0.2998,0.04,0.0,0.63,0.6277,0.8825,0.0022,0.0066,0.0013,0.0025,0.0009,0.7135,0.6517,0.0,0.1364,0.3581,0.6719,0.6292,0.0,0.0955,0.2865,0.6718,0.6348,0.0,0.0955,0.2865,,,,,,,0.0492,,,,,1.0,none,4d89055581e24e8d7b47dce669fa77e879f23b4bb21875d5cd6606d3eaf3154c,734f65a259099da90ef2ba69b983094279acfbef082b1bfc8910ffee19cc038c,1.6235,0.0078,1.6313,0.6147,0.0926,0.7073
synthetic_low_dense,GCN,epsd_tuned,"{""lambda_epsd"": 1.0}",3141,0.2998,0.04,0.0,0.635,0.634,0.8797,0.0021,0.0036,0.0015,0.0029,0.0006,0.694,0.6596,0.023,0.1264,0.3571,0.6489,0.5957,0.0,0.0266,0.3085,0.6465,0.6144,0.0053,0.0266,0.3032,,,,,,,0.0672,,,,,1.0,none,6d9151c019b4ad1021c8d2c5ed652c44095cdadfad43bbec676628712dece5ca,c1b2a0a7926c38b9db32b2d624451227a5349c89962dade14c6c0d5f768c67ae,1.6949,0.0073,1.7021,0.4929,0.1315,0.6244
synthetic_low_dense,GCN,epsd_tuned,"{""lambda_epsd"": 1.0}",5000,0.2998,0.04,0.0,0.655,0.6554,0.8965,0.0024,0.0071,0.0018,0.0029,0.0006,0.6537,0.5936,0.1205,0.1446,0.2583,0.6641,0.6096,0.0428,0.107,0.2567,0.656,0.6203,0.0374,0.107,0.262,,,,,,,0.045,,,,,1.0,none,0626f2fb33d75d37b29e8a173b8d6a9d25dcab03687bd7cb6ec14be7fe4e6678,06592feae144d8f8f765a9352c129b4cda22ae5a50edc65a28ec1d1cb7d4c8d7,1.6374,0.0089,1.6464,0.4925,0.0878,0.5802
synthetic_low_dense,GCN,epsd_tuned,"{""lambda_epsd"": 1.0}",7777,0.2998,0.04,0.0,0.535,0.5289,0.8499,0.0017,0.0032,0.0016,0.0029,0.0001,0.6873,0.6541,0.0,0.0213,0.4097,0.6819,0.6162,0.0108,0.0973,0.3946,0.6821,0.6324,0.0054,0.1243,0.4054,,,,,,,0.0934,,,,,1.0,none,3c70eebfa1712a3fe25b5728f28fdd256cca5bdb7472ef883d26866a33cc8891,10f1974ed452b225715899aca98474b2fac4c30760a924129c73f2c1c188edfc,1.6214,0.0074,1.6288,0.5966,0.0978,0.6945
synthetic_low_dense,GCN,epsd_tuned,"{""lambda_epsd"": 1.0}",9999,0.2998,0.04,0.0,0.65,0.6541,0.9188,0.0019,0.0038,0.0015,0.0027,0.0004,0.513,0.4709,0.0,0.0366,0.1146,0.5797,0.5523,0.0116,0.0349,0.1802,0.578,0.561,0.0116,0.0349,0.1744,,,,,,,0.0612,,,,,1.0,none,a6d8027bed9a3f8d3402a2feff335b6b70c609b302e9b9bf11cfd7da141f41b8,5844787fe8c1aa4aa3c99e52b4909d870cd3e2442f54791b7427f660929e4428,1.7141,0.0098,1.7239,0.6387,0.1079,0.7466
synthetic_low_dense,GraphSAGE,none,{},42,0.2998,0.04,0.0,0.785,0.7862,0.9568,0.9435,0.9081,1.3538,1.1215,-0.4103,0.8158,0.7182,0.0,0.0581,0.5701,0.7905,0.7127,0.0,0.1657,0.4862,0.7898,0.732,0.0276,0.1602,0.4862,,,,,,,0.1316,,,,,0.0,none,a8feec84e62e1c3b08deb1d5a27670ad9e831a36176ff73d6045e7913714082e,76ddcdcd4910fd683e491148384c7b508e1db74e0c33af657b000b97cb502dd4,1.6998,0.0,1.6998,0.0181,0.0,0.0181
synthetic_low_dense,GraphSAGE,none,{},123,0.2998,0.04,0.0,0.77,0.7726,0.9521,1.2846,1.3028,1.643,1.3788,-0.3584,0.7305,0.7292,0.0106,0.0319,0.571,0.784,0.7083,0.0,0.1042,0.6042,0.7835,0.7839,0.0104,0.1042,0.6042,,,,,,,0.1452,,,,,0.0,none,4afe9ebd4b715d2a5a87a5e80724ba4c80428c13b3e93143cfb13975eec58ddb,c0e4d1a3e89e14553a29eac2b8f69dcea544c4813df60965b6534237ef8e0405,1.728,0.0,1.728,0.02,0.0,0.02
synthetic_low_dense,GraphSAGE,none,{},456,0.2998,0.04,0.0,0.8,0.7923,0.9618,1.135,1.0211,1.3196,1.1417,-0.1846,0.7077,0.7312,0.011,0.0769,0.5034,0.7405,0.6559,0.0,0.0914,0.4946,0.7399,0.7366,0.043,0.1075,0.4892,,,,,,,0.1416,,,,,0.0,none,962f096b31aa3c956fe0ae6aa081310bd0ce330f3d862ea307a3444ea51bb5bd,d9d0d75a245fde65b33277db7bb39f1f0399b767209f44ef924cabc7e50e29e1,1.7927,0.0,1.7927,0.0209,0.0,0.0209
synthetic_low_dense,GraphSAGE,none,{},789,0.2998,0.04,0.0,0.775,0.7744,0.9572,1.2801,1.1411,1.5853,1.3548,-0.3052,0.7715,0.7263,0.0,0.0526,0.5263,0.7686,0.7,0.0,0.0474,0.5263,0.7677,0.7579,0.0,0.0474,0.5316,,,,,,,0.1462,,,,,0.0,none,2a79edcc012ee7f653477a70a821cdb0f2774fe15e3e21598cd247d0e7c66602,230e0403e2fda240cdf6f7d09f5445ec851f89e1068ed872acaad2d92e16c13d,1.7642,0.0,1.7642,0.0409,0.0,0.0409
synthetic_low_dense,GraphSAGE,none,{},1024,0.2998,0.04,0.0,0.775,0.7758,0.9632,1.3243,1.2917,1.5234,1.2733,-0.1991,0.7686,0.6898,0.0,0.2021,0.4952,0.7489,0.6684,0.0,0.1711,0.4652,0.7484,0.7005,0.0321,0.1765,0.4599,,,,,,,0.1464,,,,,0.0,none,67d81c1710c768ef2ef644273a8ec6ea2aa67b3ed51c76db59a07bbf9d8369f0,82f84f5a68e20a4e2f9aec3eff49644c2311a68d0fe207c2617d5f45d63f5916,1.7814,0.0,1.7814,0.0217,0.0,0.0217
synthetic_low_dense,GraphSAGE,none,{},2024,0.2998,0.04,0.0,0.745,0.7449,0.9339,1.2182,1.2382,1.5557,1.2294,-0.3374,0.8509,0.7303,0.0455,0.1136,0.6879,0.8283,0.764,0.0393,0.118,0.6348,0.8274,0.7528,0.0393,0.118,0.6292,,,,,,,0.1784,,,,,0.0,none,5fd5cbd619d9aca088b30bd0100a2040da377e79b7f333938c9fb59d27989ba2,014e884be7281d548d78e14df8ee63031f27297badcd7a4720f0b8ef2cc828da,1.7431,0.0,1.7431,0.0227,0.0,0.0227
synthetic_low_dense,GraphSAGE,none,{},3141,0.2998,0.04,0.0,0.81,0.809,0.9688,1.0814,0.9025,1.4315,1.1941,-0.3501,0.7659,0.6649,0.046,0.1264,0.504,0.7594,0.7074,0.0,0.1011,0.4894,0.7594,0.7154,0.0372,0.1011,0.484,,,,,,,0.1094,,,,,0.0,none,cb95d80cca180a73c26afa36eee00c70543cf7062cd7465631d18322d8fba766,322b53191d10895282a599280d446d9ccead57559f6ec33e4fcb381df7e2ce85,1.7252,0.0,1.7252,0.0209,0.0,0.0209
synthetic_low_dense,GraphSAGE,none,{},5000,0.2998,0.04,0.0,0.88,0.8804,0.9832,0.9198,1.0802,1.3927,1.2928,-0.473,0.7757,0.6043,0.0723,0.1325,0.4443,0.7468,0.6684,0.0,0.107,0.4278,0.7464,0.6898,0.0535,0.1176,0.4332,,,,,,,0.0715,,,,,0.0,none,29b05af12bf39a9ad5a541d2b2e15a5387caee3cb54e275c707c34a7220c5680,24e1c70e1c0820e83c60883dffa43312195b6d78db92bfb11cb1aa9bf75f529a,1.6926,0.0,1.6926,0.0214,0.0,0.0214
synthetic_low_dense,GraphSAGE,none,{},7777,0.2998,0.04,0.0,0.73,0.7242,0.9494,1.1033,0.9652,1.5476,1.2376,-0.4443,0.7788,0.7514,0.0,0.1596,0.5725,0.7822,0.7027,0.027,0.1514,0.573,0.7815,0.7811,0.0541,0.1568,0.5676,,,,,,,0.1505,,,,,0.0,none,3c63e71456d30802642e725dc35b70eb9785033d52963f645fa4e251fbd50560,4e47e03625d444504c8f5c0c6f9da46344a51c52632dfa9ed82340ae6a9c2189,1.858,0.0,1.858,0.0447,0.0,0.0447
synthetic_low_dense,GraphSAGE,none,{},9999,0.2998,0.04,0.0,0.795,0.7901,0.9678,1.2,1.3049,1.5864,1.4124,-0.3864,0.75,0.6512,0.0122,0.1098,0.4423,0.745,0.6512,0.0,0.0988,0.4826,0.7436,0.7064,0.0116,0.0988,0.4884,,,,,,,0.1353,,,,,0.0,none,e541488f6f2a9c46432a3abf94ce845aff24d833ae579c780482467da96bcb8b,568c714f270118a32d80a849c1ddc3d08a9a25801fa4a4fc841b7799896b350e,1.6504,0.0,1.6504,0.0231,0.0,0.0231
synthetic_low_dense,GraphSAGE,dropedge,"{""rate"": 0.3}",42,0.2998,0.04,0.0,0.835,0.8359,0.9598,0.9888,0.8068,1.3312,0.9412,-0.3424,0.799,0.7348,0.0465,0.1047,0.5767,0.786,0.7182,0.0331,0.1215,0.5193,0.7857,0.7486,0.0331,0.1215,0.5083,,,,,,,0.1134,,,,,0.0,none,56f3e15a730ce264471bb6774f3d24b154eef7b6746ba93aa1aa9f5ea71be534,2a5d016f2fddc020993f99be5830cc9016a605c5c5a2d97123bea290fc3ab14e,1.679,0.0,1.679,0.0491,0.0,0.0491
synthetic_low_dense,GraphSAGE,dropedge,"{""rate"": 0.3}",123,0.2998,0.04,0.0,0.775,0.7765,0.9545,1.293,1.0574,1.5341,1.0822,-0.241,0.7155,0.7031,0.0,0.0426,0.4694,0.7559,0.6771,0.0,0.0729,0.4844,0.7548,0.737,0.0104,0.0729,0.4896,,,,,,,0.134,,,,,0.0,none,8dd98d9dcce8d5e0b951840d62d29265f8073968f3be75f789d4f16eea056b4e,bdf1e8c8d383137537ef8eac1b4c8475bdd822ac14355080131d842f8015b213,1.7764,0.0,1.7764,0.0494,0.0,0.0494
synthetic_low_dense,GraphSAGE,dropedge,"{""rate"": 0.3}",456,0.2998,0.04,0.0,0.795,0.7911,0.9583,1.2054,0.9001,1.3875,0.996,-0.1821,0.7121,0.6989,0.011,0.022,0.4737,0.7486,0.6613,0.0,0.086,0.4839,0.748,0.7285,0.043,0.0968,0.4839,,,,,,,0.1351,,,,,0.0,none,588ba569367bfea5d63410397a3318867f83d4f9646dc4fde353c25498e88453,e088c1892a45c54b47c4ed8716afea712a601820606b351d41ffed74725c4067,1.7663,0.0,1.7663,0.0293,0.0,0.0293
synthetic_low_dense,GraphSAGE,dropedge,"{""rate"": 0.3}",789,0.2998,0.04,0.0,0.77,0.7702,0.9507,1.1936,0.8268,1.3979,0.949,-0.2043,0.7625,0.7211,0.0,0.0421,0.5263,0.7617,0.6842,0.0,0.0263,0.5316,0.7612,0.7658,0.0,0.0263,0.5316,,,,,,,0.1464,,,,,0.0,none,6651d7678d619325d436c1af850c7aed81c5b046d13b29d6225de92b5a2ecd88,b7df134f4953ebfd67db3c644bf257fc5df95a43ed1deb4810fb2d0c43d6a9bf,1.7831,0.0,1.7831,0.0507,0.0,0.0507
synthetic_low_dense,GraphSAGE,dropedge,"{""rate"": 0.3}",1024,0.2998,0.04,0.0,0.81,0.8094,0.9632,1.3678,1.155,1.6121,1.2015,-0.2443,0.7585,0.7112,0.0,0.1809,0.4627,0.7519,0.6845,0.0,0.1016,0.4332,0.7516,0.6845,0.016,0.107,0.4332,,,,,,,0.1219,,,,,0.0,none,2b8404142696d938926ed952f2711daaf2afe2f91f3ee196e979a786d161f6e5,452c74f95ff8d954759b70fc79cb159c8569b36900ec3a95d91b3e7ad4479123,1.7713,0.0,1.7713,0.0196,0.0,0.0196
synthetic_low_dense,GraphSAGE,dropedge,"{""rate"": 0.3}",2024,0.2998,0.04,0.0,0.735,0.7351,0.9287,1.1679,0.9339,1.3845,0.9544,-0.2166,0.8574,0.7247,0.1364,0.3068,0.6217,0.8118,0.7191,0.0281,0.1629,0.573,0.811,0.7753,0.0337,0.1685,0.573,,,,,,,0.1632,,,,,0.0,none,02114e22a19c59eb2b2943eca2cd3edf92989fbed77599dcb4c4c64c5acc2788,7e9cebb66e13ba66b67a945e2db78a5077e7fa411732891c00351840c1f1e4fe,1.7387,0.0,1.7387,0.0279,0.0,0.0279
synthetic_low_dense,GraphSAGE,dropedge,"{""rate"": 0.3}",3141,0.2998,0.04,0.0,0.81,0.8055,0.9657,1.1164,0.7665,1.338,0.9527,-0.2216,0.752,0.6649,0.092,0.1379,0.5002,0.7597,0.7021,0.0,0.1277,0.5,0.7588,0.7234,0.0053,0.1277,0.5,,,,,,,0.0988,,,,,0.0,none,cf7d27327f2562350435419d80efd5ba11ec926f8ee63e14f2ac62603c0d6979,b5489efec5409c3990eef38c97600e7c77c648022dc7bae7adaec52d2b705e13,1.7523,0.0,1.7523,0.0436,0.0,0.0436
synthetic_low_dense,GraphSAGE,dropedge,"{""rate"": 0.3}",5000,0.2998,0.04,0.0,0.86,0.8599,0.9821,1.0198,0.9638,1.4104,1.1292,-0.3906,0.7784,0.6096,0.1084,0.1807,0.4877,0.7602,0.6898,0.0,0.1497,0.4599,0.7602,0.6898,0.0321,0.1604,0.4599,,,,,,,0.0748,,,,,0.0,none,cbd8475bb0f8a143da19b00e8aa6f3865f5c8300fbb3981b60cdc05da1bbcb3c,5b682e3f51f954553b8130ee8d443a4293fd3c2e21a63b5d36bff39fb7b98272,1.7585,0.0,1.7585,0.0407,0.0,0.0407
synthetic_low_dense,GraphSAGE,dropedge,"{""rate"": 0.3}",7777,0.2998,0.04,0.0,0.73,0.7299,0.9509,1.1612,0.834,1.4391,0.9138,-0.2779,0.7843,0.7568,0.0106,0.1277,0.5941,0.7982,0.7297,0.027,0.1459,0.5892,0.7972,0.7946,0.027,0.1459,0.5892,,,,,,,0.1538,,,,,0.0,none,11bb99e1b2d1f21ef71f1ebfaaa245b8921d0c9b255197ce7245920a88673689,17c2185303da85a3b425cab9bd4e145575df2abb56c8e93063ce6ced0a1c3996,1.7791,0.0,1.7791,0.0359,0.0,0.0359
synthetic_low_dense,GraphSAGE,dropedge,"{""rate"": 0.3}",9999,0.2998,0.04,0.0,0.82,0.815,0.9655,1.137,0.9062,1.3827,0.9545,-0.2457,0.7675,0.6744,0.0122,0.0854,0.4967,0.7579,0.6744,0.0,0.093,0.4884,0.7569,0.7238,0.0058,0.0988,0.4884,,,,,,,0.1251,,,,,0.0,none,06a61d9dd666066c23828b3a29fcaa03e62b90ad3846b7959a4bc3e731eb9e54,3e5fc2a3c944ca324a69a41a0a21d294da0f03c0267fdd838ec7a218eda846e6,1.6752,0.0,1.6752,0.0341,0.0,0.0341
synthetic_low_dense,GraphSAGE,label_smoothing,"{""alpha"": 0.1}",42,0.2998,0.04,0.0,0.775,0.7757,0.9525,0.8547,0.3418,0.6271,0.384,0.2276,0.8401,0.8122,0.0116,0.0349,0.6704,0.8495,0.7956,0.0055,0.0497,0.7017,0.8427,0.8232,0.0055,0.0497,0.6796,,,,,,,0.0845,,,,,0.0,none,2154e348fc7014613e33b640982e2c343c226ffb3f1926b1c47a1f9dd78b1b24,731179c1fbccbad839ed0d3fdb205f9434bb801e864650c75fa5632b413ba4dd,1.7018,0.0,1.7018,0.4772,0.0,0.4772
synthetic_low_dense,GraphSAGE,label_smoothing,"{""alpha"": 0.1}",123,0.2998,0.04,0.0,0.745,0.7472,0.9417,0.8811,0.4461,0.6517,0.4354,0.2293,0.7903,0.7969,0.0,0.0,0.6327,0.8271,0.75,0.0,0.0625,0.6771,0.8218,0.8281,0.0,0.0573,0.6615,,,,,,,0.0496,,,,,0.0,none,219b2d1dcf7d44b2f93b17881b463fe15606775eca7023a74470fb6320ea7e92,f73556fe851228bbeefc93ff5dc69cfa5b7b26c8e69c9deb96386873b081acdd,1.7279,0.0,1.7279,0.4952,0.0,0.4952
synthetic_low_dense,GraphSAGE,label_smoothing,"{""alpha"": 0.1}",456,0.2998,0.04,0.0,0.775,0.7665,0.9536,0.9244,0.3156,0.6704,0.4129,0.254,0.778,0.7742,0.0,0.011,0.6091,0.8063,0.7204,0.0,0.086,0.586,0.7951,0.7796,0.0,0.086,0.5753,,,,,,,0.0555,,,,,0.0,none,43c599229e2c418e2c8527770091ba96a2ea57ae811b6aa841d39fdcce2d12d7,ee60f0ae9c33c041151e27f001d433fb9464e188f2627481292abbbd1149cd82,1.7971,0.0,1.7971,0.491,0.0,0.491
synthetic_low_dense,GraphSAGE,label_smoothing,"{""alpha"": 0.1}",789,0.2998,0.04,0.0,0.77,0.7685,0.9497,1.0107,0.4451,0.7493,0.474,0.2614,0.8078,0.8316,0.0,0.0211,0.6947,0.8043,0.7421,0.0,0.0263,0.6737,0.8,0.8289,0.0,0.0263,0.6684,,,,,,,0.0594,,,,,0.0,none,57fc68362f33f6f061022a18fb3c1dea7196ec22dfd8bd6aa42d9f660545848b,f458a05b0143d0b67ec0247d3474fba6d445e9feff540037817084d778e5de68,1.7616,0.0,1.7616,0.5112,0.0,0.5112
synthetic_low_dense,GraphSAGE,label_smoothing,"{""alpha"": 0.1}",1024,0.2998,0.04,0.0,0.79,0.7902,0.9524,0.9719,0.4188,0.7034,0.424,0.2685,0.8401,0.8235,0.0,0.0426,0.656,0.8363,0.7754,0.0,0.1497,0.6417,0.8367,0.7968,0.0,0.1497,0.6417,,,,,,,0.0734,,,,,0.0,none,c92958fb081c6dc8d8a4743d9fc911f27d978c1320c0dcdb732b0ca87c1488ff,a4425d655de75a9b6b74e559e0d75452259a7ac21d172b1a0a4c498feee92056,1.7786,0.0,1.7786,0.482,0.0,0.482
synthetic_low_dense,GraphSAGE,label_smoothing,"{""alpha"": 0.1}",2024,0.2998,0.04,0.0,0.715,0.7141,0.9314,0.9017,0.3508,0.6001,0.3855,0.3016,0.8616,0.8371,0.0,0.0227,0.6889,0.8502,0.8034,0.0,0.0225,0.6685,0.8536,0.8315,0.0,0.0281,0.6742,,,,,,,0.0442,,,,,0.0,none,512be08dddedf10e299631d60322849bfb9754c2aa92ef8c9e3d18876d8c84c6,e9622152a87aa51e31284efca2d00bb400084e802b237c0897b3fdc860e30a3e,1.7414,0.0,1.7414,0.4863,0.0,0.4863
synthetic_low_dense,GraphSAGE,label_smoothing,"{""alpha"": 0.1}",3141,0.2998,0.04,0.0,0.76,0.7573,0.9581,0.9306,0.3712,0.6726,0.4241,0.258,0.8135,0.7872,0.0115,0.023,0.6273,0.8047,0.766,0.0053,0.0372,0.5957,0.8076,0.7872,0.0053,0.0372,0.6011,,,,,,,0.0639,,,,,0.0,none,f2b77a362c0abbb748ac9c3ea6e5daa5d6280efdcdba772fd6eba842dd63c67b,7b99e76e107d75d26bb5a711b963c2db6b455122e1e1c9318e6be1676f3a052e,1.7279,0.0,1.7279,0.5077,0.0,0.5077
synthetic_low_dense,GraphSAGE,label_smoothing,"{""alpha"": 0.1}",5000,0.2998,0.04,0.0,0.855,0.8537,0.9797,0.8528,0.3476,0.6464,0.3939,0.2064,0.8302,0.7754,0.0482,0.1807,0.6032,0.8187,0.754,0.016,0.1016,0.615,0.8137,0.8048,0.016,0.1016,0.6203,,,,,,,0.1411,,,,,0.0,none,ea9db82c8f251660b4eebd5bf0749d50fd0226b4d543e7ebec429905c75b4139,64fb168bb3c9f00e052a55402220e57c2cdbf2339afdfa1b5424a1a99997530a,1.7033,0.0,1.7033,0.4841,0.0,0.4841
synthetic_low_dense,GraphSAGE,label_smoothing,"{""alpha"": 0.1}",7777,0.2998,0.04,0.0,0.725,0.7221,0.9461,0.9449,0.4317,0.6675,0.4693,0.2774,0.8367,0.8432,0.0,0.0638,0.6927,0.8534,0.8,0.0,0.0703,0.6919,0.846,0.8297,0.0,0.0703,0.6865,,,,,,,0.0617,,,,,0.0,none,ff539698f17a11624d5cc31e16193f65725efd74fa4e687d1ba5489f70c2a9e3,1bc2ccbe9ca3e77b1df2322539305e1ddbf2ec8850d15d63b100aff83e1fbf34,1.8533,0.0,1.8533,0.5095,0.0,0.5095
synthetic_low_dense,GraphSAGE,label_smoothing,"{""alpha"": 0.1}",9999,0.2998,0.04,0.0,0.805,0.7989,0.9622,0.8819,0.3735,0.6691,0.4297,0.2129,0.8312,0.8081,0.0,0.0244,0.6434,0.7952,0.7384,0.0,0.0291,0.6105,0.799,0.7994,0.0,0.0291,0.6105,,,,,,,0.0885,,,,,0.0,none,350aa75f0df8c8fd10e8643f8ef727f6ab9400bf44c3f737dadf3ef152e400bd,0d77910e492d8ce4ccd7325468b94fcb730554add9da686157a405453d8d9e05,1.6626,0.0,1.6626,0.4822,0.0,0.4822
synthetic_low_dense,GraphSAGE,early_stopping,"{""patience"": 15}",42,0.2998,0.04,0.0,0.785,0.7862,0.9568,0.9435,0.9081,1.3538,1.1215,-0.4103,0.8158,0.7182,0.0,0.0581,0.5701,0.7905,0.7127,0.0,0.1657,0.4862,0.7898,0.732,0.0276,0.1602,0.4862,,,,,,,0.1316,,,,,0.0,none,a8feec84e62e1c3b08deb1d5a27670ad9e831a36176ff73d6045e7913714082e,76ddcdcd4910fd683e491148384c7b508e1db74e0c33af657b000b97cb502dd4,1.6998,0.0,1.6998,0.0181,0.0,0.0181
synthetic_low_dense,GraphSAGE,early_stopping,"{""patience"": 15}",123,0.2998,0.04,0.0,0.77,0.7726,0.9521,1.2846,1.3028,1.643,1.3788,-0.3584,0.7305,0.7292,0.0106,0.0319,0.571,0.784,0.7083,0.0,0.1042,0.6042,0.7835,0.7839,0.0104,0.1042,0.6042,,,,,,,0.1452,,,,,0.0,none,4afe9ebd4b715d2a5a87a5e80724ba4c80428c13b3e93143cfb13975eec58ddb,c0e4d1a3e89e14553a29eac2b8f69dcea544c4813df60965b6534237ef8e0405,1.728,0.0,1.728,0.02,0.0,0.02
synthetic_low_dense,GraphSAGE,early_stopping,"{""patience"": 15}",456,0.2998,0.04,0.0,0.8,0.7923,0.9618,1.135,1.0211,1.3196,1.1417,-0.1846,0.7077,0.7312,0.011,0.0769,0.5034,0.7405,0.6559,0.0,0.0914,0.4946,0.7399,0.7366,0.043,0.1075,0.4892,,,,,,,0.1416,,,,,0.0,none,962f096b31aa3c956fe0ae6aa081310bd0ce330f3d862ea307a3444ea51bb5bd,d9d0d75a245fde65b33277db7bb39f1f0399b767209f44ef924cabc7e50e29e1,1.7927,0.0,1.7927,0.0209,0.0,0.0209
synthetic_low_dense,GraphSAGE,early_stopping,"{""patience"": 15}",789,0.2998,0.04,0.0,0.775,0.7744,0.9572,1.2801,1.1411,1.5853,1.3548,-0.3052,0.7715,0.7263,0.0,0.0526,0.5263,0.7686,0.7,0.0,0.0474,0.5263,0.7677,0.7579,0.0,0.0474,0.5316,,,,,,,0.1462,,,,,0.0,none,2a79edcc012ee7f653477a70a821cdb0f2774fe15e3e21598cd247d0e7c66602,230e0403e2fda240cdf6f7d09f5445ec851f89e1068ed872acaad2d92e16c13d,1.7642,0.0,1.7642,0.0409,0.0,0.0409
synthetic_low_dense,GraphSAGE,early_stopping,"{""patience"": 15}",1024,0.2998,0.04,0.0,0.775,0.7758,0.9632,1.3243,1.2917,1.5234,1.2733,-0.1991,0.7686,0.6898,0.0,0.2021,0.4952,0.7489,0.6684,0.0,0.1711,0.4652,0.7484,0.7005,0.0321,0.1765,0.4599,,,,,,,0.1464,,,,,0.0,none,67d81c1710c768ef2ef644273a8ec6ea2aa67b3ed51c76db59a07bbf9d8369f0,82f84f5a68e20a4e2f9aec3eff49644c2311a68d0fe207c2617d5f45d63f5916,1.7814,0.0,1.7814,0.0217,0.0,0.0217
synthetic_low_dense,GraphSAGE,early_stopping,"{""patience"": 15}",2024,0.2998,0.04,0.0,0.745,0.7449,0.9339,1.2182,1.2382,1.5557,1.2294,-0.3374,0.8509,0.7303,0.0455,0.1136,0.6879,0.8283,0.764,0.0393,0.118,0.6348,0.8274,0.7528,0.0393,0.118,0.6292,,,,,,,0.1784,,,,,0.0,none,5fd5cbd619d9aca088b30bd0100a2040da377e79b7f333938c9fb59d27989ba2,014e884be7281d548d78e14df8ee63031f27297badcd7a4720f0b8ef2cc828da,1.7431,0.0,1.7431,0.0227,0.0,0.0227
synthetic_low_dense,GraphSAGE,early_stopping,"{""patience"": 15}",3141,0.2998,0.04,0.0,0.81,0.809,0.9688,1.0814,0.9025,1.4315,1.1941,-0.3501,0.7659,0.6649,0.046,0.1264,0.504,0.7594,0.7074,0.0,0.1011,0.4894,0.7594,0.7154,0.0372,0.1011,0.484,,,,,,,0.1094,,,,,0.0,none,cb95d80cca180a73c26afa36eee00c70543cf7062cd7465631d18322d8fba766,322b53191d10895282a599280d446d9ccead57559f6ec33e4fcb381df7e2ce85,1.7252,0.0,1.7252,0.0209,0.0,0.0209
synthetic_low_dense,GraphSAGE,early_stopping,"{""patience"": 15}",5000,0.2998,0.04,0.0,0.88,0.8804,0.9832,0.9198,1.0802,1.3927,1.2928,-0.473,0.7757,0.6043,0.0723,0.1325,0.4443,0.7468,0.6684,0.0,0.107,0.4278,0.7464,0.6898,0.0535,0.1176,0.4332,,,,,,,0.0715,,,,,0.0,none,29b05af12bf39a9ad5a541d2b2e15a5387caee3cb54e275c707c34a7220c5680,24e1c70e1c0820e83c60883dffa43312195b6d78db92bfb11cb1aa9bf75f529a,1.6926,0.0,1.6926,0.0214,0.0,0.0214
synthetic_low_dense,GraphSAGE,early_stopping,"{""patience"": 15}",7777,0.2998,0.04,0.0,0.73,0.7242,0.9494,1.1033,0.9652,1.5476,1.2376,-0.4443,0.7788,0.7514,0.0,0.1596,0.5725,0.7822,0.7027,0.027,0.1514,0.573,0.7815,0.7811,0.0541,0.1568,0.5676,,,,,,,0.1505,,,,,0.0,none,3c63e71456d30802642e725dc35b70eb9785033d52963f645fa4e251fbd50560,4e47e03625d444504c8f5c0c6f9da46344a51c52632dfa9ed82340ae6a9c2189,1.858,0.0,1.858,0.0447,0.0,0.0447
synthetic_low_dense,GraphSAGE,early_stopping,"{""patience"": 15}",9999,0.2998,0.04,0.0,0.795,0.7901,0.9678,1.2,1.3049,1.5864,1.4124,-0.3864,0.75,0.6512,0.0122,0.1098,0.4423,0.745,0.6512,0.0,0.0988,0.4826,0.7436,0.7064,0.0116,0.0988,0.4884,,,,,,,0.1353,,,,,0.0,none,e541488f6f2a9c46432a3abf94ce845aff24d833ae579c780482467da96bcb8b,568c714f270118a32d80a849c1ddc3d08a9a25801fa4a4fc841b7799896b350e,1.6504,0.0,1.6504,0.0231,0.0,0.0231
synthetic_low_dense,GraphSAGE,confidence_masking,"{""top_k"": 2}",42,0.2998,0.04,0.0,0.785,0.7862,0.9282,0.9435,0.9081,1.3538,1.1215,-0.4103,0.8146,0.7017,0.0,0.0581,0.5657,0.7923,0.7182,0.0,0.1713,0.4862,0.7923,0.7348,0.0166,0.1713,0.4862,,,,,,,0.1388,,,,,0.0,none,a8feec84e62e1c3b08deb1d5a27670ad9e831a36176ff73d6045e7913714082e,76ddcdcd4910fd683e491148384c7b508e1db74e0c33af657b000b97cb502dd4,1.6998,0.0,1.6998,0.0181,0.0,0.0181
synthetic_low_dense,GraphSAGE,confidence_masking,"{""top_k"": 2}",123,0.2998,0.04,0.0,0.77,0.7726,0.9345,1.2846,1.3028,1.643,1.3788,-0.3584,0.7304,0.7135,0.0106,0.0319,0.5714,0.7859,0.7135,0.0,0.0885,0.6094,0.786,0.7865,0.0104,0.0885,0.6094,,,,,,,0.1558,,,,,0.0,none,4afe9ebd4b715d2a5a87a5e80724ba4c80428c13b3e93143cfb13975eec58ddb,c0e4d1a3e89e14553a29eac2b8f69dcea544c4813df60965b6534237ef8e0405,1.728,0.0,1.728,0.02,0.0,0.02
synthetic_low_dense,GraphSAGE,confidence_masking,"{""top_k"": 2}",456,0.2998,0.04,0.0,0.8,0.7923,0.9389,1.135,1.0211,1.3196,1.1417,-0.1846,0.7097,0.7204,0.033,0.0769,0.5039,0.7426,0.6559,0.0,0.1022,0.5108,0.7427,0.7339,0.043,0.1022,0.5108,,,,,,,0.1361,,,,,0.0,none,962f096b31aa3c956fe0ae6aa081310bd0ce330f3d862ea307a3444ea51bb5bd,d9d0d75a245fde65b33277db7bb39f1f0399b767209f44ef924cabc7e50e29e1,1.7927,0.0,1.7927,0.0209,0.0,0.0209
synthetic_low_dense,GraphSAGE,confidence_masking,"{""top_k"": 2}",789,0.2998,0.04,0.0,0.775,0.7744,0.929,1.2801,1.1411,1.5853,1.3548,-0.3052,0.7746,0.7053,0.0,0.0632,0.5368,0.7704,0.6947,0.0,0.0526,0.5368,0.7703,0.7474,0.0,0.0526,0.5368,,,,,,,0.1573,,,,,0.0,none,2a79edcc012ee7f653477a70a821cdb0f2774fe15e3e21598cd247d0e7c66602,230e0403e2fda240cdf6f7d09f5445ec851f89e1068ed872acaad2d92e16c13d,1.7642,0.0,1.7642,0.0409,0.0,0.0409
synthetic_low_dense,GraphSAGE,confidence_masking,"{""top_k"": 2}",1024,0.2998,0.04,0.0,0.775,0.7758,0.9376,1.3243,1.2917,1.5234,1.2733,-0.1991,0.7694,0.6898,0.0,0.2021,0.5059,0.7523,0.6631,0.0,0.1444,0.4706,0.7522,0.7005,0.0321,0.1444,0.4706,,,,,,,0.1557,,,,,0.0,none,67d81c1710c768ef2ef644273a8ec6ea2aa67b3ed51c76db59a07bbf9d8369f0,82f84f5a68e20a4e2f9aec3eff49644c2311a68d0fe207c2617d5f45d63f5916,1.7814,0.0,1.7814,0.0217,0.0,0.0217
synthetic_low_dense,GraphSAGE,confidence_masking,"{""top_k"": 2}",2024,0.2998,0.04,0.0,0.745,0.7449,0.9197,1.2182,1.2382,1.5557,1.2294,-0.3374,0.854,0.7022,0.0455,0.1364,0.6992,0.8321,0.7697,0.0393,0.1067,0.6404,0.8321,0.7697,0.0393,0.1067,0.6404,,,,,,,0.1849,,,,,0.0,none,5fd5cbd619d9aca088b30bd0100a2040da377e79b7f333938c9fb59d27989ba2,014e884be7281d548d78e14df8ee63031f27297badcd7a4720f0b8ef2cc828da,1.7431,0.0,1.7431,0.0227,0.0,0.0227
synthetic_low_dense,GraphSAGE,confidence_masking,"{""top_k"": 2}",3141,0.2998,0.04,0.0,0.81,0.809,0.9393,1.0814,0.9025,1.4315,1.1941,-0.3501,0.7686,0.6596,0.046,0.1609,0.4756,0.7587,0.7074,0.0,0.1011,0.4681,0.7591,0.7101,0.0372,0.1011,0.4681,,,,,,,0.1185,,,,,0.0,none,cb95d80cca180a73c26afa36eee00c70543cf7062cd7465631d18322d8fba766,322b53191d10895282a599280d446d9ccead57559f6ec33e4fcb381df7e2ce85,1.7252,0.0,1.7252,0.0209,0.0,0.0209
synthetic_low_dense,GraphSAGE,confidence_masking,"{""top_k"": 2}",5000,0.2998,0.04,0.0,0.88,0.8804,0.9635,0.9198,1.0802,1.3927,1.2928,-0.473,0.7838,0.5989,0.0723,0.1446,0.4757,0.7482,0.6684,0.0,0.1283,0.4278,0.7482,0.6818,0.0535,0.1283,0.4278,,,,,,,0.0837,,,,,0.0,none,29b05af12bf39a9ad5a541d2b2e15a5387caee3cb54e275c707c34a7220c5680,24e1c70e1c0820e83c60883dffa43312195b6d78db92bfb11cb1aa9bf75f529a,1.6926,0.0,1.6926,0.0214,0.0,0.0214
synthetic_low_dense,GraphSAGE,confidence_masking,"{""top_k"": 2}",7777,0.2998,0.04,0.0,0.73,0.7242,0.9374,1.1033,0.9652,1.5476,1.2376,-0.4443,0.7816,0.7351,0.0106,0.1489,0.5835,0.7839,0.7027,0.0432,0.1405,0.5838,0.7838,0.7865,0.0541,0.1405,0.5838,,,,,,,0.1616,,,,,0.0,none,3c63e71456d30802642e725dc35b70eb9785033d52963f645fa4e251fbd50560,4e47e03625d444504c8f5c0c6f9da46344a51c52632dfa9ed82340ae6a9c2189,1.858,0.0,1.858,0.0447,0.0,0.0447
synthetic_low_dense,GraphSAGE,confidence_masking,"{""top_k"": 2}",9999,0.2998,0.04,0.0,0.795,0.7901,0.9488,1.2,1.3049,1.5864,1.4124,-0.3864,0.7554,0.6337,0.0122,0.0976,0.4526,0.7488,0.6686,0.0,0.1047,0.4942,0.7485,0.7093,0.0116,0.1047,0.4942,,,,,,,0.1437,,,,,0.0,none,e541488f6f2a9c46432a3abf94ce845aff24d833ae579c780482467da96bcb8b,568c714f270118a32d80a849c1ddc3d08a9a25801fa4a4fc841b7799896b350e,1.6504,0.0,1.6504,0.0231,0.0,0.0231
