dataset,model,defense,defense_params,n_seeds,test_accuracy,test_f1,shadow_attack_auc,shadow_attack_tpr01,shadow_attack_tpr05,shadow_attack_adv,conf_attack_auc,conf_attack_tpr01,label_only_attack_auc,label_only_attack_tpr01,test_accuracy_p_val,test_accuracy_fdr_q_val,test_f1_p_val,test_f1_fdr_q_val,shadow_attack_auc_p_val,shadow_attack_auc_fdr_q_val,shadow_attack_tpr01_p_val,shadow_attack_tpr01_fdr_q_val,shadow_attack_tpr05_p_val,shadow_attack_tpr05_fdr_q_val,shadow_attack_adv_p_val,shadow_attack_adv_fdr_q_val,conf_attack_auc_p_val,conf_attack_auc_fdr_q_val,conf_attack_tpr01_p_val,conf_attack_tpr01_fdr_q_val,label_only_attack_auc_p_val,label_only_attack_auc_fdr_q_val,label_only_attack_tpr01_p_val,label_only_attack_tpr01_fdr_q_val
Citeseer,GCN,dropedge,"{""rate"": 0.1}",10,"0.7174 (0.7130, 0.7223)","0.6853 (0.6798, 0.6909)","0.6590 (0.6522, 0.6673)","0.0182 (0.0138, 0.0234)","0.0808 (0.0732, 0.0886)","0.2838 (0.2732, 0.2945)","0.6396 (0.6258, 0.6525)","0.0110 (0.0084, 0.0135)","0.5646 (0.5562, 0.5721)","0.0000 (0.0000, 0.0000)",0.6700126601532712,0.7577524132685806,0.13846700439592804,0.2702951798139691,0.23110550279526942,0.31967897743486606,0.9090434882814232,0.9572117485424074,0.7383638663402525,0.8716024587625538,0.013648095355655773,0.024488582523862358,0.011338140937458472,0.025612778808359427,0.06833131494847962,0.3399603377447811,0.20364917130916257,0.33655705153198445,,
Citeseer,GCN,dropedge,"{""rate"": 0.2}",10,"0.7197 (0.7145, 0.7253)","0.6871 (0.6813, 0.6928)","0.6614 (0.6550, 0.6688)","0.0186 (0.0162, 0.0212)","0.0780 (0.0734, 0.0822)","0.2829 (0.2743, 0.2930)","0.6426 (0.6294, 0.6562)","0.0118 (0.0085, 0.0148)","0.5688 (0.5572, 0.5812)","0.0000 (0.0000, 0.0000)",0.49505639120745043,0.6355453670906459,0.6780230840351161,0.7729463158000324,0.07266356309967544,0.11581908027054867,0.7206407269097437,0.8629148171560757,0.6577914101960177,0.8204395006877949,0.011509547821532509,0.02125881185859534,0.0038822221923533046,0.009598565105503446,0.04522784393266994,0.3399603377447811,0.03308545789085086,0.08446206323355422,,
Citeseer,GCN,dropedge,"{""rate"": 0.3}",10,"0.7212 (0.7165, 0.7259)","0.6891 (0.6837, 0.6940)","0.6633 (0.6565, 0.6708)","0.0209 (0.0186, 0.0230)","0.0827 (0.0804, 0.0851)","0.2844 (0.2744, 0.2957)","0.6437 (0.6308, 0.6575)","0.0113 (0.0087, 0.0142)","0.5689 (0.5587, 0.5789)","0.0000 (0.0000, 0.0000)",0.2917504604303173,0.46976769052339235,0.7238989108027702,0.7914584246044215,0.019212740467931314,0.03507698636805775,0.27244812741386576,0.6054981460200438,0.37710892199489926,0.6652370871145975,0.17513881475601703,0.2380674797982223,0.001255378047017296,0.0038377034788451233,0.17231219299486086,0.45358387052452037,0.003278744953427576,0.013546393623371827,,
Citeseer,GCN,dropedge,"{""rate"": 0.5}",10,"0.7255 (0.7197, 0.7310)","0.6923 (0.6870, 0.6973)","0.6641 (0.6571, 0.6717)","0.0209 (0.0176, 0.0246)","0.0774 (0.0711, 0.0835)","0.2777 (0.2685, 0.2884)","0.6448 (0.6323, 0.6572)","0.0127 (0.0099, 0.0152)","0.5704 (0.5606, 0.5799)","0.0000 (0.0000, 0.0000)",0.00803537024982643,0.03418030628657511,0.10591379162643134,0.2321956201040995,0.027367920059812673,0.04855099942814226,0.16319843710414025,0.5006227194013174,0.6116135217275787,0.8035424511399988,0.00249975040099118,0.005376175519939935,0.00037397413339959086,0.0013654404405519945,0.04818108221571585,0.3399603377447811,0.0001145866957636567,0.0012444381002063023,,
Citeseer,GCN,edge_sparsification,"{""rate"": 0.05}",10,"0.7173 (0.7123, 0.7218)","0.6861 (0.6813, 0.6907)","0.6536 (0.6467, 0.6606)","0.0150 (0.0119, 0.0181)","0.0733 (0.0646, 0.0817)","0.2900 (0.2791, 0.3014)","0.6397 (0.6254, 0.6554)","0.0158 (0.0113, 0.0214)","0.5619 (0.5529, 0.5695)","0.0000 (0.0000, 0.0000)",0.6449659979311213,0.7368994387870585,0.3993072149832231,0.5497708032377708,0.42378518497041323,0.49652443313697664,0.32357529916077843,0.6589208148677645,0.34076934465795466,0.6445877965216733,0.643295129638683,0.7087532305492859,0.06984361866551331,0.12750521081959987,0.03170745613725107,0.3399603377447811,0.9558167117173019,0.9650368086148965,,
Citeseer,GCN,edge_sparsification,"{""rate"": 0.1}",10,"0.7158 (0.7103, 0.7207)","0.6853 (0.6801, 0.6904)","0.6570 (0.6499, 0.6648)","0.0140 (0.0113, 0.0165)","0.0756 (0.0699, 0.0807)","0.2962 (0.2864, 0.3066)","0.6440 (0.6315, 0.6582)","0.0106 (0.0078, 0.0140)","0.5661 (0.5567, 0.5742)","0.0000 (0.0000, 0.0000)",0.3567630892437316,0.5152095667443376,0.357420270105515,0.5155619635881195,0.7203007872739414,0.7853279416806167,0.24882351006043563,0.6054981460200438,0.4662277987774947,0.734172782254382,0.02936449304650269,0.048952225221421494,0.0011804676091422244,0.0037823145843944744,0.46259873653558764,0.720365196694721,0.23426747286542834,0.3677999323987225,,
Citeseer,GCN,edge_sparsification,"{""rate"": 0.2}",10,"0.7128 (0.7089, 0.7170)","0.6824 (0.6777, 0.6866)","0.6695 (0.6637, 0.6769)","0.0170 (0.0138, 0.0201)","0.0822 (0.0760, 0.0890)","0.3039 (0.2932, 0.3154)","0.6570 (0.6452, 0.6698)","0.0128 (0.0101, 0.0153)","0.5737 (0.5661, 0.5806)","0.0000 (0.0000, 0.0000)",0.05283126333322821,0.1364280455772924,0.04657689578722172,0.12642300285103036,0.0008785585562123757,0.0022428242817128944,0.7763994836335054,0.8943766214206054,0.46691610923770727,0.734172782254382,0.0024005301379600953,0.005198389402203241,3.425263180586797e-05,0.00017631682601709087,0.09449063863418723,0.35183339779159584,0.0028965828486605984,0.012127026859725705,,
Citeseer,GCN,edge_sparsification,"{""rate"": 0.3}",10,"0.7087 (0.7061, 0.7116)","0.6767 (0.6730, 0.6802)","0.6762 (0.6677, 0.6859)","0.0140 (0.0116, 0.0167)","0.0733 (0.0673, 0.0797)","0.3204 (0.3110, 0.3296)","0.6683 (0.6577, 0.6780)","0.0152 (0.0117, 0.0182)","0.5818 (0.5756, 0.5878)","0.0000 (0.0000, 0.0000)",0.0030004325059186233,0.016767122827192307,0.0009043890620623786,0.006706311267142353,0.0002342055283558259,0.0007003860562259936,0.03864283822078634,0.2468409870021658,0.22390232047214742,0.5207802120611429,2.4100501780365447e-06,1.4013995479693982e-05,9.071409473423612e-07,1.0955471440980825e-05,0.004066178346205199,0.15908922779527843,0.0003783350835870552,0.0028285051487222696,,
Citeseer,GCN,epsd_tuned,"{""lambda_epsd"": 0.01}",10,"0.7181 (0.7139, 0.7231)","0.6866 (0.6824, 0.6920)","0.6560 (0.6477, 0.6645)","0.0164 (0.0139, 0.0188)","0.0728 (0.0682, 0.0770)","0.2880 (0.2777, 0.2992)","0.6334 (0.6187, 0.6488)","0.0164 (0.0112, 0.0230)","0.5620 (0.5505, 0.5735)","0.0000 (0.0000, 0.0000)",0.9549622523908639,0.965121425288639,0.20114047980088626,0.35385825150155914,0.808738167822195,0.8521603513294269,0.3812107659325891,0.6818226842108595,0.0815441420002438,0.28137209437446764,0.4883466380877389,0.5658333740204798,0.45957423244942375,0.5706077739789641,0.055480230778464236,0.3399603377447811,0.8861914906878492,0.9183634589966491,,
Citeseer,GCN,epsd_tuned,"{""lambda_epsd"": 0.03}",10,"0.7191 (0.7142, 0.7251)","0.6874 (0.6827, 0.6927)","0.6544 (0.6455, 0.6635)","0.0152 (0.0125, 0.0185)","0.0703 (0.0649, 0.0759)","0.2874 (0.2761, 0.2981)","0.6327 (0.6198, 0.6469)","0.0130 (0.0102, 0.0153)","0.5598 (0.5478, 0.5712)","0.0000 (0.0000, 0.0000)",0.37307500285226286,0.5263681970935391,0.5007115682077686,0.6305916929794323,0.3079468569324829,0.3924568097052501,0.2404463719895656,0.6054981460200438,0.05434281465409055,0.2337485452244443,0.4492778240956271,0.5224934695038034,0.5626059344895727,0.6691600887489616,0.020745705550895385,0.32467029187151275,0.43314196062408417,0.5742322976957097,,
Citeseer,GCN,epsd_tuned,"{""lambda_epsd"": 0.1}",10,"0.7203 (0.7156, 0.7257)","0.6884 (0.6835, 0.6938)","0.6535 (0.6439, 0.6625)","0.0155 (0.0124, 0.0189)","0.0713 (0.0657, 0.0766)","0.2837 (0.2732, 0.2948)","0.6268 (0.6124, 0.6397)","0.0121 (0.0092, 0.0150)","0.5523 (0.5399, 0.5635)","0.0000 (0.0000, 0.0000)",0.060033433681380206,0.1500835842034505,0.7248092941114176,0.7914584246044215,0.2675185603492532,0.35751340210105403,0.37244207385397865,0.6777579599784611,0.034380247821428254,0.17411931961174956,0.028306110787740372,0.04753004699117902,0.39762617726992155,0.5180689612562464,0.1260169079727775,0.39443292195479357,0.003604281054755385,0.014509541681963988,,
Citeseer,GCN,epsd_tuned,"{""lambda_epsd"": 0.3}",10,"0.7202 (0.7155, 0.7254)","0.6880 (0.6822, 0.6939)","0.6541 (0.6417, 0.6650)","0.0165 (0.0132, 0.0197)","0.0767 (0.0703, 0.0830)","0.2808 (0.2704, 0.2915)","0.6213 (0.6086, 0.6342)","0.0104 (0.0083, 0.0127)","0.5441 (0.5350, 0.5529)","0.0000 (0.0000, 0.0000)",0.16119411118741092,0.3076454624105616,0.9495549516968017,0.9662334584749156,0.6459343021707071,0.716690356472092,0.5269401364075781,0.7975727784653361,0.47355372146561364,0.7361542511725396,0.006698033329149427,0.013547772631549524,0.028893154688250974,0.05923206133963425,0.5329784607870591,0.767596849063765,3.3828009357717145e-06,7.587139241659417e-05,,
Citeseer,GCN,epsd_tuned,"{""lambda_epsd"": 1.0}",10,"0.7223 (0.7167, 0.7284)","0.6902 (0.6830, 0.6975)","0.6545 (0.6408, 0.6658)","0.0172 (0.0137, 0.0214)","0.0796 (0.0746, 0.0848)","0.2778 (0.2695, 0.2868)","0.6203 (0.6053, 0.6322)","0.0106 (0.0077, 0.0140)","0.5301 (0.5196, 0.5388)","0.0000 (0.0000, 0.0000)",0.016497698301779107,0.057339561170817635,0.22812544350167943,0.38244559645869786,0.7942399546453994,0.8425383302657278,0.7635716618208043,0.8917833214548945,0.9292262108129213,0.9661491066068122,0.0023115293738729214,0.005075665897874807,0.1285094434714122,0.2090775401555618,0.574394059059177,0.7990459577134329,1.3861360447361616e-07,6.217810257816496e-06,,
Citeseer,GCN,epsd_tuned,"{""lambda_epsd"": 10.0}",10,"0.7187 (0.7128, 0.7254)","0.6827 (0.6763, 0.6895)","0.6786 (0.6694, 0.6894)","0.0217 (0.0163, 0.0280)","0.0789 (0.0680, 0.0864)","0.3204 (0.3103, 0.3310)","0.6647 (0.6532, 0.6790)","0.0142 (0.0108, 0.0176)","0.5733 (0.5657, 0.5830)","0.0000 (0.0000, 0.0000)",0.7891987238539776,0.8487608916920136,0.10178114289297137,0.23191793074314723,1.8274390359273075e-05,8.564415780316037e-05,0.25386733258889405,0.6054981460200438,0.9226307096972735,0.9656868094831462,3.383142138691162e-08,3.9344690057371294e-07,9.529070568988689e-07,1.1081956143194253e-05,0.029394580001935306,0.3399603377447811,0.00961972989326881,0.03114015656171553,,
Citeseer,GCN,epsd_tuned,"{""lambda_epsd"": 3.0}",10,"0.7233 (0.7179, 0.7289)","0.6904 (0.6856, 0.6961)","0.6573 (0.6476, 0.6659)","0.0165 (0.0135, 0.0202)","0.0796 (0.0695, 0.0889)","0.2880 (0.2796, 0.2964)","0.6219 (0.6113, 0.6328)","0.0130 (0.0093, 0.0168)","0.5375 (0.5291, 0.5459)","0.0000 (0.0000, 0.0000)",0.00655498338279536,0.030625742034371763,0.2543727064548316,0.4190533025411966,0.6614682419700525,0.7313416478119594,0.437557957659253,0.7270267101872337,0.95115571291111,0.9805928961157842,0.8809076073663046,0.9009934485766111,0.04327679247327004,0.08235704749458662,0.10599757249391867,0.36062217598474505,5.753890105246619e-06,0.00011480217567896033,,
Citeseer,GCN,label_smoothing,"{""alpha"": 0.01}",10,"0.7177 (0.7124, 0.7236)","0.6879 (0.6823, 0.6940)","0.6708 (0.6592, 0.6821)","0.0155 (0.0122, 0.0186)","0.0858 (0.0777, 0.0931)","0.3000 (0.2886, 0.3114)","0.6406 (0.6257, 0.6561)","0.0095 (0.0063, 0.0128)","0.5632 (0.5541, 0.5731)","0.0000 (0.0000, 0.0000)",0.53666624146267,0.6517352167888407,0.8454775367790869,0.8924485110445918,0.00010320855384662063,0.00035225528160694435,0.050719008785172055,0.29068019370920917,0.0025019701415117906,0.02709358224919218,8.152989479257387e-07,5.446890843588977e-06,0.0739080562684467,0.13261216953309862,0.8997802508153675,0.9530382372571955,0.18065407172016706,0.3082901006528938,,
Citeseer,GCN,label_smoothing,"{""alpha"": 0.05}",10,"0.7136 (0.7053, 0.7196)","0.6835 (0.6770, 0.6897)","0.7120 (0.7032, 0.7218)","0.0245 (0.0218, 0.0276)","0.1063 (0.0982, 0.1156)","0.3419 (0.3310, 0.3534)","0.6502 (0.6349, 0.6651)","0.0056 (0.0035, 0.0079)","0.5670 (0.5570, 0.5779)","0.0000 (0.0000, 0.0000)",0.022800049156485723,0.0730113933662745,0.03757648132164711,0.10927854261907577,8.671278850989557e-09,1.2965626472432004e-07,0.0037972600397257533,0.11885423924341607,2.0466219895511715e-05,0.0009638567304250964,8.910995564965369e-12,2.798052607399126e-09,0.0014622228541552845,0.004331490341554333,0.007412733072442991,0.2034340256430268,0.013512700808205833,0.04119270233428696,,
Citeseer,GCN,label_smoothing,"{""alpha"": 0.1}",10,"0.7128 (0.7057, 0.7187)","0.6820 (0.6756, 0.6879)","0.7248 (0.7159, 0.7335)","0.0211 (0.0172, 0.0251)","0.1082 (0.0991, 0.1169)","0.3646 (0.3549, 0.3751)","0.6569 (0.6408, 0.6712)","0.0055 (0.0035, 0.0071)","0.5691 (0.5592, 0.5793)","0.0000 (0.0000, 0.0000)",0.011182098339528872,0.043656137352955184,0.015796640899735048,0.05771849559518575,1.2635700815594658e-09,4.4084556178852474e-08,0.11985206136201905,0.41399738645327416,2.1487251952151833e-05,0.0009638567304250964,4.34015306497189e-10,2.7256161248023467e-08,0.0004023765838222843,0.0014038471924466365,0.011772028994707133,0.21616518158948222,0.004058611124795861,0.0156717472601135,,
Citeseer,GCN,label_smoothing,"{""alpha"": 0.2}",10,"0.7124 (0.7051, 0.7183)","0.6820 (0.6760, 0.6875)","0.7355 (0.7272, 0.7430)","0.0207 (0.0158, 0.0263)","0.1088 (0.0950, 0.1210)","0.3836 (0.3732, 0.3945)","0.6819 (0.6588, 0.7077)","0.0136 (0.0077, 0.0196)","0.5722 (0.5624, 0.5807)","0.0000 (0.0000, 0.0000)",0.04068462656261081,0.11149152471484693,0.06173352632767963,0.15994595457626085,9.114745978359126e-10,3.577537796505957e-08,0.3886307473725291,0.6872396832067887,0.0006132495811852411,0.009169541356769794,5.138701604855089e-11,5.3785076797483264e-09,0.0003070291876374992,0.0011477043442639852,0.23705883288007165,0.5472330742426816,0.003957442069458699,0.015532960122625391,,
Citeseer,GCN,none,{},10,"0.7182 (0.7125, 0.7246)","0.6881 (0.6827, 0.6939)","0.6557 (0.6467, 0.6639)","0.0178 (0.0144, 0.0214)","0.0793 (0.0731, 0.0856)","0.2888 (0.2779, 0.3001)","0.6301 (0.6180, 0.6441)","0.0097 (0.0073, 0.0120)","0.5617 (0.5529, 0.5708)","0.0000 (0.0000, 0.0000)",,,,,,,,,,,,,,,,,,,,
Citeseer,GraphSAGE,dropedge,"{""rate"": 0.1}",10,"0.7471 (0.7408, 0.7530)","0.7105 (0.7027, 0.7175)","0.7500 (0.7423, 0.7571)","0.0187 (0.0159, 0.0217)","0.0960 (0.0884, 0.1052)","0.4671 (0.4562, 0.4777)","0.7433 (0.7313, 0.7552)","0.0157 (0.0111, 0.0199)","0.6979 (0.6896, 0.7060)","0.0000 (0.0000, 0.0000)",0.04242340543590593,0.11406292970974707,0.4161711976328509,0.564803768216012,0.013377994948524902,0.025153834813394126,0.6876718389102809,0.8507560694818891,0.026006042580866046,0.1360982895065323,0.6029773620903967,0.6714003251644842,0.005625193568458036,0.01338114227648351,0.8050310687663452,0.9196157829338177,0.01964813123328707,0.057125122289371666,,
Citeseer,GraphSAGE,dropedge,"{""rate"": 0.2}",10,"0.7494 (0.7438, 0.7554)","0.7120 (0.7050, 0.7195)","0.7549 (0.7482, 0.7619)","0.0193 (0.0162, 0.0222)","0.1018 (0.0936, 0.1119)","0.4739 (0.4643, 0.4834)","0.7482 (0.7370, 0.7598)","0.0140 (0.0101, 0.0184)","0.7059 (0.6971, 0.7128)","0.0000 (0.0000, 0.0000)",0.030685682037762795,0.09018354797815692,0.31328713477678616,0.4749299649541705,0.0012241237232111343,0.002911930674911335,0.5444262452695481,0.8007916401679597,0.007571122818424664,0.06271095265729534,0.16078095442947465,0.221426402152873,0.0005096474634602898,0.0017207451992100108,0.42063487574560005,0.696606963536364,0.0005696272756263916,0.003650264582585448,,
Citeseer,GraphSAGE,dropedge,"{""rate"": 0.3}",10,"0.7492 (0.7422, 0.7562)","0.7117 (0.7042, 0.7198)","0.7586 (0.7524, 0.7643)","0.0185 (0.0163, 0.0203)","0.1012 (0.0947, 0.1077)","0.4799 (0.4724, 0.4896)","0.7512 (0.7412, 0.7616)","0.0137 (0.0099, 0.0184)","0.7110 (0.7037, 0.7178)","0.0000 (0.0000, 0.0000)",0.023764614937792396,0.07442764018978937,0.25797638148006513,0.42013296412467754,0.0004417740150760314,0.0012168161467883672,0.8973515411557718,0.952105194514429,0.003089981771375849,0.03129852503909731,0.01219062364724973,0.022385121785008275,5.944010617278384e-05,0.0002871414359731404,0.34742589782791056,0.6396723883537412,6.542290107279212e-05,0.0008559496223690303,,
Citeseer,GraphSAGE,dropedge,"{""rate"": 0.5}",10,"0.7450 (0.7368, 0.7520)","0.7063 (0.6986, 0.7136)","0.7638 (0.7584, 0.7688)","0.0173 (0.0145, 0.0198)","0.0994 (0.0922, 0.1067)","0.4889 (0.4793, 0.4981)","0.7568 (0.7476, 0.7652)","0.0119 (0.0087, 0.0155)","0.7155 (0.7081, 0.7222)","0.0000 (0.0000, 0.0000)",0.43785663944310127,0.5837817137452839,0.1027918817328476,0.23191793074314723,6.79803284578451e-05,0.00024887978646753896,0.6700658194666621,0.8486261423320899,0.013580405740543287,0.09086238859542416,0.00028355477291672356,0.0008244092471838073,8.765435121670816e-06,6.255333245919628e-05,0.06966921746328207,0.3399603377447811,0.00010265507419710263,0.0012397574345342395,,
Citeseer,GraphSAGE,edge_sparsification,"{""rate"": 0.05}",10,"0.7426 (0.7370, 0.7487)","0.7071 (0.7006, 0.7142)","0.7380 (0.7314, 0.7448)","0.0154 (0.0126, 0.0187)","0.0834 (0.0759, 0.0929)","0.4635 (0.4552, 0.4723)","0.7305 (0.7185, 0.7419)","0.0150 (0.0112, 0.0195)","0.6883 (0.6832, 0.6950)","0.0000 (0.0000, 0.0000)",0.6307042041568548,0.7277356201809864,0.24873638283270524,0.41215040178674994,0.03837544373016345,0.06620818313885343,0.06071065336141163,0.3268076490394722,0.5732438742925655,0.7758559333097653,0.15764202024814555,0.21805988703928503,0.018974872259665692,0.04109041303127605,0.8796864909701237,0.9435343302768944,0.5566592143520207,0.6748687000252297,,
Citeseer,GraphSAGE,edge_sparsification,"{""rate"": 0.1}",10,"0.7396 (0.7341, 0.7457)","0.7044 (0.6977, 0.7121)","0.7392 (0.7331, 0.7461)","0.0161 (0.0125, 0.0202)","0.0820 (0.0743, 0.0907)","0.4653 (0.4570, 0.4731)","0.7308 (0.7191, 0.7421)","0.0145 (0.0099, 0.0193)","0.6928 (0.6871, 0.6990)","0.0000 (0.0000, 0.0000)",0.06226476087639235,0.15297807629113638,0.03015259299828263,0.09057758449915432,0.1697178813651152,0.23978158299711264,0.12036345740334808,0.41399738645327416,0.39277436718943,0.6734224485247354,0.3505675801617485,0.42665976810383344,0.1099354147134072,0.18558989365596698,0.6071745771471697,0.8121608660130945,0.1433440833247359,0.2535378220888493,,
Citeseer,GraphSAGE,edge_sparsification,"{""rate"": 0.2}",10,"0.7337 (0.7268, 0.7414)","0.6962 (0.6882, 0.7044)","0.7400 (0.7328, 0.7466)","0.0152 (0.0121, 0.0183)","0.0812 (0.0732, 0.0893)","0.4750 (0.4674, 0.4817)","0.7312 (0.7206, 0.7416)","0.0127 (0.0091, 0.0164)","0.6981 (0.6936, 0.7026)","0.0000 (0.0000, 0.0000)",0.004964238476922622,0.025264427962909775,0.001903107067297779,0.011299698212080564,0.28994595749845375,0.379345961060477,0.02226191307861005,0.195119585513664,0.33603262233711406,0.6445877965216733,0.03475707138914537,0.05539959602127739,0.1888304856127686,0.27968288906796857,0.09419364245164763,0.35183339779159584,0.01770879101415195,0.051967854004146836,,
Citeseer,GraphSAGE,edge_sparsification,"{""rate"": 0.3}",10,"0.7284 (0.7210, 0.7358)","0.6897 (0.6817, 0.6985)","0.7499 (0.7401, 0.7593)","0.0169 (0.0137, 0.0205)","0.0875 (0.0725, 0.1065)","0.4879 (0.4796, 0.4960)","0.7371 (0.7272, 0.7477)","0.0123 (0.0083, 0.0168)","0.7065 (0.7008, 0.7123)","0.0000 (0.0000, 0.0000)",0.00020370015960395922,0.0024189393952970158,7.055662525167806e-05,0.0010054319098364124,0.2515291678712543,0.34043171858437005,0.5201509079612129,0.7971706409102651,0.8252313530311031,0.9188746271339233,2.3158895639053767e-05,9.568280566661687e-05,0.45990727972390893,0.5706077739789641,0.3134675120863996,0.6396723883537412,0.00016746419164299524,0.0015023930335971573,,
Citeseer,GraphSAGE,epsd_tuned,"{""lambda_epsd"": 0.01}",10,"0.7443 (0.7388, 0.7517)","0.7076 (0.6976, 0.7165)","0.7338 (0.7237, 0.7421)","0.0158 (0.0126, 0.0192)","0.0857 (0.0784, 0.0927)","0.4508 (0.4401, 0.4608)","0.7244 (0.7121, 0.7373)","0.0134 (0.0093, 0.0176)","0.6721 (0.6649, 0.6796)","0.0000 (0.0000, 0.0000)",0.4831550929951464,0.6259054613800761,0.4207757952716205,0.5683464533289662,1.7010500898041325e-05,8.092874669674206e-05,0.015607949551782248,0.1579515094873283,0.9281940767680024,0.9661491066068122,0.00015217197986698995,0.0004977291841482796,2.491687725365736e-05,0.00013726139399383177,0.06946561261215706,0.3399603377447811,0.03597918429959986,0.08966241166725679,,
Citeseer,GraphSAGE,epsd_tuned,"{""lambda_epsd"": 0.03}",10,"0.7435 (0.7379, 0.7505)","0.7068 (0.6980, 0.7149)","0.7228 (0.7141, 0.7319)","0.0157 (0.0130, 0.0183)","0.0834 (0.0764, 0.0911)","0.4322 (0.4213, 0.4414)","0.7127 (0.7005, 0.7258)","0.0133 (0.0092, 0.0179)","0.6589 (0.6511, 0.6663)","0.0000 (0.0000, 0.0000)",0.9511588444651627,0.9646984721443821,0.2812984168669492,0.4453891600393362,2.8684278802284474e-07,2.64907751291686e-06,0.06946491592686359,0.3378961472124805,0.2999146869859598,0.6155111876705318,6.490659133398404e-07,4.449604313151331e-06,2.7915567092248715e-07,3.9843127577118614e-06,0.12530954006102032,0.39443292195479357,0.0005075768495384878,0.0035417584612241148,,
Citeseer,GraphSAGE,epsd_tuned,"{""lambda_epsd"": 0.1}",10,"0.7429 (0.7371, 0.7496)","0.7059 (0.6968, 0.7139)","0.7025 (0.6916, 0.7145)","0.0168 (0.0123, 0.0229)","0.0804 (0.0709, 0.0924)","0.4041 (0.3935, 0.4142)","0.6903 (0.6787, 0.7034)","0.0122 (0.0089, 0.0160)","0.6353 (0.6256, 0.6451)","0.0000 (0.0000, 0.0000)",0.7263142108887385,0.7956486262505977,0.11470442057473665,0.24553367783316712,4.919303100214752e-07,4.2907254818539785e-06,0.3603711701754263,0.6674329956503458,0.12152042197601559,0.3289432112109387,5.699831630899964e-09,9.419721747908361e-08,6.726048047355719e-09,1.6701960806794586e-07,0.039941356266189824,0.3399603377447811,2.530005044888119e-06,6.110935262268226e-05,,
Citeseer,GraphSAGE,epsd_tuned,"{""lambda_epsd"": 0.3}",10,"0.7412 (0.7359, 0.7470)","0.7044 (0.6968, 0.7112)","0.6798 (0.6672, 0.6944)","0.0141 (0.0119, 0.0168)","0.0762 (0.0680, 0.0873)","0.3815 (0.3699, 0.3920)","0.6652 (0.6530, 0.6783)","0.0114 (0.0083, 0.0153)","0.6120 (0.5995, 0.6228)","0.0000 (0.0000, 0.0000)",0.15665405173385422,0.30166489691992193,0.022796311838023574,0.07218832082040798,7.597865133117366e-07,5.680308694759174e-06,0.04198552216778592,0.2527205468945576,0.02480450008982598,0.13476395407222527,5.218229672694755e-09,9.102911762367518e-08,3.964271913086129e-10,5.042351736927398e-08,0.009389867095457749,0.2104783425759268,1.1136345735671454e-07,6.217810257816496e-06,,
Citeseer,GraphSAGE,epsd_tuned,"{""lambda_epsd"": 1.0}",10,"0.7406 (0.7358, 0.7460)","0.7042 (0.6971, 0.7102)","0.6559 (0.6410, 0.6754)","0.0141 (0.0111, 0.0176)","0.0703 (0.0611, 0.0802)","0.3593 (0.3475, 0.3719)","0.6397 (0.6292, 0.6520)","0.0128 (0.0095, 0.0167)","0.5765 (0.5648, 0.5867)","0.0000 (0.0000, 0.0000)",0.3498427046374143,0.5105276352819754,0.16734957551050095,0.3097458964082792,1.1738414989783375e-06,8.012744145199956e-06,0.0306727310315486,0.21819465483806164,0.001876110336004359,0.022927384732240156,1.2465850960029977e-09,4.892846501811766e-08,1.1531838093236265e-10,3.620997161276187e-08,0.10830793223160214,0.3606423700903348,2.4689824099306993e-09,3.876302383591198e-07,,
Citeseer,GraphSAGE,epsd_tuned,"{""lambda_epsd"": 10.0}",10,"0.7246 (0.7171, 0.7325)","0.6845 (0.6757, 0.6922)","0.7450 (0.7251, 0.7660)","0.0141 (0.0113, 0.0177)","0.0912 (0.0743, 0.1138)","0.4531 (0.4267, 0.4811)","0.7493 (0.7299, 0.7715)","0.0128 (0.0100, 0.0167)","0.6754 (0.6614, 0.6923)","0.0000 (0.0000, 0.0000)",7.512956125489609e-06,0.00018872026060467613,5.51102821001188e-06,0.00015706430398533858,0.813605773892144,0.8544221170639906,0.02420635043322632,0.195119585513664,0.5209835414219539,0.7454157930783891,0.19654125530329222,0.25930232842535195,0.07901957111809692,0.13939407489372155,0.27981273237241716,0.5877945317621918,0.274830782575073,0.41689307115252616,,
Citeseer,GraphSAGE,epsd_tuned,"{""lambda_epsd"": 3.0}",10,"0.7355 (0.7298, 0.7409)","0.6945 (0.6861, 0.7019)","0.6464 (0.6347, 0.6605)","0.0127 (0.0093, 0.0165)","0.0681 (0.0568, 0.0816)","0.3471 (0.3346, 0.3594)","0.6355 (0.6252, 0.6466)","0.0138 (0.0087, 0.0193)","0.5705 (0.5628, 0.5785)","0.0000 (0.0000, 0.0000)",0.017479763268723827,0.05914939525994071,0.001377369657412914,0.009018722826406953,3.714165375977188e-08,4.664991712227348e-07,0.0018475169595612892,0.08444700140575798,0.003982920439339761,0.0390824068110214,6.266933682533105e-10,2.8111673947362784e-08,4.817533506618533e-10,5.042351736927398e-08,0.4304560908619409,0.698097183625842,1.4468189391850462e-10,4.543011469041045e-08,,
Citeseer,GraphSAGE,label_smoothing,"{""alpha"": 0.01}",10,"0.7403 (0.7346, 0.7469)","0.7051 (0.6977, 0.7127)","0.7788 (0.7691, 0.7880)","0.0124 (0.0079, 0.0185)","0.0771 (0.0633, 0.0936)","0.5157 (0.5032, 0.5277)","0.7681 (0.7553, 0.7807)","0.0066 (0.0042, 0.0095)","0.7031 (0.6955, 0.7109)","0.0000 (0.0000, 0.0000)",0.011946016974991334,0.04600830861989906,0.009200972698740638,0.039042098505341176,3.5467600070738105e-10,3.004458974380471e-08,0.027340404322045535,0.20375110840000601,0.10177573513949688,0.3133096160176669,1.3716700355323702e-08,1.6565553506044778e-07,2.0298089738943827e-09,1.0622666963380603e-07,0.005815313425958937,0.18201931023251475,0.00011150665753321142,0.0012444381002063023,,
Citeseer,GraphSAGE,label_smoothing,"{""alpha"": 0.05}",10,"0.7423 (0.7372, 0.7480)","0.7073 (0.7009, 0.7139)","0.8329 (0.8237, 0.8404)","0.0371 (0.0290, 0.0483)","0.1755 (0.1472, 0.1952)","0.5774 (0.5675, 0.5886)","0.7990 (0.7847, 0.8122)","0.0021 (0.0005, 0.0043)","0.7124 (0.7050, 0.7210)","0.0000 (0.0000, 0.0000)",0.36075682643213464,0.5152095667443376,0.17713857664723626,0.3215572888182314,1.0723720062451513e-08,1.5305673180044433e-07,0.008379485702067714,0.14121900276382301,4.4597163831373435e-05,0.0017504386803814072,4.497170246794529e-09,8.306537985255777e-08,2.0085415962720937e-09,1.0622666963380603e-07,0.00038545095662318075,0.02642940755446037,2.2406802920051462e-05,0.0003544535290976446,,
Citeseer,GraphSAGE,label_smoothing,"{""alpha"": 0.1}",10,"0.7425 (0.7368, 0.7497)","0.7067 (0.6999, 0.7144)","0.8427 (0.8377, 0.8479)","0.0443 (0.0404, 0.0484)","0.1864 (0.1723, 0.1990)","0.5917 (0.5817, 0.6015)","0.8040 (0.7915, 0.8169)","0.0030 (0.0010, 0.0055)","0.7110 (0.7063, 0.7167)","0.0000 (0.0000, 0.0000)",0.41268779795851107,0.5627560881252424,0.12471799093084804,0.2556606742030653,4.63992330923725e-09,8.814807104804541e-08,6.40322284557633e-07,0.00020042087506653912,1.6176942641292512e-06,0.00025397799946829243,7.162151499170268e-09,1.124457785369732e-07,9.074780455933006e-09,2.0353436165449742e-07,0.00013811695037114127,0.02642940755446037,7.067577729618354e-05,0.0008876877628400652,,
Citeseer,GraphSAGE,label_smoothing,"{""alpha"": 0.2}",10,"0.7392 (0.7337, 0.7457)","0.7020 (0.6963, 0.7085)","0.8376 (0.8316, 0.8437)","0.0541 (0.0437, 0.0659)","0.1919 (0.1719, 0.2141)","0.5838 (0.5744, 0.5940)","0.8013 (0.7881, 0.8146)","0.0036 (0.0015, 0.0059)","0.7101 (0.7040, 0.7172)","0.0000 (0.0000, 0.0000)",0.005660081958953704,0.02830040979476852,0.0005109314527989237,0.0048538488015897755,6.917206537828677e-09,1.0860014264391023e-07,0.000465758487554792,0.048594135534883294,8.442404817937516e-06,0.000662728778208095,1.0776207390070994e-08,1.3534916481929168e-07,1.6233995143394688e-07,2.5487372375129663e-06,0.0005066340106286332,0.02642940755446037,0.0005374416147907936,0.0035789997742885983,,
Citeseer,GraphSAGE,none,{},10,"0.7434 (0.7375, 0.7495)","0.7092 (0.7016, 0.7164)","0.7432 (0.7354, 0.7515)","0.0183 (0.0144, 0.0224)","0.0855 (0.0756, 0.0951)","0.4687 (0.4581, 0.4773)","0.7347 (0.7224, 0.7477)","0.0154 (0.0114, 0.0195)","0.6850 (0.6756, 0.6942)","0.0000 (0.0000, 0.0000)",,,,,,,,,,,,,,,,,,,,
Cora,GCN,dropedge,"{""rate"": 0.1}",10,"0.8697 (0.8650, 0.8751)","0.8600 (0.8547, 0.8648)","0.5697 (0.5645, 0.5744)","0.0130 (0.0100, 0.0161)","0.0620 (0.0544, 0.0711)","0.1413 (0.1332, 0.1490)","0.5736 (0.5697, 0.5795)","0.0109 (0.0075, 0.0139)","0.5476 (0.5393, 0.5558)","0.0000 (0.0000, 0.0000)",0.5239039862153155,0.6487588665850403,0.6895189594894907,0.776730843693695,0.08793012582321207,0.13736348014173427,0.9391133857978309,0.9669160847194772,0.7725689377176826,0.8903110381890156,0.07484882937993398,0.10982491787523023,0.586920803558262,0.6851045811051832,0.5601961721918998,0.7862843134352674,0.031416482171248275,0.08152706943613189,,
Cora,GCN,dropedge,"{""rate"": 0.2}",10,"0.8686 (0.8637, 0.8733)","0.8592 (0.8537, 0.8636)","0.5689 (0.5620, 0.5753)","0.0119 (0.0098, 0.0137)","0.0581 (0.0508, 0.0654)","0.1391 (0.1309, 0.1463)","0.5716 (0.5657, 0.5784)","0.0102 (0.0063, 0.0147)","0.5509 (0.5429, 0.5585)","0.0000 (0.0000, 0.0000)",0.2884825434317803,0.4671450277162352,0.4771698938649896,0.6142021712397054,0.08183184647066892,0.12977373632217193,0.539101720429233,0.8007916401679597,0.25188744657284806,0.5529902588430146,0.006885744793101013,0.013771489586202027,0.39001234546772306,0.5109048326925126,0.3741328559501219,0.6582353823283912,0.0010283083980870134,0.006092242207534381,,
Cora,GCN,dropedge,"{""rate"": 0.3}",10,"0.8683 (0.8645, 0.8715)","0.8590 (0.8551, 0.8627)","0.5740 (0.5676, 0.5794)","0.0105 (0.0077, 0.0135)","0.0607 (0.0520, 0.0676)","0.1368 (0.1300, 0.1441)","0.5744 (0.5680, 0.5814)","0.0083 (0.0044, 0.0130)","0.5526 (0.5420, 0.5623)","0.0000 (0.0000, 0.0000)",0.21935604050894855,0.3766052502713876,0.4149997518242563,0.564803768216012,0.5827718346201344,0.6582386909018784,0.21477692354710043,0.5845667571325429,0.5293370784851696,0.7454157930783891,0.0037415746615975963,0.007938205700957063,0.8688147314635487,0.9003558603285621,0.14164712188670855,0.4172330867880538,0.0027463395341828295,0.011977091857408452,,
Cora,GCN,dropedge,"{""rate"": 0.5}",10,"0.8714 (0.8665, 0.8760)","0.8627 (0.8576, 0.8674)","0.5768 (0.5715, 0.5818)","0.0100 (0.0074, 0.0127)","0.0630 (0.0584, 0.0678)","0.1330 (0.1255, 0.1403)","0.5800 (0.5745, 0.5853)","0.0142 (0.0076, 0.0216)","0.5559 (0.5466, 0.5646)","0.0000 (0.0000, 0.0000)",0.7175059634078766,0.7956486262505977,0.4346031608433895,0.5815112715510141,0.9356688361746465,0.9590924953859477,0.18468068507641439,0.5239439388866141,0.870149469944667,0.950655982456956,0.002371881559878566,0.005172019512512984,0.17245337955377754,0.2590926372243356,0.6109782822737323,0.8137710738369285,0.0002344483923070117,0.0018404198796100417,,
Cora,GCN,edge_sparsification,"{""rate"": 0.05}",10,"0.8681 (0.8638, 0.8731)","0.8580 (0.8531, 0.8636)","0.5793 (0.5702, 0.5873)","0.0098 (0.0067, 0.0127)","0.0535 (0.0462, 0.0600)","0.1538 (0.1451, 0.1628)","0.5808 (0.5743, 0.5876)","0.0117 (0.0084, 0.0151)","0.5436 (0.5356, 0.5516)","0.0000 (0.0000, 0.0000)",0.18795173312216137,0.33270958968829806,0.15690834317428942,0.29615150864021517,0.3321201697393591,0.4143123437915136,0.19559292984878254,0.5374805190321323,0.058939198998889816,0.24351195375857107,0.013123890667182461,0.023820240864134642,0.024657150452357973,0.05161563494693602,0.8295818758726216,0.931161606057857,0.5088834775796297,0.6417245460241113,,
Cora,GCN,edge_sparsification,"{""rate"": 0.1}",10,"0.8634 (0.8589, 0.8686)","0.8531 (0.8478, 0.8580)","0.5858 (0.5780, 0.5930)","0.0142 (0.0120, 0.0164)","0.0653 (0.0611, 0.0698)","0.1608 (0.1503, 0.1701)","0.5810 (0.5745, 0.5883)","0.0102 (0.0076, 0.0122)","0.5506 (0.5426, 0.5587)","0.0000 (0.0000, 0.0000)",0.00870819295050233,0.03596862305642267,0.010568546958514618,0.0423885163917855,0.0006190811487021783,0.0016199290057706999,0.3776149364277155,0.6818226842108595,0.6705547767252699,0.8204395006877949,0.0003149172356947253,0.0008989455637103976,0.14967267038150017,0.23498609249895527,0.26655159848205107,0.5753837953440136,0.030902978623960985,0.08152706943613189,,
Cora,GCN,edge_sparsification,"{""rate"": 0.2}",10,"0.8568 (0.8524, 0.8611)","0.8471 (0.8423, 0.8517)","0.5887 (0.5813, 0.5955)","0.0116 (0.0092, 0.0142)","0.0617 (0.0577, 0.0656)","0.1715 (0.1628, 0.1807)","0.5922 (0.5855, 0.5984)","0.0146 (0.0107, 0.0193)","0.5505 (0.5426, 0.5575)","0.0000 (0.0000, 0.0000)",0.0010836518232526183,0.008127388674394638,0.0029395966121186076,0.014960447043817913,0.0019466988192052416,0.004527877253558858,0.48120383868669137,0.76233454531841,0.6003789547151758,0.7954387838842413,1.2295119311670917e-06,7.878913191560547e-06,0.000992774066439641,0.003213722235691209,0.3934224852100573,0.6766002080810326,0.03979354373676549,0.09611671333341817,,
Cora,GCN,edge_sparsification,"{""rate"": 0.3}",10,"0.8469 (0.8434, 0.8502)","0.8362 (0.8319, 0.8398)","0.5964 (0.5906, 0.6019)","0.0135 (0.0092, 0.0184)","0.0671 (0.0611, 0.0728)","0.1856 (0.1792, 0.1923)","0.6015 (0.5929, 0.6122)","0.0148 (0.0105, 0.0198)","0.5588 (0.5510, 0.5646)","0.0000 (0.0000, 0.0000)",1.1372226318928247e-06,4.051355626118188e-05,5.009150078916642e-06,0.00015706430398533858,0.0006611650648464046,0.0017157506641468682,0.8346351048837939,0.9296825189630872,0.5426337164325713,0.7506034667833806,4.46534495222289e-07,3.186632534086335e-06,0.0002206877071120353,0.0009239458671090545,0.37753680615314367,0.6582353823283912,0.0005844080152468945,0.0036700823357504976,,
Cora,GCN,epsd_tuned,"{""lambda_epsd"": 0.01}",10,"0.8692 (0.8646, 0.8746)","0.8601 (0.8547, 0.8659)","0.5743 (0.5676, 0.5803)","0.0143 (0.0113, 0.0174)","0.0595 (0.0530, 0.0662)","0.1435 (0.1345, 0.1514)","0.5770 (0.5703, 0.5837)","0.0171 (0.0121, 0.0216)","0.5443 (0.5378, 0.5504)","0.0000 (0.0000, 0.0000)",0.3644831553210628,0.516804473962701,0.7090098506603849,0.7879005560703355,0.2675657627189417,0.35751340210105403,0.3351290706287074,0.6589208148677645,0.38892267502960715,0.6734224485247354,0.05814744827042602,0.08906487198494523,0.4538855076811158,0.5700801976474814,0.0245784175249977,0.3399603377447811,0.24836886789082038,0.38607833919662177,,
Cora,GCN,epsd_tuned,"{""lambda_epsd"": 0.03}",10,"0.8695 (0.8647, 0.8744)","0.8603 (0.8554, 0.8659)","0.5737 (0.5674, 0.5798)","0.0139 (0.0115, 0.0164)","0.0611 (0.0562, 0.0660)","0.1433 (0.1354, 0.1505)","0.5747 (0.5694, 0.5805)","0.0133 (0.0089, 0.0175)","0.5430 (0.5368, 0.5484)","0.0000 (0.0000, 0.0000)",0.4649393447318574,0.6106346232653427,0.7739646959582753,0.8292478885267236,0.1460726975968346,0.2123464215065096,0.4233240497091901,0.7270267101872337,0.5188089450673664,0.7454157930783891,0.021476054635168662,0.03746378419690533,0.8533030675445671,0.8963417921608962,0.5070409666563084,0.7521508178361351,0.5314982886941931,0.6622637406745105,,
Cora,GCN,epsd_tuned,"{""lambda_epsd"": 0.1}",10,"0.8705 (0.8661, 0.8751)","0.8613 (0.8557, 0.8662)","0.5729 (0.5665, 0.5786)","0.0142 (0.0107, 0.0178)","0.0610 (0.0575, 0.0645)","0.1424 (0.1337, 0.1506)","0.5714 (0.5665, 0.5762)","0.0153 (0.0106, 0.0200)","0.5406 (0.5344, 0.5463)","0.0000 (0.0000, 0.0000)",0.9600480732698254,0.9668328653070679,0.6874254824807436,0.776730843693695,0.06602789700926225,0.10686989515932137,0.44649531688901883,0.727880386386786,0.478205857562077,0.7390610064876596,0.02418594494293045,0.04127384082652261,0.017975721006810167,0.03919705830651662,0.12805838451062151,0.39685420150321327,0.7112855134348128,0.7976558972090401,,
Cora,GCN,epsd_tuned,"{""lambda_epsd"": 0.3}",10,"0.8720 (0.8674, 0.8765)","0.8626 (0.8578, 0.8676)","0.5731 (0.5663, 0.5798)","0.0123 (0.0092, 0.0154)","0.0586 (0.0549, 0.0627)","0.1401 (0.1321, 0.1474)","0.5679 (0.5608, 0.5746)","0.0153 (0.0099, 0.0205)","0.5349 (0.5284, 0.5415)","0.0000 (0.0000, 0.0000)",0.3581153209336174,0.5152095667443376,0.2471987415650081,0.4119979026083468,0.08290448989193853,0.13081411972898843,0.6595997675223175,0.8448845768337475,0.19420017127334063,0.47639729515491375,0.009284133580879844,0.0178847726650078,0.024148305062390282,0.0508897167086614,0.25516301794938473,0.5585637791216077,0.06187346321240652,0.13957313374865582,,
Cora,GCN,epsd_tuned,"{""lambda_epsd"": 1.0}",10,"0.8720 (0.8673, 0.8765)","0.8623 (0.8568, 0.8674)","0.5731 (0.5652, 0.5804)","0.0127 (0.0096, 0.0154)","0.0585 (0.0542, 0.0629)","0.1359 (0.1276, 0.1436)","0.5641 (0.5560, 0.5716)","0.0103 (0.0062, 0.0145)","0.5280 (0.5200, 0.5352)","0.0000 (0.0000, 0.0000)",0.4294248387334435,0.5772928256558085,0.39168940779646,0.5486632135206764,0.12154834271779212,0.18088236783595604,0.9205135345407817,0.9572117485424074,0.1802037115810718,0.45267172349165236,1.3742140134199981e-05,6.031885508501751e-05,0.01039575658647599,0.024179759764099713,0.49752142893156287,0.745091900744398,0.0019348424672357692,0.009346777457108177,,
Cora,GCN,epsd_tuned,"{""lambda_epsd"": 10.0}",10,"0.8700 (0.8644, 0.8757)","0.8611 (0.8557, 0.8667)","0.5810 (0.5732, 0.5889)","0.0104 (0.0088, 0.0120)","0.0614 (0.0539, 0.0680)","0.1481 (0.1356, 0.1615)","0.5775 (0.5702, 0.5850)","0.0109 (0.0063, 0.0157)","0.5464 (0.5392, 0.5534)","0.0000 (0.0000, 0.0000)",0.8470396069737328,0.8940973629167179,0.8935547888943781,0.9226924450539774,0.3394045237858902,0.421237235054425,0.06968840384744053,0.3378961472124805,0.6629066495989072,0.8204395006877949,0.85365666277191,0.8817374740473017,0.5406302473090272,0.6523670799902512,0.6751795839764129,0.8419570110940925,0.07222389715277859,0.15488053093706702,,
Cora,GCN,epsd_tuned,"{""lambda_epsd"": 3.0}",10,"0.8730 (0.8688, 0.8772)","0.8638 (0.8592, 0.8683)","0.5697 (0.5628, 0.5756)","0.0119 (0.0087, 0.0156)","0.0635 (0.0586, 0.0689)","0.1281 (0.1213, 0.1348)","0.5630 (0.5548, 0.5705)","0.0091 (0.0050, 0.0135)","0.5265 (0.5201, 0.5333)","0.0000 (0.0000, 0.0000)",0.18307131985636707,0.3281467054029221,0.14150546202216277,0.27249362619132694,0.03956956926520617,0.06789532649876906,0.6076319037170004,0.8269077646235701,0.9577292017388367,0.9813551380071835,0.0002049759529851236,0.0006310044042875374,0.013272694853063918,0.02955763250966007,0.1347706860132495,0.4135610266877166,5.940890075888457e-05,0.0008110606451430328,,
Cora,GCN,label_smoothing,"{""alpha"": 0.01}",10,"0.8699 (0.8652, 0.8748)","0.8604 (0.8553, 0.8666)","0.5791 (0.5720, 0.5859)","0.0095 (0.0083, 0.0109)","0.0525 (0.0449, 0.0591)","0.1568 (0.1470, 0.1672)","0.5789 (0.5731, 0.5847)","0.0142 (0.0095, 0.0200)","0.5444 (0.5371, 0.5515)","0.0000 (0.0000, 0.0000)",0.33034556389358316,0.5071470098409604,0.7049148271421911,0.7878459832765665,0.5080031816347428,0.5864448493871662,0.029086523568706855,0.21172283434895922,0.007988656389464374,0.06271095265729534,0.004463284512023473,0.009405847897821278,0.10955490076736718,0.18558989365596698,0.3975799274911066,0.6778826483173528,0.08044805556368312,0.16744399145187558,,
Cora,GCN,label_smoothing,"{""alpha"": 0.05}",10,"0.8698 (0.8654, 0.8737)","0.8602 (0.8549, 0.8656)","0.6105 (0.6021, 0.6179)","0.0116 (0.0098, 0.0135)","0.0722 (0.0664, 0.0788)","0.1798 (0.1710, 0.1890)","0.5965 (0.5863, 0.6085)","0.0133 (0.0076, 0.0197)","0.5459 (0.5382, 0.5536)","0.0000 (0.0000, 0.0000)",0.6035375398424587,0.7064931694525404,0.7857190612038204,0.8386888855546397,2.0349079138761595e-07,1.9967533904909816e-06,0.43052352905640234,0.7270267101872337,0.06470231589952388,0.25395658990563125,1.392488197463834e-05,6.031885508501751e-05,0.002660637168097212,0.007264696267674127,0.7628987007317027,0.8909973631679962,0.0725077644832766,0.15488053093706702,,
Cora,GCN,label_smoothing,"{""alpha"": 0.1}",10,"0.8693 (0.8641, 0.8738)","0.8594 (0.8536, 0.8647)","0.6286 (0.6225, 0.6346)","0.0164 (0.0135, 0.0197)","0.0818 (0.0737, 0.0905)","0.2057 (0.1997, 0.2123)","0.6140 (0.5994, 0.6281)","0.0153 (0.0099, 0.0210)","0.5482 (0.5401, 0.5563)","0.0000 (0.0000, 0.0000)",0.46799286495245584,0.6118255344561924,0.502260751952039,0.6305916929794323,2.88998485776757e-09,7.372191189561776e-08,0.16878803420997898,0.5019095327971383,0.022134055687069745,0.12636533610436182,1.8095230267946694e-07,1.4291126992257618e-06,0.00021638928798512066,0.0009239458671090545,0.2551904805571562,0.5585637791216077,0.0075306489645929515,0.026273597498690963,,
Cora,GCN,label_smoothing,"{""alpha"": 0.2}",10,"0.8696 (0.8654, 0.8732)","0.8601 (0.8552, 0.8642)","0.6468 (0.6402, 0.6528)","0.0217 (0.0181, 0.0252)","0.0877 (0.0785, 0.0975)","0.2285 (0.2181, 0.2397)","0.6370 (0.6235, 0.6510)","0.0199 (0.0129, 0.0279)","0.5518 (0.5433, 0.5606)","0.0000 (0.0000, 0.0000)",0.5554492468138895,0.6707755734828751,0.7188389527427214,0.7914584246044215,1.6986730932462248e-10,3.004458974380471e-08,0.004619055010138736,0.12424239262327212,0.001898445869548548,0.022927384732240156,9.357417557248571e-09,1.224262130406688e-07,3.6154319411215254e-06,3.0682314311139434e-05,0.0772120997004585,0.34427155675539634,0.002702294685868277,0.01195099339947379,,
Cora,GCN,none,{},10,"0.8706 (0.8656, 0.8762)","0.8607 (0.8552, 0.8674)","0.5764 (0.5695, 0.5831)","0.0128 (0.0112, 0.0148)","0.0637 (0.0590, 0.0688)","0.1472 (0.1388, 0.1550)","0.5750 (0.5707, 0.5792)","0.0122 (0.0086, 0.0155)","0.5414 (0.5340, 0.5487)","0.0000 (0.0000, 0.0000)",,,,,,,,,,,,,,,,,,,,
Cora,GraphSAGE,dropedge,"{""rate"": 0.1}",10,"0.8753 (0.8711, 0.8794)","0.8652 (0.8598, 0.8703)","0.6586 (0.6499, 0.6679)","0.0148 (0.0128, 0.0168)","0.0726 (0.0646, 0.0801)","0.3117 (0.3013, 0.3232)","0.6605 (0.6495, 0.6715)","0.0165 (0.0124, 0.0225)","0.6339 (0.6272, 0.6415)","0.0000 (0.0000, 0.0000)",0.6793356395698562,0.7622466821945237,0.8793990561806155,0.9147033978521001,0.019325855546732454,0.03507698636805775,0.2741671585282776,0.6054981460200438,0.9723758663233172,0.9881101036424647,0.0003637863009332705,0.0010068316295947961,1.788891312095424e-05,0.00011463507591795166,0.7941534034136104,0.9105128764412456,0.0034254064217122933,0.013968540472956623,,
Cora,GraphSAGE,dropedge,"{""rate"": 0.2}",10,"0.8733 (0.8678, 0.8780)","0.8629 (0.8568, 0.8689)","0.6722 (0.6641, 0.6803)","0.0159 (0.0130, 0.0192)","0.0731 (0.0670, 0.0801)","0.3257 (0.3154, 0.3369)","0.6736 (0.6640, 0.6857)","0.0165 (0.0113, 0.0245)","0.6429 (0.6371, 0.6490)","0.0000 (0.0000, 0.0000)",0.11500961680837163,0.24101279992930819,0.018080999939177025,0.06159127363030885,0.0001676840229893544,0.0005162037570456596,0.07302623810279005,0.3378961472124805,0.8458459474441563,0.9351958714699475,7.320570499684239e-06,3.568488613562356e-05,3.814814494060569e-09,1.3309463901500207e-07,0.8086494525012656,0.9203901041196223,0.00011889535989232188,0.0012444381002063023,,
Cora,GraphSAGE,dropedge,"{""rate"": 0.3}",10,"0.8690 (0.8645, 0.8744)","0.8580 (0.8519, 0.8639)","0.6824 (0.6745, 0.6910)","0.0151 (0.0122, 0.0180)","0.0767 (0.0714, 0.0826)","0.3377 (0.3249, 0.3506)","0.6851 (0.6751, 0.6968)","0.0154 (0.0098, 0.0230)","0.6533 (0.6473, 0.6582)","0.0000 (0.0000, 0.0000)",0.0024820497934733856,0.014436412064079897,0.0016995601815684273,0.010529883733630474,1.3745945471401111e-05,6.85115377463484e-05,0.14932035760428863,0.47209365586002366,0.14213061143848058,0.3719084332640242,7.965073177767398e-06,3.789443905786308e-05,2.4678366722647046e-09,1.1070010215587389e-07,0.3661311760516176,0.6582353823283912,2.0637991733564644e-06,5.400274503616082e-05,,
Cora,GraphSAGE,dropedge,"{""rate"": 0.5}",10,"0.8600 (0.8551, 0.8654)","0.8488 (0.8430, 0.8552)","0.7031 (0.6962, 0.7107)","0.0171 (0.0139, 0.0205)","0.0770 (0.0750, 0.0793)","0.3695 (0.3593, 0.3803)","0.7046 (0.6962, 0.7142)","0.0148 (0.0098, 0.0215)","0.6704 (0.6630, 0.6770)","0.0000 (0.0000, 0.0000)",4.476443346848514e-05,0.0006714665020272771,3.7018111550622414e-05,0.0006133620091816211,1.1263222852826386e-06,8.00372959016751e-06,0.08460640981974062,0.3578622469402542,0.3290588550273427,0.6445877965216733,6.540750146150811e-08,6.22362286633744e-07,1.8586518947934545e-09,1.0622666963380603e-07,0.29703657182839166,0.6157115694191164,4.200183719633698e-07,1.6485721099562263e-05,,
Cora,GraphSAGE,edge_sparsification,"{""rate"": 0.05}",10,"0.8714 (0.8660, 0.8762)","0.8615 (0.8546, 0.8680)","0.6448 (0.6369, 0.6526)","0.0130 (0.0112, 0.0152)","0.0703 (0.0617, 0.0781)","0.3007 (0.2921, 0.3090)","0.6451 (0.6348, 0.6561)","0.0136 (0.0101, 0.0188)","0.6214 (0.6128, 0.6291)","0.0000 (0.0000, 0.0000)",0.054072432837280075,0.13688679510403268,0.0909725241206546,0.21251778175726688,0.41743969611149334,0.49462665878871287,0.8541349439897941,0.9374730078001474,0.5467868205442995,0.7530309721531142,0.33173086104331073,0.4053054099906598,0.8947628713432644,0.9181553647117157,0.002842381929822413,0.12709507771920217,0.3780759295607909,0.527392948064917,,
Cora,GraphSAGE,edge_sparsification,"{""rate"": 0.1}",10,"0.8660 (0.8624, 0.8692)","0.8564 (0.8513, 0.8609)","0.6482 (0.6400, 0.6564)","0.0138 (0.0117, 0.0160)","0.0665 (0.0607, 0.0736)","0.3084 (0.2989, 0.3164)","0.6489 (0.6383, 0.6612)","0.0159 (0.0114, 0.0222)","0.6264 (0.6186, 0.6337)","0.0000 (0.0000, 0.0000)",0.00016480931741541562,0.0022366978792092117,0.0010076958639716098,0.00717983303079772,0.8914573124594442,0.9177626102041491,0.6400379089112753,0.8325450100883367,0.09219630583263493,0.30094696867395604,0.007760317446670082,0.015422403026926618,0.06520452120503585,0.11973227870398397,0.5290162534210824,0.767596849063765,0.06279830521454012,0.1398487080664227,,
Cora,GraphSAGE,edge_sparsification,"{""rate"": 0.2}",10,"0.8547 (0.8505, 0.8587)","0.8432 (0.8375, 0.8490)","0.6593 (0.6493, 0.6692)","0.0132 (0.0102, 0.0162)","0.0668 (0.0589, 0.0744)","0.3216 (0.3087, 0.3322)","0.6565 (0.6447, 0.6673)","0.0165 (0.0112, 0.0227)","0.6343 (0.6269, 0.6414)","0.0000 (0.0000, 0.0000)",6.733495503437365e-07,2.74149459782807e-05,1.2518395724759398e-06,5.1273023944777275e-05,0.0005693031811430343,0.0015021949485622924,0.9355641194212645,0.9664408230325273,0.06273157688597991,0.2493381663569328,0.00034169664499000997,0.00096660132006183,0.0023458746712222596,0.006461444269857803,0.8725015788909937,0.9435343302768944,0.00046360712713934863,0.003308469043676261,,
Cora,GraphSAGE,edge_sparsification,"{""rate"": 0.3}",10,"0.8459 (0.8412, 0.8508)","0.8330 (0.8261, 0.8400)","0.6673 (0.6566, 0.6773)","0.0148 (0.0113, 0.0184)","0.0726 (0.0645, 0.0805)","0.3353 (0.3231, 0.3469)","0.6630 (0.6510, 0.6753)","0.0174 (0.0112, 0.0254)","0.6436 (0.6358, 0.6519)","0.0000 (0.0000, 0.0000)",4.2740999593969684e-07,2.555563528212065e-05,2.1144134075503838e-07,1.5065195528796485e-05,0.00015981379619831694,0.0004968468515472428,0.49931777093217433,0.7775445885660227,0.959477794166259,0.9813551380071835,0.00017544482572928762,0.0005503582521220807,0.00023153643516450213,0.000944187540800697,0.815636339690044,0.9249788924745789,0.0002622084567415766,0.002008133058947684,,
Cora,GraphSAGE,epsd_tuned,"{""lambda_epsd"": 0.01}",10,"0.8768 (0.8721, 0.8808)","0.8668 (0.8608, 0.8729)","0.6412 (0.6312, 0.6513)","0.0150 (0.0128, 0.0174)","0.0712 (0.0622, 0.0795)","0.2864 (0.2765, 0.2970)","0.6396 (0.6290, 0.6511)","0.0172 (0.0145, 0.0204)","0.6145 (0.6054, 0.6227)","0.0000 (0.0000, 0.0000)",0.0531214895462791,0.1364280455772924,0.12730899815894411,0.2573266984063764,1.2016504743136957e-05,6.185545064500007e-05,0.06985685607333081,0.3378961472124805,0.5025558536317226,0.7390610064876596,0.0013725620964789417,0.00321630222607752,0.0033655423644177573,0.008522421793767547,0.8684687511630588,0.9435343302768944,0.14372526220323303,0.2535378220888493,,
Cora,GraphSAGE,epsd_tuned,"{""lambda_epsd"": 0.03}",10,"0.8768 (0.8736, 0.8802)","0.8670 (0.8625, 0.8714)","0.6344 (0.6247, 0.6441)","0.0151 (0.0125, 0.0178)","0.0702 (0.0614, 0.0784)","0.2753 (0.2663, 0.2857)","0.6329 (0.6233, 0.6431)","0.0161 (0.0126, 0.0211)","0.6091 (0.6013, 0.6164)","0.0000 (0.0000, 0.0000)",0.10709686676424214,0.2329970002122825,0.21009099436240813,0.3609706439742829,1.9931298492674227e-07,1.9967533904909816e-06,0.2446753578298993,0.6054981460200438,0.17430289266198928,0.44137990561181156,2.4076758471945713e-05,9.818314493754485e-05,3.3647897439642285e-05,0.00017609066326746127,0.5477125349038605,0.7722253307428303,0.0016195270068343106,0.00842194605103026,,
Cora,GraphSAGE,epsd_tuned,"{""lambda_epsd"": 0.1}",10,"0.8760 (0.8729, 0.8793)","0.8661 (0.8625, 0.8693)","0.6219 (0.6128, 0.6311)","0.0140 (0.0121, 0.0160)","0.0689 (0.0612, 0.0770)","0.2544 (0.2463, 0.2643)","0.6207 (0.6123, 0.6315)","0.0159 (0.0120, 0.0205)","0.5964 (0.5885, 0.6033)","0.0000 (0.0000, 0.0000)",0.37622379724615024,0.5281959715032158,0.49465658939008816,0.6293621784650675,1.1519711195193843e-08,1.572691006648203e-07,0.5849978601758787,0.8269077646235701,0.05305848232349522,0.23139393679968748,9.641109454401835e-07,6.306892434754534e-06,5.427332428281064e-07,7.1007599270010595e-06,0.6309033731585438,0.8262458401616075,5.8497923912846026e-06,0.00011480217567896033,,
Cora,GraphSAGE,epsd_tuned,"{""lambda_epsd"": 0.3}",10,"0.8745 (0.8716, 0.8775)","0.8648 (0.8609, 0.8680)","0.6068 (0.5980, 0.6157)","0.0154 (0.0132, 0.0181)","0.0685 (0.0615, 0.0754)","0.2323 (0.2231, 0.2428)","0.6052 (0.5967, 0.6163)","0.0178 (0.0142, 0.0233)","0.5785 (0.5708, 0.5850)","0.0000 (0.0000, 0.0000)",0.7029720296514661,0.785674621375168,0.8562152591632108,0.9004477817768085,1.8966235375480415e-09,5.772672932073069e-08,0.10902799309601688,0.4062590695125391,0.13838932779380006,0.3651617556912035,8.552641400898734e-09,1.1676214782096532e-07,4.1389005552108316e-08,7.220082079645562e-07,0.599802620490642,0.8121608660130945,1.318277499745779e-07,6.217810257816496e-06,,
Cora,GraphSAGE,epsd_tuned,"{""lambda_epsd"": 1.0}",10,"0.8736 (0.8696, 0.8774)","0.8638 (0.8602, 0.8678)","0.5887 (0.5807, 0.5971)","0.0158 (0.0136, 0.0184)","0.0652 (0.0586, 0.0719)","0.2095 (0.2015, 0.2167)","0.5872 (0.5778, 0.5994)","0.0200 (0.0150, 0.0254)","0.5590 (0.5519, 0.5661)","0.0000 (0.0000, 0.0000)",0.47755668429360665,0.6214778768204471,0.5729751459383711,0.6978543444121186,4.784170341370177e-10,3.004458974380471e-08,0.0934582557742419,0.38543454512372993,0.06939489234842393,0.2568823622887704,1.8924623984076792e-09,5.6469776779360345e-08,6.914824537844893e-09,1.6701960806794586e-07,0.2537035932842258,0.5585637791216077,1.387775075207592e-08,1.0894034340379596e-06,,
Cora,GraphSAGE,epsd_tuned,"{""lambda_epsd"": 10.0}",10,"0.8653 (0.8599, 0.8697)","0.8549 (0.8495, 0.8603)","0.6075 (0.6008, 0.6147)","0.0116 (0.0098, 0.0137)","0.0655 (0.0598, 0.0710)","0.2270 (0.2141, 0.2400)","0.6492 (0.6358, 0.6625)","0.0169 (0.0129, 0.0211)","0.5781 (0.5696, 0.5870)","0.0000 (0.0000, 0.0000)",2.7984482462325003e-05,0.00046915161775074266,1.8183918512511718e-05,0.00034549445173772265,9.182889173286417e-05,0.00031870714874698163,0.260139040037374,0.6054981460200438,0.10039688699632826,0.3124101273101242,2.8071908229110486e-05,0.00011300742543513708,0.6350560486930715,0.7224913017740017,0.9919913004362467,0.9983706657123641,0.0001336710449654527,0.0012719002460349134,,
Cora,GraphSAGE,epsd_tuned,"{""lambda_epsd"": 3.0}",10,"0.8714 (0.8685, 0.8743)","0.8622 (0.8598, 0.8651)","0.5734 (0.5649, 0.5824)","0.0156 (0.0135, 0.0180)","0.0638 (0.0570, 0.0698)","0.1810 (0.1712, 0.1913)","0.5728 (0.5627, 0.5849)","0.0172 (0.0115, 0.0239)","0.5437 (0.5359, 0.5513)","0.0000 (0.0000, 0.0000)",0.08902537512264691,0.20297785527963494,0.2765286127543479,0.44275648671342227,6.767403400879511e-10,3.035663811251666e-08,0.07023536153742704,0.3378961472124805,0.010997391851306262,0.07848138730250377,1.806194803235288e-09,5.6469776779360345e-08,1.9246310775120692e-08,3.7770884896174356e-07,0.9043206276849426,0.9530382372571955,1.0396190504744655e-08,1.088134606163274e-06,,
Cora,GraphSAGE,label_smoothing,"{""alpha"": 0.01}",10,"0.8757 (0.8719, 0.8788)","0.8658 (0.8604, 0.8703)","0.6878 (0.6720, 0.7037)","0.0167 (0.0106, 0.0235)","0.0743 (0.0611, 0.0886)","0.3479 (0.3360, 0.3589)","0.6737 (0.6628, 0.6841)","0.0128 (0.0088, 0.0183)","0.6319 (0.6225, 0.6396)","0.0000 (0.0000, 0.0000)",0.4440794100256055,0.5886634039874306,0.4061130044257743,0.5564529147180081,5.988794709665666e-05,0.0002238668498613118,0.3709207042367002,0.6777579599784611,0.7859847110931689,0.894199997403098,5.0903753247726466e-08,5.337948206287665e-07,9.194191883490124e-08,1.5194611849557363e-06,0.03554707834213722,0.3399603377447811,2.8759154371936404e-05,0.00043001783203752534,,
Cora,GraphSAGE,label_smoothing,"{""alpha"": 0.05}",10,"0.8770 (0.8736, 0.8804)","0.8673 (0.8623, 0.8718)","0.7651 (0.7589, 0.7714)","0.0257 (0.0218, 0.0297)","0.1245 (0.1144, 0.1349)","0.4388 (0.4288, 0.4489)","0.7053 (0.6952, 0.7153)","0.0022 (0.0009, 0.0038)","0.6392 (0.6308, 0.6458)","0.0000 (0.0000, 0.0000)",0.09666834485838337,0.2142243411524704,0.08439326597416923,0.20557334019348913,3.0521810657421363e-09,7.372191189561776e-08,0.001888591085751776,0.08444700140575798,6.47701359782373e-05,0.0020337822697166514,2.4337443963210453e-10,1.9104893511120205e-08,5.972999481549084e-09,1.6701960806794586e-07,0.0003462590754521918,0.02642940755446037,1.65395338372219e-05,0.00029364536031883834,,
Cora,GraphSAGE,label_smoothing,"{""alpha"": 0.1}",10,"0.8752 (0.8726, 0.8783)","0.8655 (0.8614, 0.8694)","0.7774 (0.7722, 0.7831)","0.0293 (0.0230, 0.0356)","0.1355 (0.1206, 0.1490)","0.4627 (0.4538, 0.4725)","0.7067 (0.6971, 0.7174)","0.0002 (0.0000, 0.0006)","0.6382 (0.6289, 0.6453)","0.0000 (0.0000, 0.0000)",0.8344639952091921,0.8840975413926385,0.7674484125101521,0.8253690474165786,6.413403595883569e-10,3.035663811251666e-08,0.0008487143131264694,0.06641189500214623,8.721986418883415e-05,0.002489730668663084,2.8154681682405712e-11,4.420285024137697e-09,3.434058703412092e-09,1.3309463901500207e-07,0.0004880740383164629,0.02642940755446037,1.683317352146207e-05,0.00029364536031883834,,
Cora,GraphSAGE,label_smoothing,"{""alpha"": 0.2}",10,"0.8771 (0.8736, 0.8806)","0.8670 (0.8625, 0.8717)","0.7795 (0.7725, 0.7877)","0.0353 (0.0288, 0.0431)","0.1432 (0.1269, 0.1573)","0.4630 (0.4499, 0.4776)","0.7010 (0.6897, 0.7124)","0.0000 (0.0000, 0.0000)","0.6337 (0.6251, 0.6417)","0.0000 (0.0000, 0.0000)",0.2047397274045608,0.3579805049711646,0.29728831446905474,0.46047374795478585,2.3294981209576087e-10,3.004458974380471e-08,8.386966419723025e-05,0.013125602446866533,2.9252094678890908e-06,0.00030617192430572483,5.777637147540315e-10,2.8111673947362784e-08,6.788024828178654e-09,1.6701960806794586e-07,0.0004449872757854194,0.02642940755446037,0.0013199902158190005,0.007401373710127967,,
Cora,GraphSAGE,none,{},10,"0.8749 (0.8702, 0.8790)","0.8650 (0.8594, 0.8701)","0.6477 (0.6371, 0.6577)","0.0133 (0.0112, 0.0153)","0.0725 (0.0658, 0.0812)","0.2977 (0.2885, 0.3067)","0.6449 (0.6352, 0.6558)","0.0169 (0.0122, 0.0236)","0.6187 (0.6106, 0.6263)","0.0000 (0.0000, 0.0000)",,,,,,,,,,,,,,,,,,,,
synthetic_high_dense,GCN,dropedge,"{""rate"": 0.1}",10,"1.0000 (1.0000, 1.0000)","1.0000 (1.0000, 1.0000)","0.5051 (0.4824, 0.5300)","0.0081 (0.0006, 0.0175)","0.0432 (0.0269, 0.0588)","0.0713 (0.0475, 0.0969)","0.5136 (0.4865, 0.5379)","0.0200 (0.0072, 0.0350)","0.4969 (0.4754, 0.5205)","0.0000 (0.0000, 0.0000)",,,,,0.17416332678173874,0.2441396634351159,1.0,1.0,0.8827231334972704,0.9518794261461908,0.5752100107412926,0.6473689726622434,0.7915211548251931,0.8482513399833128,0.7679796593553161,0.8918649093094486,0.5055366103561276,0.6400745792412261,,
synthetic_high_dense,GCN,dropedge,"{""rate"": 0.2}",10,"1.0000 (1.0000, 1.0000)","1.0000 (1.0000, 1.0000)","0.5014 (0.4783, 0.5250)","0.0075 (0.0006, 0.0175)","0.0413 (0.0243, 0.0600)","0.0657 (0.0394, 0.0938)","0.5155 (0.4897, 0.5382)","0.0174 (0.0061, 0.0286)","0.4992 (0.4800, 0.5203)","0.0000 (0.0000, 0.0000)",,,,,0.43602583909114173,0.5089669645896598,0.34343639613791355,0.6589208148677645,0.6443125517290251,0.8204395006877949,0.5733333021975066,0.6473689726622434,0.5526249873784698,0.659788007744637,0.49745513597472,0.745091900744398,0.5668725284421995,0.6819845744477036,,
synthetic_high_dense,GCN,dropedge,"{""rate"": 0.3}",10,"1.0000 (1.0000, 1.0000)","1.0000 (1.0000, 1.0000)","0.5018 (0.4789, 0.5243)","0.0088 (0.0025, 0.0181)","0.0438 (0.0288, 0.0594)","0.0670 (0.0407, 0.0988)","0.5168 (0.4919, 0.5387)","0.0162 (0.0066, 0.0266)","0.5018 (0.4871, 0.5187)","0.0000 (0.0000, 0.0000)",,,,,0.5614294610926489,0.6433899663616488,0.5950830453047757,0.8269077646235701,0.9972612377141583,0.9991355865245559,0.7655316926608418,0.8148371237135739,0.423168186736316,0.5422693260789413,0.3819280688849822,0.660461246193367,0.6896003140016632,0.7789010740882095,,
synthetic_high_dense,GCN,dropedge,"{""rate"": 0.5}",10,"1.0000 (1.0000, 1.0000)","1.0000 (1.0000, 1.0000)","0.4997 (0.4745, 0.5293)","0.0112 (0.0031, 0.0206)","0.0400 (0.0232, 0.0563)","0.0651 (0.0356, 0.1013)","0.5148 (0.4887, 0.5375)","0.0136 (0.0048, 0.0231)","0.5027 (0.4881, 0.5181)","0.0000 (0.0000, 0.0000)",,,,,0.5664015097023815,0.6443843262556079,0.1392380096839162,0.4540952038449213,0.4159392139802319,0.6984219956673413,0.7484570076745223,0.7993724503734694,0.8125826516871355,0.8649184834907138,0.22686213792638446,0.5392067390834658,0.7747943380361547,0.8389152487701813,,
synthetic_high_dense,GCN,edge_sparsification,"{""rate"": 0.05}",10,"1.0000 (1.0000, 1.0000)","1.0000 (1.0000, 1.0000)","0.5061 (0.4828, 0.5318)","0.0069 (0.0012, 0.0131)","0.0488 (0.0300, 0.0669)","0.0663 (0.0400, 0.0951)","0.5279 (0.5041, 0.5514)","0.0179 (0.0026, 0.0394)","0.5055 (0.4833, 0.5260)","0.0000 (0.0000, 0.0000)",,,,,0.30031583751908675,0.38950459694423945,0.5528707070579186,0.8032506566952995,0.503691259198596,0.7390610064876596,0.7286199669508082,0.7835159918580609,0.485341731633192,0.597636485226754,0.5979596938884202,0.8121608660130945,0.9523602849869526,0.9650368086148965,,
synthetic_high_dense,GCN,edge_sparsification,"{""rate"": 0.1}",10,"0.9995 (0.9985, 1.0000)","0.9995 (0.9985, 1.0000)","0.5157 (0.4958, 0.5355)","0.0088 (0.0031, 0.0156)","0.0563 (0.0363, 0.0769)","0.0801 (0.0613, 0.1013)","0.5147 (0.4903, 0.5382)","0.0140 (0.0025, 0.0284)","0.5183 (0.4957, 0.5376)","0.0000 (0.0000, 0.0000)",0.34343639613791355,0.5071470098409604,0.34343639613791355,0.5021559907908859,0.058832403086313656,0.09671923858168843,0.8732725356558775,0.9392931397260813,0.1037150467918121,0.31358884275037296,0.18207777319572338,0.24643284820455663,0.8827372343610712,0.9087852183258242,0.262241757815572,0.5700115985852364,0.29505485238861817,0.4390863680096024,,
synthetic_high_dense,GCN,edge_sparsification,"{""rate"": 0.2}",10,"0.9990 (0.9975, 1.0000)","0.9990 (0.9975, 1.0000)","0.5134 (0.4888, 0.5356)","0.0113 (0.0056, 0.0169)","0.0476 (0.0357, 0.0600)","0.0864 (0.0637, 0.1099)","0.5198 (0.4931, 0.5468)","0.0101 (0.0025, 0.0183)","0.5146 (0.4965, 0.5392)","0.0000 (0.0000, 0.0000)",0.16785065605707503,0.31063270763809336,0.1696665682180525,0.3099677688599036,0.42307296243119175,0.49652443313697664,0.4925055854758159,0.7707712412696519,0.6655324133169956,0.8204395006877949,0.20861755570956256,0.270685588813234,0.7491028021819854,0.8083102401551321,0.17389796953016756,0.45358387052452037,0.40119283434092895,0.545344372221003,,
synthetic_high_dense,GCN,edge_sparsification,"{""rate"": 0.3}",10,"0.9980 (0.9965, 0.9995)","0.9980 (0.9965, 0.9995)","0.5277 (0.5090, 0.5468)","0.0119 (0.0063, 0.0187)","0.0613 (0.0450, 0.0770)","0.0939 (0.0731, 0.1139)","0.5183 (0.4970, 0.5399)","0.0012 (0.0000, 0.0036)","0.5188 (0.4878, 0.5492)","0.0000 (0.0000, 0.0000)",0.03678749787978615,0.10380630589840646,0.03851383790420294,0.11087316972422058,0.03740669109300694,0.06489337570831039,0.39323180896935217,0.6914694168955462,0.09145888612950591,0.30094696867395604,0.05597575914475373,0.08615876652672878,0.6825377206008738,0.7493595953450153,0.055100301528128746,0.3399603377447811,0.388759637932535,0.5353970452228771,,
synthetic_high_dense,GCN,epsd_tuned,"{""lambda_epsd"": 0.01}",10,"1.0000 (1.0000, 1.0000)","1.0000 (1.0000, 1.0000)","0.5046 (0.4811, 0.5304)","0.0081 (0.0013, 0.0181)","0.0400 (0.0244, 0.0550)","0.0682 (0.0419, 0.0945)","0.5123 (0.4835, 0.5380)","0.0239 (0.0077, 0.0443)","0.5025 (0.4868, 0.5184)","0.0000 (0.0000, 0.0000)",,,,,0.010878823042623978,0.02095675113732472,,,0.02437928271222202,0.13476395407222527,0.8391476726258452,0.8724912887566735,0.11582287847099325,0.19344885021219083,0.41590652784709736,0.6924401234901142,0.7210813397691769,0.7997759431589619,,
synthetic_high_dense,GCN,epsd_tuned,"{""lambda_epsd"": 0.03}",10,"1.0000 (1.0000, 1.0000)","1.0000 (1.0000, 1.0000)","0.5046 (0.4822, 0.5302)","0.0075 (0.0006, 0.0169)","0.0419 (0.0269, 0.0581)","0.0713 (0.0445, 0.0950)","0.5123 (0.4831, 0.5366)","0.0239 (0.0085, 0.0442)","0.5032 (0.4879, 0.5186)","0.0000 (0.0000, 0.0000)",,,,,0.005956619448310218,0.012637692613306812,0.3434363961379138,0.6589208148677645,0.33897866932750154,0.6445877965216733,0.5746427619906627,0.6473689726622434,0.13994409117088857,0.22268067310979783,0.41590652784709736,0.6924401234901142,0.7613471535349656,0.831480535914888,,
synthetic_high_dense,GCN,epsd_tuned,"{""lambda_epsd"": 0.1}",10,"1.0000 (1.0000, 1.0000)","1.0000 (1.0000, 1.0000)","0.5053 (0.4826, 0.5300)","0.0081 (0.0006, 0.0200)","0.0432 (0.0256, 0.0594)","0.0732 (0.0500, 0.0981)","0.5333 (0.5121, 0.5513)","0.0238 (0.0077, 0.0416)","0.5025 (0.4881, 0.5177)","0.0000 (0.0000, 0.0000)",,,,,0.004187107943941638,0.009130221488872738,0.9916707355473159,1.0,0.7766333511851672,0.8903110381890156,0.2853058444542332,0.36123401273640815,0.2960656161767863,0.418759475132932,0.34343639613791355,0.6396723883537412,0.7008556770169898,0.7887766400836373,,
synthetic_high_dense,GCN,epsd_tuned,"{""lambda_epsd"": 0.3}",10,"1.0000 (1.0000, 1.0000)","1.0000 (1.0000, 1.0000)","0.5066 (0.4858, 0.5314)","0.0056 (0.0006, 0.0119)","0.0475 (0.0307, 0.0644)","0.0763 (0.0537, 0.0994)","0.5307 (0.5108, 0.5504)","0.0237 (0.0071, 0.0440)","0.5041 (0.4887, 0.5202)","0.0000 (0.0000, 0.0000)",,,,,0.00877648974865227,0.017441884690359576,0.2236799314137933,0.6035501597630802,0.11201625891858594,0.314045583039607,0.051045927623117576,0.0801421063682946,0.3520314185045498,0.4785188978806434,0.336781149724271,0.6396723883537412,0.8315801954432054,0.8823308029863234,,
synthetic_high_dense,GCN,epsd_tuned,"{""lambda_epsd"": 1.0}",10,"1.0000 (1.0000, 1.0000)","1.0000 (1.0000, 1.0000)","0.5079 (0.4854, 0.5319)","0.0063 (0.0019, 0.0113)","0.0581 (0.0350, 0.0881)","0.0794 (0.0507, 0.1087)","0.5272 (0.5073, 0.5466)","0.0264 (0.0073, 0.0520)","0.5014 (0.4852, 0.5172)","0.0000 (0.0000, 0.0000)",,,,,0.12380752849738579,0.18251438473323536,0.6855681973005527,0.8507560694818891,0.06956494904584738,0.2568823622887704,0.31138718381562536,0.3849432114886077,0.46024042093682316,0.5706077739789641,0.4280378570663878,0.6977908815717676,0.6220274533473034,0.7315229226631208,,
synthetic_high_dense,GCN,epsd_tuned,"{""lambda_epsd"": 10.0}",10,"1.0000 (1.0000, 1.0000)","1.0000 (1.0000, 1.0000)","0.5062 (0.4859, 0.5281)","0.0075 (0.0031, 0.0131)","0.0657 (0.0425, 0.0875)","0.0663 (0.0426, 0.0913)","0.5256 (0.5047, 0.5437)","0.0202 (0.0075, 0.0385)","0.5016 (0.4792, 0.5206)","0.0000 (0.0000, 0.0000)",,,,,0.36175132210086725,0.4385711009253757,0.9065784312531049,0.9572117485424074,0.01508041868734007,0.09781097858327233,0.6959781271969283,0.7535763170339155,0.5849492163420108,0.6851045811051832,0.8784738737102009,0.9435343302768944,0.686955346556299,0.7787147249771764,,
synthetic_high_dense,GCN,epsd_tuned,"{""lambda_epsd"": 3.0}",10,"1.0000 (1.0000, 1.0000)","1.0000 (1.0000, 1.0000)","0.5078 (0.4855, 0.5318)","0.0081 (0.0038, 0.0138)","0.0632 (0.0413, 0.0863)","0.0726 (0.0432, 0.1007)","0.5215 (0.5006, 0.5400)","0.0263 (0.0100, 0.0446)","0.5003 (0.4818, 0.5148)","0.0000 (0.0000, 0.0000)",,,,,0.15579174820559955,0.22337264354592812,0.998424052646998,1.0,0.010334445779453583,0.07546548778484709,0.6098668462389019,0.6752794724215968,0.6576250514385837,0.7348550396858196,0.37853791954987354,0.6582353823283912,0.5956367064369208,0.7111404023619511,,
synthetic_high_dense,GCN,label_smoothing,"{""alpha"": 0.01}",10,"1.0000 (1.0000, 1.0000)","1.0000 (1.0000, 1.0000)","0.5033 (0.4812, 0.5275)","0.0119 (0.0069, 0.0181)","0.0638 (0.0419, 0.0894)","0.0676 (0.0476, 0.0907)","0.5206 (0.4896, 0.5438)","0.0182 (0.0036, 0.0421)","0.4997 (0.4814, 0.5182)","0.0000 (0.0000, 0.0000)",,,,,0.9965854628366113,0.9965854628366112,0.4687299229346039,0.7485329891761787,0.04385522397574132,0.20250794600562902,0.8661380401436074,0.891696211819976,0.3823115593889572,0.5065224879668041,0.7528250042014577,0.8891366785955198,0.22365375826016723,0.35290090499342974,,
synthetic_high_dense,GCN,label_smoothing,"{""alpha"": 0.05}",10,"1.0000 (1.0000, 1.0000)","1.0000 (1.0000, 1.0000)","0.5013 (0.4830, 0.5217)","0.0025 (0.0006, 0.0044)","0.0431 (0.0294, 0.0575)","0.0695 (0.0494, 0.0907)","0.5223 (0.4917, 0.5448)","0.0100 (0.0000, 0.0222)","0.5074 (0.4911, 0.5263)","0.0000 (0.0000, 0.0000)",,,,,0.8234126021145848,0.8589752726378059,0.271461277150462,0.6054981460200438,0.9524867303035484,0.9805928961157842,0.938388965619073,0.9444042795012465,0.4295750820636432,0.5438974829354193,0.039792701457230434,0.3399603377447811,0.8465378337924453,0.8919895295665363,,
synthetic_high_dense,GCN,label_smoothing,"{""alpha"": 0.1}",10,"1.0000 (1.0000, 1.0000)","1.0000 (1.0000, 1.0000)","0.5035 (0.4850, 0.5216)","0.0025 (0.0006, 0.0044)","0.0375 (0.0251, 0.0494)","0.0707 (0.0507, 0.0901)","0.5235 (0.4926, 0.5457)","0.0127 (0.0014, 0.0270)","0.5159 (0.4983, 0.5312)","0.0000 (0.0000, 0.0000)",,,,,0.9740746670792662,0.9866433724609341,0.271461277150462,0.6054981460200438,0.4361171422534452,0.7147780715318727,0.7328603717018597,0.785386200390389,0.30596637232746926,0.4288992897804703,0.11625494334534645,0.3790395548655567,0.02828685841736917,0.07665121998329669,,
synthetic_high_dense,GCN,label_smoothing,"{""alpha"": 0.2}",10,"1.0000 (1.0000, 1.0000)","1.0000 (1.0000, 1.0000)","0.5134 (0.4939, 0.5324)","0.0069 (0.0038, 0.0106)","0.0444 (0.0313, 0.0606)","0.0870 (0.0644, 0.1113)","0.5225 (0.4884, 0.5475)","0.0127 (0.0000, 0.0302)","0.5174 (0.5034, 0.5331)","0.0000 (0.0000, 0.0000)",,,,,0.24940099361123827,0.33933151782739024,0.7772218563143919,0.8943766214206054,0.951488413344667,0.9805928961157842,0.005896643266600607,0.012181223590214412,0.35733264748545424,0.4793192538012697,0.08653220337176973,0.34427155675539634,0.09742116395509923,0.18882867581420468,,
synthetic_high_dense,GCN,none,{},10,"1.0000 (1.0000, 1.0000)","1.0000 (1.0000, 1.0000)","0.5033 (0.4803, 0.5297)","0.0081 (0.0013, 0.0175)","0.0438 (0.0282, 0.0600)","0.0688 (0.0464, 0.0920)","0.5139 (0.4853, 0.5390)","0.0212 (0.0052, 0.0404)","0.5061 (0.4902, 0.5200)","0.0000 (0.0000, 0.0000)",,,,,,,,,,,,,,,,,,,,
synthetic_high_dense,GraphSAGE,dropedge,"{""rate"": 0.1}",10,"1.0000 (1.0000, 1.0000)","1.0000 (1.0000, 1.0000)","0.6149 (0.5871, 0.6376)","0.0150 (0.0082, 0.0219)","0.0876 (0.0725, 0.1040)","0.2128 (0.1775, 0.2475)","0.6300 (0.6058, 0.6552)","0.0095 (0.0013, 0.0187)","0.5672 (0.5494, 0.5820)","0.0000 (0.0000, 0.0000)",,,,,0.34785425853184443,0.42500481392606676,0.3464955070980437,0.6589208148677645,0.6227796487937127,0.8114224469760407,0.031565964463725,0.05176437648066406,0.2175319126237095,0.3176977700643943,0.09206457643929203,0.35141722470120007,0.7626318291193876,0.831480535914888,,
synthetic_high_dense,GraphSAGE,dropedge,"{""rate"": 0.2}",10,"1.0000 (1.0000, 1.0000)","1.0000 (1.0000, 1.0000)","0.6123 (0.5841, 0.6355)","0.0144 (0.0081, 0.0219)","0.0895 (0.0764, 0.1031)","0.2066 (0.1722, 0.2397)","0.6256 (0.6027, 0.6502)","0.0084 (0.0012, 0.0166)","0.5652 (0.5514, 0.5777)","0.0000 (0.0000, 0.0000)",,,,,0.8909723006778991,0.9177626102041491,0.3638965176536964,0.6699977060329823,0.3607835532610515,0.6532566982934795,0.19862957994253364,0.2609610380834961,0.6399547581193412,0.7235803954783908,0.08799273016112368,0.34427155675539634,0.87646491506632,0.9112913355325313,,
synthetic_high_dense,GraphSAGE,dropedge,"{""rate"": 0.3}",10,"1.0000 (1.0000, 1.0000)","1.0000 (1.0000, 1.0000)","0.6129 (0.5895, 0.6380)","0.0169 (0.0107, 0.0244)","0.0801 (0.0625, 0.0988)","0.2147 (0.1756, 0.2483)","0.6197 (0.5971, 0.6461)","0.0170 (0.0064, 0.0277)","0.5685 (0.5548, 0.5815)","0.0000 (0.0000, 0.0000)",,,,,0.7519871149601465,0.8142205313706414,0.8392674678505089,0.9299199753088317,0.6539413278679194,0.8204395006877949,0.04420940233400633,0.06975754941144718,0.6154884705953222,0.7055646159343091,0.8359629754065745,0.931161606057857,0.6655439112040296,0.7654973923738655,,
synthetic_high_dense,GraphSAGE,dropedge,"{""rate"": 0.5}",10,"1.0000 (1.0000, 1.0000)","1.0000 (1.0000, 1.0000)","0.6243 (0.6022, 0.6439)","0.0225 (0.0151, 0.0300)","0.0826 (0.0646, 0.0999)","0.2353 (0.2031, 0.2650)","0.6335 (0.6114, 0.6608)","0.0158 (0.0064, 0.0276)","0.5744 (0.5615, 0.5905)","0.0069 (0.0013, 0.0125)",,,,,0.04764920574656139,0.08044005701301224,0.15303609007795932,0.47900296194401265,0.88234948215043,0.9518794261461908,0.0003686613449611846,0.0010068316295947961,0.2222398993587069,0.3230709648084906,0.6441423321594881,0.8361509801042255,0.3309777798560062,0.4789263726948661,0.048080825076292924,0.688392717747149
synthetic_high_dense,GraphSAGE,edge_sparsification,"{""rate"": 0.05}",10,"1.0000 (1.0000, 1.0000)","1.0000 (1.0000, 1.0000)","0.6113 (0.5852, 0.6367)","0.0213 (0.0137, 0.0294)","0.0964 (0.0800, 0.1102)","0.2072 (0.1737, 0.2411)","0.6161 (0.5890, 0.6437)","0.0187 (0.0072, 0.0312)","0.5539 (0.5297, 0.5805)","0.0019 (0.0000, 0.0056)",,,,,0.8074316463829021,0.8521603513294269,0.31491629460809717,0.6589208148677645,0.12024984405974024,0.32833435682398643,0.4441791374125948,0.5222103138354824,0.10767719119072737,0.18375346757548042,0.9160630482084758,0.9621736043263521,0.37958855497666,0.527392948064917,0.3434363961379137,0.8522161625522906
synthetic_high_dense,GraphSAGE,edge_sparsification,"{""rate"": 0.1}",10,"1.0000 (1.0000, 1.0000)","1.0000 (1.0000, 1.0000)","0.6132 (0.5874, 0.6375)","0.0219 (0.0125, 0.0319)","0.0883 (0.0725, 0.1067)","0.2010 (0.1669, 0.2364)","0.6190 (0.5916, 0.6473)","0.0160 (0.0063, 0.0271)","0.5501 (0.5241, 0.5768)","0.0025 (0.0000, 0.0075)",,,,,0.5650402909318467,0.6443843262556079,0.3549420011936222,0.6674329956503458,0.6403035046280371,0.8204395006877949,0.852973029117049,0.8817374740473017,0.2339720780202287,0.3354668150609672,0.7316515856330426,0.8891366785955198,0.22005278135810455,0.35074402713931385,0.34343639613791355,0.8522161625522906
synthetic_high_dense,GraphSAGE,edge_sparsification,"{""rate"": 0.2}",10,"0.9990 (0.9975, 1.0000)","0.9990 (0.9976, 1.0000)","0.6153 (0.5903, 0.6394)","0.0213 (0.0119, 0.0326)","0.0945 (0.0720, 0.1208)","0.2078 (0.1719, 0.2373)","0.6194 (0.5954, 0.6457)","0.0174 (0.0040, 0.0341)","0.5497 (0.5256, 0.5719)","0.0013 (0.0000, 0.0038)",0.16785065605707503,0.31063270763809336,0.16845829453783606,0.3097458964082792,0.11956406787732722,0.17883532353784368,0.4328175604643859,0.7270267101872337,0.46356956998939985,0.734172782254382,0.1651105279780399,0.22639609513146083,0.3553555461734015,0.4793192538012697,0.9359072525657891,0.9797289968330835,0.08739490521859543,0.17547156473339354,0.34343639613791355,0.8522161625522906
synthetic_high_dense,GraphSAGE,edge_sparsification,"{""rate"": 0.3}",10,"0.9985 (0.9970, 1.0000)","0.9985 (0.9971, 1.0000)","0.6119 (0.5896, 0.6348)","0.0207 (0.0138, 0.0288)","0.0870 (0.0665, 0.1106)","0.2003 (0.1691, 0.2322)","0.6173 (0.5911, 0.6452)","0.0196 (0.0091, 0.0310)","0.5511 (0.5337, 0.5678)","0.0025 (0.0000, 0.0076)",0.08112618884584054,0.18951609689397175,0.0815553883996442,0.20037315253360857,0.9888622984914122,0.992021602959436,0.300136680749764,0.642830991191058,0.8093094952069632,0.9075827910535229,0.9342697266343684,0.9434672986131067,0.42506604491701855,0.5422693260789413,0.7510445832596474,0.8891366785955198,0.08467287150701902,0.17166217966530972,0.34343639613791355,0.8522161625522906
synthetic_high_dense,GraphSAGE,epsd_tuned,"{""lambda_epsd"": 0.01}",10,"1.0000 (1.0000, 1.0000)","1.0000 (1.0000, 1.0000)","0.6117 (0.5863, 0.6353)","0.0207 (0.0132, 0.0281)","0.0851 (0.0732, 0.0945)","0.2028 (0.1688, 0.2369)","0.6220 (0.5976, 0.6482)","0.0170 (0.0053, 0.0323)","0.5413 (0.5266, 0.5580)","0.0000 (0.0000, 0.0000)",,,,,0.9377114524951781,0.9590924953859477,0.3791593343372967,0.6818226842108595,0.8616527920603728,0.9493297428314283,0.5887967361409708,0.6579436838016542,0.8255483000672745,0.875750561557852,0.8351153799148257,0.931161606057857,0.008648367887742295,0.028585131755274534,,
synthetic_high_dense,GraphSAGE,epsd_tuned,"{""lambda_epsd"": 0.03}",10,"1.0000 (1.0000, 1.0000)","1.0000 (1.0000, 1.0000)","0.6093 (0.5857, 0.6347)","0.0188 (0.0113, 0.0269)","0.0989 (0.0813, 0.1175)","0.2028 (0.1662, 0.2390)","0.6194 (0.5933, 0.6451)","0.0156 (0.0037, 0.0321)","0.5363 (0.5209, 0.5560)","0.0000 (0.0000, 0.0000)",,,,,0.3897058526030336,0.4694086869513087,0.7413423539752406,0.8756232331858502,0.1736851695394599,0.44137990561181156,0.6880162861640873,0.7475332659360672,0.3687649087056613,0.4906448361592273,0.6617871077830119,0.8361509801042255,0.0017639716012512999,0.008654485668639189,,
synthetic_high_dense,GraphSAGE,epsd_tuned,"{""lambda_epsd"": 0.1}",10,"1.0000 (1.0000, 1.0000)","1.0000 (1.0000, 1.0000)","0.6026 (0.5751, 0.6294)","0.0200 (0.0126, 0.0281)","0.1008 (0.0856, 0.1175)","0.1853 (0.1512, 0.2233)","0.6125 (0.5848, 0.6376)","0.0132 (0.0036, 0.0249)","0.5355 (0.5184, 0.5562)","0.0000 (0.0000, 0.0000)",,,,,0.03318185856986313,0.05820728263093309,0.44364888704716177,0.7270267101872337,0.10612849365745633,0.31358884275037296,0.07105314819420118,0.10474501658675667,0.03132573455429947,0.06305308109006431,0.30965051558923196,0.6376356011804579,0.006216467372675333,0.022436445460000627,,
synthetic_high_dense,GraphSAGE,epsd_tuned,"{""lambda_epsd"": 0.3}",10,"1.0000 (1.0000, 1.0000)","1.0000 (1.0000, 1.0000)","0.5918 (0.5641, 0.6171)","0.0175 (0.0107, 0.0250)","0.0908 (0.0725, 0.1099)","0.1740 (0.1388, 0.2090)","0.6023 (0.5788, 0.6242)","0.0134 (0.0036, 0.0246)","0.5382 (0.5196, 0.5573)","0.0000 (0.0000, 0.0000)",,,,,0.0013052090181855604,0.0030814709151147815,0.9977750895138208,1.0,0.5546801639683718,0.7605658143496452,0.010072652122271462,0.01887954905821994,0.0031728974642074703,0.008502689970182454,0.36174643147416796,0.6544892083896796,0.01244684823589765,0.03869614204031546,,
synthetic_high_dense,GraphSAGE,epsd_tuned,"{""lambda_epsd"": 1.0}",10,"1.0000 (1.0000, 1.0000)","1.0000 (1.0000, 1.0000)","0.5745 (0.5482, 0.6018)","0.0176 (0.0069, 0.0315)","0.0789 (0.0656, 0.0911)","0.1577 (0.1215, 0.1931)","0.5837 (0.5607, 0.6072)","0.0144 (0.0014, 0.0366)","0.5302 (0.5058, 0.5534)","0.0000 (0.0000, 0.0000)",,,,,3.35694356677688e-05,0.00013869477367999214,0.9951882481343551,1.0,0.45946950495241573,0.734172782254382,4.6641538066618085e-05,0.0001702958482897451,0.00039525710356106916,0.001394502590091862,0.661714299644899,0.8361509801042255,0.0010227186604148313,0.006092242207534381,,
synthetic_high_dense,GraphSAGE,epsd_tuned,"{""lambda_epsd"": 10.0}",10,"1.0000 (1.0000, 1.0000)","1.0000 (1.0000, 1.0000)","0.5335 (0.5139, 0.5528)","0.0119 (0.0075, 0.0163)","0.0732 (0.0556, 0.0887)","0.1065 (0.0800, 0.1283)","0.5297 (0.5004, 0.5591)","0.0145 (0.0073, 0.0236)","0.5126 (0.4997, 0.5248)","0.0000 (0.0000, 0.0000)",,,,,9.85313042806127e-08,1.1458825757078662e-06,0.3401289542567144,0.6589208148677645,0.08900577257468299,0.30051411385430604,2.1487638637657923e-06,1.2975227946585746e-05,4.8512147453524575e-05,0.00023801272344385494,0.6216864083255603,0.8210457628940944,0.001184744444616817,0.006889069548327417,,
synthetic_high_dense,GraphSAGE,epsd_tuned,"{""lambda_epsd"": 3.0}",10,"0.9995 (0.9985, 1.0000)","0.9996 (0.9987, 1.0000)","0.5508 (0.5254, 0.5745)","0.0175 (0.0094, 0.0271)","0.0713 (0.0570, 0.0881)","0.1221 (0.0895, 0.1544)","0.5534 (0.5186, 0.5810)","0.0146 (0.0038, 0.0280)","0.5169 (0.5006, 0.5338)","0.0000 (0.0000, 0.0000)",0.34343639613791355,0.5071470098409604,0.3434363961379132,0.5021559907908859,5.0405776118983436e-08,6.087466808215693e-07,0.9988472080705825,1.0,0.19612233604541157,0.4773830505291413,2.4995639288430157e-06,1.4015412029584053e-05,2.000638702047827e-05,0.00011775843450601849,0.5873070918373532,0.8062592971275945,0.00041765560663716033,0.003049857220559729,,
synthetic_high_dense,GraphSAGE,label_smoothing,"{""alpha"": 0.01}",10,"0.9995 (0.9985, 1.0000)","0.9995 (0.9985, 1.0000)","0.6390 (0.6111, 0.6673)","0.0244 (0.0156, 0.0346)","0.0826 (0.0656, 0.1006)","0.2566 (0.2151, 0.2937)","0.6470 (0.6182, 0.6752)","0.0151 (0.0063, 0.0247)","0.5734 (0.5466, 0.5998)","0.0000 (0.0000, 0.0000)",0.34343639613791355,0.5071470098409604,0.3434363961379132,0.5021559907908859,0.0014884412738974725,0.0034878400000284055,0.2705420633959556,0.6054981460200438,0.8851872370531457,0.9518794261461908,0.00027957325637762266,0.0008204299299305936,0.012370694483563795,0.02774570048456451,0.7064381204250698,0.8705320145395545,0.09084701873216276,0.18054407520189308,,
synthetic_high_dense,GraphSAGE,label_smoothing,"{""alpha"": 0.05}",10,"1.0000 (1.0000, 1.0000)","1.0000 (1.0000, 1.0000)","0.6536 (0.6238, 0.6847)","0.0131 (0.0044, 0.0256)","0.0657 (0.0413, 0.0945)","0.2997 (0.2600, 0.3403)","0.6401 (0.6065, 0.6736)","0.0037 (0.0000, 0.0086)","0.5766 (0.5529, 0.5973)","0.0000 (0.0000, 0.0000)",,,,,0.01448334635829338,0.027070064026810246,0.6194842187062127,0.8325450100883367,0.33295767634915835,0.6445877965216733,0.00037956768934526683,0.0010274504694346017,0.11071651149191719,0.18590900860140108,0.03693925152668032,0.3399603377447811,0.08773578236669677,0.17547156473339354,,
synthetic_high_dense,GraphSAGE,label_smoothing,"{""alpha"": 0.1}",10,"0.9995 (0.9985, 1.0000)","0.9995 (0.9985, 1.0000)","0.6811 (0.6651, 0.6976)","0.0225 (0.0107, 0.0382)","0.0757 (0.0551, 0.1000)","0.3305 (0.3067, 0.3513)","0.6268 (0.5977, 0.6552)","0.0027 (0.0000, 0.0065)","0.5709 (0.5515, 0.5928)","0.0000 (0.0000, 0.0000)",0.34343639613791355,0.5071470098409604,0.3434363961379132,0.5021559907908859,0.00014595762756291816,0.00046293631368440706,0.6600859662816551,0.8448845768337475,0.6394508496160841,0.8204395006877949,8.186908050939946e-06,3.836849444768871e-05,0.6653708125392538,0.7368047293733017,0.08097938176915549,0.34427155675539634,0.5240479855272427,0.6555819420540009,,
synthetic_high_dense,GraphSAGE,label_smoothing,"{""alpha"": 0.2}",10,"0.9995 (0.9985, 1.0000)","0.9995 (0.9985, 1.0000)","0.7045 (0.6875, 0.7188)","0.0288 (0.0169, 0.0419)","0.1126 (0.0839, 0.1395)","0.3492 (0.3242, 0.3698)","0.6147 (0.5853, 0.6465)","0.0000 (0.0000, 0.0000)","0.5638 (0.5391, 0.5867)","0.0000 (0.0000, 0.0000)",0.34343639613791355,0.5071470098409604,0.3434363961379132,0.5021559907908859,0.0002912349189837034,0.0008621576732776206,0.26042039178038623,0.6054981460200438,0.10883613568652813,0.31358884275037296,8.670743444544072e-05,0.00029918829028426796,0.46157444137151876,0.5706077739789641,0.027900291764833163,0.3399603377447811,0.9748166590202569,0.977931089240769,,
synthetic_high_dense,GraphSAGE,none,{},10,"1.0000 (1.0000, 1.0000)","1.0000 (1.0000, 1.0000)","0.6119 (0.5862, 0.6362)","0.0175 (0.0082, 0.0257)","0.0839 (0.0740, 0.0950)","0.1997 (0.1678, 0.2287)","0.6227 (0.5981, 0.6491)","0.0180 (0.0058, 0.0311)","0.5634 (0.5427, 0.5838)","0.0000 (0.0000, 0.0000)",,,,,,,,,,,,,,,,,,,,
synthetic_high_medium,GCN,dp_sgd,"{""noise_multiplier"": 0.5}",10,"0.9820 (0.9765, 0.9880)","0.9820 (0.9764, 0.9875)","0.5178 (0.4987, 0.5407)","0.0050 (0.0013, 0.0106)","0.0650 (0.0494, 0.0794)","0.0956 (0.0657, 0.1294)","0.5260 (0.4968, 0.5560)","0.0156 (0.0049, 0.0318)","0.5190 (0.4949, 0.5422)","0.0000 (0.0000, 0.0000)",0.132302960933977,0.26004375080126513,0.1255876996085233,0.2556606742030653,0.0074822713252054324,0.015060469205862218,0.015643759725582036,0.1579515094873283,0.6818770792258859,0.8204395006877949,0.18918427665406246,0.2506492104193064,0.8563775084339772,0.8963417921608962,0.3395619580057143,0.6396723883537412,0.13277812216032436,0.2396110940134589,,
synthetic_high_medium,GCN,dp_sgd,"{""noise_multiplier"": 1.0}",10,"0.9820 (0.9765, 0.9875)","0.9820 (0.9764, 0.9876)","0.5178 (0.4995, 0.5402)","0.0050 (0.0006, 0.0100)","0.0650 (0.0487, 0.0800)","0.0956 (0.0638, 0.1325)","0.5260 (0.4935, 0.5549)","0.0156 (0.0048, 0.0323)","0.5190 (0.4954, 0.5430)","0.0000 (0.0000, 0.0000)",0.132302960933977,0.26004375080126513,0.1255876996085233,0.2556606742030653,0.0074822713252054324,0.015060469205862218,0.015643759725582036,0.1579515094873283,0.6818770792258859,0.8204395006877949,0.18918427665406246,0.2506492104193064,0.8563775084339772,0.8963417921608962,0.3395619580057143,0.6396723883537412,0.13277812216032436,0.2396110940134589,,
synthetic_high_medium,GCN,dp_sgd,"{""noise_multiplier"": 2.0}",10,"0.9820 (0.9770, 0.9875)","0.9820 (0.9765, 0.9878)","0.5178 (0.4992, 0.5389)","0.0050 (0.0006, 0.0100)","0.0650 (0.0506, 0.0800)","0.0956 (0.0644, 0.1307)","0.5260 (0.4925, 0.5563)","0.0156 (0.0050, 0.0322)","0.5190 (0.4936, 0.5423)","0.0000 (0.0000, 0.0000)",0.132302960933977,0.26004375080126513,0.1255876996085233,0.2556606742030653,0.0074822713252054324,0.015060469205862218,0.015643759725582036,0.1579515094873283,0.6818770792258859,0.8204395006877949,0.18918427665406246,0.2506492104193064,0.8563775084339772,0.8963417921608962,0.3395619580057143,0.6396723883537412,0.13277812216032436,0.2396110940134589,,
synthetic_high_medium,GCN,dropedge,"{""rate"": 0.1}",10,"0.9785 (0.9720, 0.9850)","0.9782 (0.9718, 0.9847)","0.5358 (0.5164, 0.5580)","0.0138 (0.0069, 0.0206)","0.0669 (0.0500, 0.0844)","0.1213 (0.0944, 0.1525)","0.5315 (0.5020, 0.5623)","0.0051 (0.0000, 0.0115)","0.5381 (0.5164, 0.5632)","0.0000 (0.0000, 0.0000)",1.0,1.0,0.976137594955734,0.9817362520339274,0.010413982414359516,0.02031049986403036,0.23727913766305142,0.6054981460200438,0.7705373440176939,0.8903110381890156,0.013209271733074995,0.023837421403365217,0.07458611260854509,0.1330684054493361,0.1680144893896291,0.4533494411978785,0.6841884998966403,0.7783883658244386,,
synthetic_high_medium,GCN,dropedge,"{""rate"": 0.2}",10,"0.9775 (0.9710, 0.9840)","0.9772 (0.9704, 0.9841)","0.5443 (0.5251, 0.5657)","0.0137 (0.0069, 0.0212)","0.0688 (0.0525, 0.0856)","0.1225 (0.0963, 0.1550)","0.5381 (0.5088, 0.5720)","0.0066 (0.0012, 0.0149)","0.5390 (0.5190, 0.5639)","0.0000 (0.0000, 0.0000)",0.5910512317836047,0.6989610002420222,0.5487071256100619,0.6761446654576472,0.0024720596375203433,0.005624831349140491,0.30395842394976547,0.642830991191058,0.9988094686698916,0.9991355865245559,0.024114661204690857,0.04127384082652261,0.001549837428177341,0.004506008818960046,0.27579919264236236,0.587245899979996,0.651370731111404,0.7547247585571248,,
synthetic_high_medium,GCN,dropedge,"{""rate"": 0.3}",10,"0.9765 (0.9710, 0.9825)","0.9760 (0.9701, 0.9820)","0.5486 (0.5288, 0.5703)","0.0144 (0.0081, 0.0206)","0.0606 (0.0456, 0.0775)","0.1287 (0.1019, 0.1594)","0.5406 (0.5097, 0.5738)","0.0064 (0.0024, 0.0128)","0.5481 (0.5242, 0.5720)","0.0000 (0.0000, 0.0000)",0.4225716281341963,0.5734900667535521,0.3637944417959227,0.5210121402604923,6.816452750384825e-05,0.00024887978646753896,0.2352072642215539,0.6054981460200438,0.19004723502201007,0.46988056533000916,0.008933853001122682,0.017423787840698896,0.00039281817006911864,0.001394502590091862,0.3326704032999323,0.6396723883537412,0.22364822811346155,0.35290090499342974,,
synthetic_high_medium,GCN,dropedge,"{""rate"": 0.5}",10,"0.9755 (0.9690, 0.9825)","0.9751 (0.9679, 0.9822)","0.5585 (0.5385, 0.5831)","0.0181 (0.0081, 0.0294)","0.0687 (0.0544, 0.0844)","0.1319 (0.1050, 0.1681)","0.5481 (0.5173, 0.5800)","0.0150 (0.0059, 0.0269)","0.5458 (0.5230, 0.5722)","0.0000 (0.0000, 0.0000)",0.21719492230471596,0.3751548657990549,0.2128575340066644,0.363259863424547,7.890894290644586e-05,0.0002783978435126292,0.7872291683024968,0.9025741013871117,0.9991078709267329,0.9991355865245559,0.02405879506835745,0.04127384082652261,0.00023463195287064186,0.0009445440154023275,0.439191795074714,0.7017024406126953,0.3008330586660449,0.4455734925525382,,
synthetic_high_medium,GCN,edge_sparsification,"{""rate"": 0.05}",10,"0.9800 (0.9720, 0.9870)","0.9797 (0.9723, 0.9872)","0.5394 (0.5204, 0.5644)","0.0131 (0.0038, 0.0244)","0.0738 (0.0569, 0.0925)","0.1194 (0.0956, 0.1451)","0.5273 (0.4940, 0.5581)","0.0079 (0.0000, 0.0200)","0.5435 (0.5143, 0.5740)","0.0000 (0.0000, 0.0000)",0.2788729992489172,0.454164598776808,0.30609286858884144,0.47154847323145843,0.0010317475207676707,0.0025113854381476636,0.41420235314206205,0.7242756230919856,0.39461697620557745,0.6734224485247354,0.059605006150959504,0.09085423267670527,0.9894284220026751,0.9907936571576648,0.3434363961379132,0.6396723883537412,0.4509619216261782,0.5949665688681511,,
synthetic_high_medium,GCN,edge_sparsification,"{""rate"": 0.1}",10,"0.9760 (0.9655, 0.9840)","0.9757 (0.9654, 0.9840)","0.5408 (0.5223, 0.5635)","0.0131 (0.0056, 0.0206)","0.0837 (0.0650, 0.1062)","0.1256 (0.1031, 0.1506)","0.5302 (0.4938, 0.5660)","0.0090 (0.0024, 0.0183)","0.5408 (0.5177, 0.5630)","0.0000 (0.0000, 0.0000)",0.46415789574706257,0.6106346232653427,0.4784311649656653,0.6142021712397054,0.0011498587184133786,0.002777351058321545,0.26481470284659403,0.6054981460200438,0.13209528439217952,0.35150779067071497,0.03865305533593032,0.06129827967415211,0.6457193757319092,0.7267235984939766,0.543713400562582,0.7700556306610323,0.5596012984649292,0.6758261835307222,,
synthetic_high_medium,GCN,edge_sparsification,"{""rate"": 0.2}",10,"0.9710 (0.9580, 0.9805)","0.9708 (0.9577, 0.9815)","0.5563 (0.5314, 0.5818)","0.0181 (0.0088, 0.0312)","0.0831 (0.0613, 0.1087)","0.1363 (0.1150, 0.1638)","0.5383 (0.5009, 0.5754)","0.0138 (0.0078, 0.0191)","0.5478 (0.5283, 0.5666)","0.0000 (0.0000, 0.0000)",0.1290054698482852,0.2589194289208541,0.14883181581236649,0.28278045004349633,0.00031381110064255407,0.0009040062899244218,0.6989183546885045,0.857888019676478,0.20238537111699736,0.48510692008196316,0.009518295199998533,0.01822405300487524,0.17675393491879685,0.26364502679824864,0.5713185999649554,0.79831572227246,0.28756746004313527,0.4299818212073546,,
synthetic_high_medium,GCN,edge_sparsification,"{""rate"": 0.3}",10,"0.9585 (0.9430, 0.9720)","0.9583 (0.9419, 0.9731)","0.5641 (0.5414, 0.5860)","0.0181 (0.0100, 0.0275)","0.0788 (0.0600, 0.0994)","0.1500 (0.1287, 0.1781)","0.5537 (0.5283, 0.5827)","0.0151 (0.0062, 0.0257)","0.5419 (0.5311, 0.5526)","0.0006 (0.0000, 0.0019)",0.01275562147528479,0.0484713616060822,0.016219157310232345,0.05851214979007871,0.004246371153197552,0.009195589945545046,0.8161139460744331,0.9188621047528689,0.43706175074560366,0.7147780715318727,0.002858083871484234,0.006105022691469724,0.003662128553022977,0.009199266925193718,0.4139638878445069,0.6924401234901142,0.5125320918901072,0.6437403074139746,0.34343639613791355,0.8522161625522906
synthetic_high_medium,GCN,epsd_tuned,"{""lambda_epsd"": 0.01}",10,"0.9780 (0.9695, 0.9860)","0.9778 (0.9694, 0.9867)","0.5303 (0.5119, 0.5533)","0.0169 (0.0075, 0.0275)","0.0706 (0.0525, 0.0900)","0.1069 (0.0838, 0.1344)","0.5287 (0.5019, 0.5565)","0.0078 (0.0012, 0.0161)","0.5346 (0.5161, 0.5542)","0.0000 (0.0000, 0.0000)",0.5910512317836047,0.6989610002420222,0.5504054820567513,0.6761446654576472,0.6014772834917672,0.6769314229979029,0.3227658295102784,0.6589208148677645,0.7751337179826557,0.8903110381890156,0.647678859665562,0.7092389716561452,0.6555725581567386,0.7348550396858196,0.1680144893896291,0.4533494411978785,0.8297594672113028,0.8823308029863234,,
synthetic_high_medium,GCN,epsd_tuned,"{""lambda_epsd"": 0.03}",10,"0.9780 (0.9695, 0.9860)","0.9778 (0.9695, 0.9861)","0.5299 (0.5117, 0.5513)","0.0175 (0.0075, 0.0269)","0.0700 (0.0512, 0.0912)","0.1075 (0.0869, 0.1337)","0.5279 (0.4994, 0.5529)","0.0078 (0.0012, 0.0162)","0.5343 (0.5159, 0.5574)","0.0000 (0.0000, 0.0000)",0.34343639613791355,0.5071470098409604,0.2812858952599072,0.4453891600393362,0.3069890837917295,0.3924568097052501,0.42257303047201766,0.7270267101872337,0.8660299864768187,0.950655982456956,0.7821515943451524,0.8269212142234944,0.8617827098248744,0.8990025610797694,0.1680144893896291,0.4533494411978785,0.8443628945341002,0.8919895295665363,,
synthetic_high_medium,GCN,epsd_tuned,"{""lambda_epsd"": 0.1}",10,"0.9775 (0.9690, 0.9860)","0.9774 (0.9682, 0.9850)","0.5287 (0.5108, 0.5512)","0.0138 (0.0050, 0.0244)","0.0738 (0.0544, 0.0931)","0.1069 (0.0819, 0.1338)","0.5275 (0.5000, 0.5545)","0.0092 (0.0012, 0.0201)","0.5342 (0.5138, 0.5563)","0.0000 (0.0000, 0.0000)",0.34343639613791355,0.5071470098409604,0.3744848469715773,0.5309859770492514,0.06879660524488707,0.11021496962701295,0.16846489368376785,0.5019095327971383,0.3878899630019368,0.6734224485247354,0.6482534549850755,0.7092389716561452,0.9723200968883896,0.9848661626546914,0.3434363961379132,0.6396723883537412,0.8695868775329969,0.9101675984845368,,
synthetic_high_medium,GCN,epsd_tuned,"{""lambda_epsd"": 0.3}",10,"0.9805 (0.9735, 0.9870)","0.9804 (0.9731, 0.9869)","0.5242 (0.5072, 0.5462)","0.0119 (0.0038, 0.0200)","0.0687 (0.0506, 0.0894)","0.0944 (0.0756, 0.1169)","0.5241 (0.4995, 0.5506)","0.0105 (0.0025, 0.0215)","0.5285 (0.5110, 0.5481)","0.0000 (0.0000, 0.0000)",0.16785065605707503,0.31063270763809336,0.1467387905826828,0.280674867893051,0.002016592187434683,0.0046559554915771365,0.0834693757848273,0.3578622469402542,0.9977326269097566,0.9991355865245559,0.0016001813566915654,0.003694536367655526,0.38923292315387104,0.5109048326925126,0.9919289841880015,0.9983706657123641,0.7157353896632641,0.7997759431589619,,
synthetic_high_medium,GCN,epsd_tuned,"{""lambda_epsd"": 1.0}",10,"0.9795 (0.9725, 0.9860)","0.9794 (0.9732, 0.9860)","0.5162 (0.4989, 0.5357)","0.0106 (0.0050, 0.0169)","0.0688 (0.0537, 0.0832)","0.0850 (0.0656, 0.1081)","0.5157 (0.4910, 0.5425)","0.0145 (0.0025, 0.0338)","0.5208 (0.5039, 0.5402)","0.0000 (0.0000, 0.0000)",0.5086464915963445,0.6425651866069595,0.4680605275739366,0.6091198646510134,1.253285389694675e-05,6.347284070389161e-05,0.16474166165602458,0.5006227194013174,0.999135586524556,0.9991355865245559,4.05722502651113e-05,0.0001516629355148208,0.03806242345065395,0.07423354635717602,0.42547249209874066,0.6975039706386911,0.2015525682073278,0.33485453130741233,,
synthetic_high_medium,GCN,epsd_tuned,"{""lambda_epsd"": 10.0}",10,"0.9780 (0.9720, 0.9825)","0.9779 (0.9728, 0.9829)","0.5104 (0.4907, 0.5302)","0.0150 (0.0094, 0.0206)","0.0650 (0.0494, 0.0812)","0.0738 (0.0525, 0.0975)","0.4860 (0.4604, 0.5161)","0.0051 (0.0000, 0.0114)","0.5195 (0.5033, 0.5397)","0.0000 (0.0000, 0.0000)",0.872288363084034,0.9139786157314327,0.9112774462104389,0.9342232811869609,0.0030468118769309393,0.006833563781116535,0.4434904351510202,0.7270267101872337,0.6319983591898225,0.8200309288661334,0.0017327460926377357,0.0039426251673061515,0.03359187008786959,0.06718374017573918,0.21056703396165782,0.5189565482677079,0.21391212055092496,0.3444533633486689,,
synthetic_high_medium,GCN,epsd_tuned,"{""lambda_epsd"": 3.0}",10,"0.9780 (0.9710, 0.9845)","0.9780 (0.9711, 0.9846)","0.5077 (0.4909, 0.5266)","0.0119 (0.0063, 0.0181)","0.0644 (0.0538, 0.0763)","0.0756 (0.0544, 0.1013)","0.5079 (0.4821, 0.5339)","0.0102 (0.0025, 0.0196)","0.5117 (0.4962, 0.5289)","0.0000 (0.0000, 0.0000)",0.7976245209721028,0.8545977010415388,0.8974221580888618,0.9233404875643525,1.9404967265117804e-06,1.2694082752597896e-05,0.27469883940845435,0.6054981460200438,0.5323127693316281,0.7454157930783891,4.787659521524515e-05,0.00017279598732858594,0.06197617848030633,0.11447364731068346,0.954235772013575,0.9877886458494486,0.08435706914264823,0.17166217966530972,,
synthetic_high_medium,GCN,label_smoothing,"{""alpha"": 0.01}",10,"0.9775 (0.9705, 0.9845)","0.9775 (0.9708, 0.9847)","0.5397 (0.5186, 0.5629)","0.0169 (0.0075, 0.0269)","0.0656 (0.0444, 0.0875)","0.1213 (0.1013, 0.1425)","0.5343 (0.5066, 0.5661)","0.0142 (0.0039, 0.0257)","0.5383 (0.5109, 0.5617)","0.0000 (0.0000, 0.0000)",0.34343639613791355,0.5071470098409604,0.4856516269997666,0.620675846165621,0.02955684311619192,0.05213959965440597,0.5746670813311267,0.8219785504397685,0.7787526630613787,0.8903110381890156,0.027473707345762665,0.04663104922469988,0.003316284952240419,0.008522421793767547,0.5366353663421003,0.767596849063765,0.2618593604935616,0.40305803526950174,,
synthetic_high_medium,GCN,label_smoothing,"{""alpha"": 0.05}",10,"0.9745 (0.9670, 0.9815)","0.9743 (0.9671, 0.9814)","0.5755 (0.5582, 0.5916)","0.0181 (0.0082, 0.0325)","0.0544 (0.0412, 0.0675)","0.1663 (0.1437, 0.1894)","0.5482 (0.5209, 0.5767)","0.0078 (0.0024, 0.0153)","0.5438 (0.5237, 0.5642)","0.0000 (0.0000, 0.0000)",0.02236718968057209,0.0730113933662745,0.02401144976168757,0.07520069430858195,0.0008772992202916471,0.0022428242817128944,0.8685852148947053,0.9374730078001474,0.3740342035464173,0.6635409034665256,0.0006057999710167475,0.0015591900893381864,0.0012100173448238872,0.0037879913486709243,0.6059750481235971,0.8121608660130945,0.12848487245712614,0.23872337249430536,,
synthetic_high_medium,GCN,label_smoothing,"{""alpha"": 0.1}",10,"0.9740 (0.9675, 0.9810)","0.9739 (0.9673, 0.9805)","0.6044 (0.5924, 0.6193)","0.0181 (0.0094, 0.0269)","0.0831 (0.0688, 0.0975)","0.1906 (0.1681, 0.2138)","0.5532 (0.5231, 0.5812)","0.0103 (0.0026, 0.0191)","0.5460 (0.5278, 0.5629)","0.0000 (0.0000, 0.0000)",0.054274413497388395,0.13688679510403268,0.06801906083248581,0.17308421729695048,1.4774254456616147e-05,7.248618592777297e-05,0.8194524226521464,0.9193140082083219,0.3619957500097626,0.6532566982934795,5.141650907036631e-05,0.0001834634528192616,0.00029893096750857243,0.0011308954674420692,0.9781269325520362,0.9940056165220368,0.05710423357330749,0.12993282131897502,,
synthetic_high_medium,GCN,label_smoothing,"{""alpha"": 0.2}",10,"0.9730 (0.9665, 0.9800)","0.9730 (0.9665, 0.9797)","0.6420 (0.6304, 0.6531)","0.0237 (0.0163, 0.0312)","0.0825 (0.0594, 0.1062)","0.2481 (0.2275, 0.2657)","0.5736 (0.5460, 0.6017)","0.0111 (0.0013, 0.0235)","0.5493 (0.5289, 0.5688)","0.0031 (0.0000, 0.0094)",0.07507983017249281,0.17831459665967042,0.10343058354833233,0.23191793074314723,8.833430794719636e-06,4.86613556059994e-05,0.6217388085880768,0.8325450100883367,0.46475964281426435,0.734172782254382,1.3267183359350505e-06,8.331791149672117e-06,0.0012632561278941381,0.0038377034788451233,0.9535438229264528,0.9877886458494486,0.07125471657716882,0.15430331727745525,0.3434363961379132,0.8522161625522906
synthetic_high_medium,GCN,none,{},10,"0.9785 (0.9705, 0.9870)","0.9783 (0.9699, 0.9866)","0.5308 (0.5117, 0.5529)","0.0200 (0.0088, 0.0319)","0.0688 (0.0488, 0.0894)","0.1088 (0.0863, 0.1344)","0.5274 (0.4985, 0.5553)","0.0105 (0.0024, 0.0228)","0.5325 (0.5079, 0.5516)","0.0000 (0.0000, 0.0000)",,,,,,,,,,,,,,,,,,,,
synthetic_high_medium,GraphSAGE,dp_sgd,"{""noise_multiplier"": 0.5}",10,"0.9705 (0.9580, 0.9785)","0.9704 (0.9589, 0.9781)","0.5572 (0.5202, 0.5899)","0.0006 (0.0000, 0.0019)","0.0406 (0.0125, 0.0738)","0.1456 (0.1050, 0.1869)","0.5403 (0.5031, 0.5752)","0.0000 (0.0000, 0.0000)","0.5578 (0.5372, 0.5830)","0.0113 (0.0037, 0.0200)",0.0007204913385455196,0.005703889763485364,0.0007026239765994465,0.005721366666595493,0.0009696516143414296,0.0023974063535685737,0.008414285138351374,0.14121900276382301,0.04012868510020369,0.1880657779322979,0.0001770260619883126,0.0005503582521220807,0.003249435657394569,0.008502689970182454,0.06261236397344991,0.3399603377447811,0.008039569439745774,0.027144352732044876,0.6020545165015018,0.909267097879788
synthetic_high_medium,GraphSAGE,dp_sgd,"{""noise_multiplier"": 1.0}",10,"0.9705 (0.9585, 0.9780)","0.9704 (0.9585, 0.9782)","0.5572 (0.5223, 0.5918)","0.0006 (0.0000, 0.0019)","0.0406 (0.0125, 0.0719)","0.1456 (0.1056, 0.1875)","0.5403 (0.5017, 0.5751)","0.0000 (0.0000, 0.0000)","0.5578 (0.5374, 0.5820)","0.0113 (0.0038, 0.0206)",0.0007204913385455196,0.005703889763485364,0.0007026239765994465,0.005721366666595493,0.0009696516143414296,0.0023974063535685737,0.008414285138351374,0.14121900276382301,0.04012868510020369,0.1880657779322979,0.0001770260619883126,0.0005503582521220807,0.003249435657394569,0.008502689970182454,0.06261236397344991,0.3399603377447811,0.008039569439745774,0.027144352732044876,0.6020545165015018,0.909267097879788
synthetic_high_medium,GraphSAGE,dp_sgd,"{""noise_multiplier"": 2.0}",10,"0.9705 (0.9590, 0.9785)","0.9704 (0.9587, 0.9783)","0.5572 (0.5213, 0.5892)","0.0006 (0.0000, 0.0019)","0.0406 (0.0125, 0.0719)","0.1456 (0.1062, 0.1875)","0.5403 (0.5025, 0.5755)","0.0000 (0.0000, 0.0000)","0.5578 (0.5361, 0.5839)","0.0113 (0.0031, 0.0206)",0.0007204913385455196,0.005703889763485364,0.0007026239765994465,0.005721366666595493,0.0009696516143414296,0.0023974063535685737,0.008414285138351374,0.14121900276382301,0.04012868510020369,0.1880657779322979,0.0001770260619883126,0.0005503582521220807,0.003249435657394569,0.008502689970182454,0.06261236397344991,0.3399603377447811,0.008039569439745774,0.027144352732044876,0.6020545165015018,0.909267097879788
synthetic_high_medium,GraphSAGE,dropedge,"{""rate"": 0.1}",10,"0.9745 (0.9660, 0.9815)","0.9740 (0.9659, 0.9813)","0.6572 (0.6302, 0.6823)","0.0187 (0.0112, 0.0275)","0.0906 (0.0700, 0.1156)","0.2962 (0.2537, 0.3462)","0.6488 (0.6208, 0.6791)","0.0146 (0.0052, 0.0292)","0.6149 (0.5892, 0.6407)","0.0162 (0.0081, 0.0244)",0.11993750720434354,0.24769702574810082,0.09648388938679078,0.2217573264131885,0.0029955217589891126,0.006766862103040153,0.10673094097610225,0.4062590695125391,0.8984559271950594,0.9595753780246552,0.015486185278237669,0.027628762371401296,0.00487688486918969,0.01177955268404279,0.7556241421929977,0.8891366785955198,0.07834228338201692,0.16621268231049535,0.8012410473072513,0.9598547859145484
synthetic_high_medium,GraphSAGE,dropedge,"{""rate"": 0.2}",10,"0.9715 (0.9620, 0.9805)","0.9710 (0.9609, 0.9797)","0.6756 (0.6516, 0.6989)","0.0219 (0.0138, 0.0312)","0.1013 (0.0756, 0.1381)","0.3275 (0.2832, 0.3725)","0.6663 (0.6399, 0.6912)","0.0122 (0.0048, 0.0202)","0.6217 (0.6010, 0.6421)","0.0225 (0.0131, 0.0356)",0.0710078608456645,0.1729678661625161,0.05962280898293219,0.15715253580285132,7.205857847612766e-05,0.00026007349013223085,0.06160271978699316,0.3268076490394722,0.22847087348089007,0.5267791656605002,0.0003659610884651322,0.0010068316295947961,0.0002182422407382722,0.0009239458671090545,0.537072555734711,0.767596849063765,0.0343023399294989,0.08686237691824722,0.38381014003126124,0.8522161625522906
synthetic_high_medium,GraphSAGE,dropedge,"{""rate"": 0.3}",10,"0.9685 (0.9595, 0.9770)","0.9682 (0.9592, 0.9766)","0.6978 (0.6727, 0.7208)","0.0313 (0.0150, 0.0457)","0.1050 (0.0731, 0.1475)","0.3613 (0.3294, 0.3944)","0.6868 (0.6657, 0.7054)","0.0157 (0.0037, 0.0313)","0.6344 (0.6174, 0.6520)","0.0106 (0.0044, 0.0188)",0.017221821969477923,0.05913517182290612,0.014790573009115904,0.05546464878418464,2.3790454190416455e-05,0.00010853388655733312,0.021933472303806028,0.195119585513664,0.3506948693216848,0.6506075654235418,2.0700529513555177e-05,8.666621689675101e-05,3.950177367132179e-06,3.264093929682906e-05,1.0,1.0,0.005662131205365018,0.02091657880570136,0.6189910660668301,0.9102168949389025
synthetic_high_medium,GraphSAGE,dropedge,"{""rate"": 0.5}",10,"0.9490 (0.9345, 0.9635)","0.9491 (0.9357, 0.9621)","0.7286 (0.7038, 0.7528)","0.0269 (0.0156, 0.0425)","0.1219 (0.0894, 0.1606)","0.3981 (0.3675, 0.4294)","0.7252 (0.7041, 0.7449)","0.0192 (0.0048, 0.0433)","0.6514 (0.6321, 0.6711)","0.0287 (0.0138, 0.0450)",0.0005588068823108919,0.005137418111567877,0.00043652219118383716,0.004289959465082537,5.315732563313609e-06,3.2098846632316794e-05,0.04134995464611345,0.2527205468945576,0.0495800033034679,0.21926931038435102,9.062576617247067e-06,4.065212939736542e-05,1.0517547074805836e-06,1.179467779103226e-05,0.7447360274156241,0.8891366785955198,0.0014169963170469792,0.007616139579230851,0.19570665059246156,0.8522161625522906
synthetic_high_medium,GraphSAGE,edge_sparsification,"{""rate"": 0.05}",10,"0.9745 (0.9655, 0.9820)","0.9744 (0.9668, 0.9820)","0.6397 (0.6179, 0.6643)","0.0175 (0.0088, 0.0281)","0.0875 (0.0606, 0.1182)","0.2569 (0.2269, 0.2900)","0.6344 (0.6104, 0.6605)","0.0170 (0.0071, 0.0282)","0.5872 (0.5743, 0.6018)","0.0087 (0.0025, 0.0169)",0.03987193860194758,0.11032526700538893,0.04298124401302484,0.12009465238933412,0.3519680108373344,0.42836416822838375,0.24491371844129867,0.6054981460200438,0.6814805281744638,0.8204395006877949,0.22183642569518996,0.28547802323069527,0.15835207286454234,0.2425490286803234,0.8347900833037495,0.931161606057857,0.5905769764228603,0.7077907274686188,0.3370516723942846,0.8522161625522906
synthetic_high_medium,GraphSAGE,edge_sparsification,"{""rate"": 0.1}",10,"0.9685 (0.9605, 0.9760)","0.9683 (0.9601, 0.9760)","0.6444 (0.6211, 0.6698)","0.0194 (0.0112, 0.0287)","0.0900 (0.0612, 0.1244)","0.2731 (0.2332, 0.3231)","0.6355 (0.6113, 0.6599)","0.0135 (0.0071, 0.0206)","0.5931 (0.5752, 0.6129)","0.0131 (0.0050, 0.0225)",0.0026127356076594455,0.01489259296365884,0.0022829412585407584,0.012757612915374828,0.10580188850005762,0.1604917535701357,0.11920018449171217,0.41399738645327416,0.8943838623037245,0.9584864599432404,0.13683424240915978,0.19181228623426863,0.15923165387282512,0.2427123267770247,0.7536337961839018,0.8891366785955198,0.9956892134740555,0.9956892134740555,0.8498961967225432,0.9685873964486025
synthetic_high_medium,GraphSAGE,edge_sparsification,"{""rate"": 0.2}",10,"0.9640 (0.9560, 0.9730)","0.9640 (0.9553, 0.9720)","0.6464 (0.6241, 0.6679)","0.0138 (0.0069, 0.0219)","0.0938 (0.0687, 0.1238)","0.2806 (0.2481, 0.3163)","0.6375 (0.6092, 0.6661)","0.0136 (0.0060, 0.0217)","0.6092 (0.5919, 0.6261)","0.0081 (0.0000, 0.0181)",0.0012950018739261886,0.009226888351724093,0.0012392852897371587,0.008614544087197322,0.12319090186254862,0.1824619961549069,0.7572147583502173,0.887671233571603,0.8352410717366131,0.9267339099833799,0.018253121651365698,0.03219932695802713,0.1189885134945738,0.19749409884282687,0.6625094027662873,0.8361509801042255,0.16091086059496618,0.2776154408066999,0.334489797531534,0.8522161625522906
synthetic_high_medium,GraphSAGE,edge_sparsification,"{""rate"": 0.3}",10,"0.9560 (0.9475, 0.9645)","0.9562 (0.9480, 0.9652)","0.6623 (0.6373, 0.6826)","0.0187 (0.0081, 0.0313)","0.0900 (0.0637, 0.1194)","0.3012 (0.2719, 0.3400)","0.6624 (0.6408, 0.6840)","0.0160 (0.0060, 0.0277)","0.6146 (0.5975, 0.6312)","0.0094 (0.0019, 0.0168)",2.5588242922367914e-05,0.0004557905770546785,3.907497960467798e-05,0.0006133620091816211,0.006002720699684503,0.012650028857053247,0.2860382304566189,0.6179845841713999,0.8732268487093092,0.950655982456956,0.0021531484057243787,0.0048292042814103925,0.0018667450193466262,0.00523355300066822,0.968853400242111,0.9877886458494486,0.09805898358947301,0.1888989009024204,0.4107446490391782,0.8522161625522906
synthetic_high_medium,GraphSAGE,epsd_tuned,"{""lambda_epsd"": 0.01}",10,"0.9810 (0.9730, 0.9880)","0.9808 (0.9715, 0.9879)","0.6330 (0.6131, 0.6552)","0.0150 (0.0075, 0.0250)","0.0844 (0.0625, 0.1081)","0.2494 (0.2193, 0.2844)","0.6229 (0.5996, 0.6492)","0.0126 (0.0037, 0.0221)","0.5767 (0.5582, 0.6008)","0.0181 (0.0069, 0.0287)",0.5086464915963445,0.6425651866069595,0.6029442673301019,0.7250595619792364,0.13428706900602685,0.19703803583127305,0.34090083114913283,0.6589208148677645,0.11057664777461466,0.31358884275037296,0.9989821292154092,0.9989821292154092,0.35872619313152354,0.4793192538012697,0.6203844412175551,0.8210457628940944,0.20823734327605525,0.3395697127510766,0.5298074778440222,0.909267097879788
synthetic_high_medium,GraphSAGE,epsd_tuned,"{""lambda_epsd"": 0.03}",10,"0.9820 (0.9735, 0.9890)","0.9817 (0.9737, 0.9888)","0.6274 (0.6074, 0.6492)","0.0175 (0.0094, 0.0275)","0.0825 (0.0625, 0.1044)","0.2381 (0.2069, 0.2819)","0.6172 (0.5947, 0.6427)","0.0112 (0.0024, 0.0202)","0.5730 (0.5525, 0.5906)","0.0169 (0.0063, 0.0275)",0.39936135904543396,0.5525145015919839,0.4480912751706855,0.5967570720731091,0.010732200633538367,0.020801919746487946,0.036545748038697014,0.2468409870021658,0.11085465460283885,0.31358884275037296,0.2936978714637047,0.3674148670900529,0.04011384783843371,0.0775890709439231,0.5310139948281702,0.767596849063765,0.13263265388902884,0.2396110940134589,0.6407301905317566,0.9138751171333527
synthetic_high_medium,GraphSAGE,epsd_tuned,"{""lambda_epsd"": 0.1}",10,"0.9820 (0.9720, 0.9900)","0.9817 (0.9736, 0.9893)","0.6161 (0.5962, 0.6386)","0.0250 (0.0125, 0.0394)","0.0800 (0.0606, 0.1037)","0.2169 (0.1838, 0.2600)","0.6044 (0.5806, 0.6290)","0.0112 (0.0023, 0.0222)","0.5689 (0.5467, 0.5909)","0.0131 (0.0037, 0.0256)",0.5337858366853896,0.6517352167888407,0.5797104109394753,0.7030530515648956,0.00044808110119235817,0.0012207104102169499,0.04442954236586431,0.26238578793425527,0.060686291719522785,0.24451817280763558,0.01710017311747899,0.030335900332702847,0.0016104044295022122,0.00463914670517151,0.4862199762725903,0.7449698843925718,0.1385593241329886,0.24720243055544558,0.8467032125430143,0.9685873964486025
synthetic_high_medium,GraphSAGE,epsd_tuned,"{""lambda_epsd"": 0.3}",10,"0.9805 (0.9715, 0.9880)","0.9800 (0.9708, 0.9882)","0.6030 (0.5841, 0.6235)","0.0238 (0.0119, 0.0369)","0.0781 (0.0531, 0.1100)","0.1919 (0.1625, 0.2250)","0.5858 (0.5591, 0.6112)","0.0148 (0.0059, 0.0256)","0.5645 (0.5474, 0.5842)","0.0112 (0.0044, 0.0187)",0.895072258238311,0.9344160937652698,0.9978865808604443,0.9978865808604445,0.00029379258293218285,0.0008621576732776206,0.05426930204289782,0.3033266346326253,0.046924059168347236,0.21093979946074892,0.00011436936594521376,0.00038615033233115184,0.00021467064975979697,0.0009239458671090545,0.8543813481735895,0.9416245140082166,0.043918420997448665,0.10368709919698406,0.6442797934620776,0.9138751171333527
synthetic_high_medium,GraphSAGE,epsd_tuned,"{""lambda_epsd"": 1.0}",10,"0.9765 (0.9675, 0.9860)","0.9762 (0.9671, 0.9851)","0.5759 (0.5572, 0.5982)","0.0181 (0.0094, 0.0275)","0.0756 (0.0544, 0.1000)","0.1556 (0.1294, 0.1882)","0.5605 (0.5338, 0.5870)","0.0146 (0.0061, 0.0264)","0.5538 (0.5369, 0.5720)","0.0069 (0.0000, 0.0150)",0.33280370480363347,0.5071470098409604,0.29529346590351396,0.4598832665710464,5.7981536915067795e-06,3.3438006565942676e-05,0.10841498223269391,0.4062590695125391,0.055278297778681956,0.2345592635473802,1.3589211371719177e-07,1.12289799229469e-06,2.0424600785739785e-06,1.8307211146849204e-05,0.74795243483984,0.8891366785955198,0.005359942317232121,0.020035974852510546,0.3134562020665402,0.8522161625522906
synthetic_high_medium,GraphSAGE,epsd_tuned,"{""lambda_epsd"": 10.0}",10,"0.9640 (0.9515, 0.9745)","0.9633 (0.9512, 0.9738)","0.5771 (0.5623, 0.5980)","0.0138 (0.0069, 0.0212)","0.0688 (0.0475, 0.0900)","0.1700 (0.1362, 0.2082)","0.5688 (0.5401, 0.6001)","0.0115 (0.0050, 0.0182)","0.5557 (0.5346, 0.5852)","0.0000 (0.0000, 0.0000)",0.0014983732552185556,0.009931078552029961,0.002166797784210244,0.01235074736999839,0.00040552774144269515,0.0011268646974602324,0.7346179355208826,0.8709674765834707,0.056733877937398876,0.23752583563124327,0.0004464706937274192,0.001188066083308556,0.0017861790998125982,0.005098729430374144,0.6406325286290809,0.8354915894204263,0.0368898558198029,0.09120798997967017,0.008346087363104568,0.5512983122750491
synthetic_high_medium,GraphSAGE,epsd_tuned,"{""lambda_epsd"": 3.0}",10,"0.9750 (0.9640, 0.9825)","0.9751 (0.9656, 0.9830)","0.5528 (0.5347, 0.5722)","0.0150 (0.0044, 0.0269)","0.0700 (0.0500, 0.0913)","0.1288 (0.1069, 0.1525)","0.5461 (0.5193, 0.5759)","0.0198 (0.0053, 0.0360)","0.5446 (0.5279, 0.5649)","0.0006 (0.0000, 0.0019)",0.03194773270349686,0.0929092226581286,0.040758484065889056,0.1150115639483008,3.1056828031929225e-06,1.9503688004051553e-05,0.7037850228374931,0.8604871568286537,0.09658715025164286,0.3069830222176373,8.277439876627886e-09,1.1676214782096532e-07,8.841898181641116e-07,1.0955471440980825e-05,0.5398861886584434,0.768110804773149,0.009828585136343855,0.03149158911032623,0.008988559439267105,0.5512983122750491
synthetic_high_medium,GraphSAGE,label_smoothing,"{""alpha"": 0.01}",10,"0.9765 (0.9700, 0.9840)","0.9763 (0.9692, 0.9833)","0.6777 (0.6524, 0.7038)","0.0156 (0.0063, 0.0275)","0.0800 (0.0531, 0.1082)","0.3606 (0.3306, 0.3963)","0.6695 (0.6439, 0.6953)","0.0146 (0.0047, 0.0248)","0.6082 (0.5899, 0.6307)","0.0069 (0.0013, 0.0131)",0.24186556147789282,0.40787979302484884,0.20366040179071948,0.35484447646960554,1.0482377308197204e-06,7.654573197148657e-06,0.439710809786535,0.7270267101872337,0.3020309927969634,0.6158294268717306,5.4896073898082654e-08,5.560441033547727e-07,9.12780818073739e-06,6.369181708336757e-05,0.8916667183578629,0.952531340771369,0.02500026608746586,0.0700900317095025,0.04402362798114094,0.688392717747149
synthetic_high_medium,GraphSAGE,label_smoothing,"{""alpha"": 0.05}",10,"0.9735 (0.9685, 0.9785)","0.9731 (0.9686, 0.9775)","0.7447 (0.7236, 0.7714)","0.0369 (0.0194, 0.0569)","0.1119 (0.0731, 0.1506)","0.4488 (0.4188, 0.4807)","0.6795 (0.6562, 0.7084)","0.0038 (0.0012, 0.0075)","0.6125 (0.5922, 0.6321)","0.0069 (0.0019, 0.0125)",0.08329148695657186,0.1929635006370817,0.060103952289511556,0.15715253580285132,3.924748052097262e-05,0.00015799626773827438,0.05107798930992494,0.29068019370920917,0.49127001573730394,0.7390610064876596,3.5303328987842044e-09,6.928278313864002e-08,3.8708505099891596e-05,0.00019603984840912842,0.13984673896959654,0.4172330867880538,0.012374174319937967,0.03869614204031546,0.13417466176482787,0.8522161625522906
synthetic_high_medium,GraphSAGE,label_smoothing,"{""alpha"": 0.1}",10,"0.9725 (0.9680, 0.9775)","0.9722 (0.9671, 0.9769)","0.7950 (0.7763, 0.8145)","0.0469 (0.0281, 0.0681)","0.1581 (0.1456, 0.1719)","0.5131 (0.4713, 0.5538)","0.6825 (0.6537, 0.7126)","0.0000 (0.0000, 0.0000)","0.6088 (0.5899, 0.6291)","0.0031 (0.0000, 0.0075)",0.061699233599377776,0.15290679631150145,0.053034499268234975,0.14259275746648084,7.401906192181083e-07,5.675396044814036e-06,0.004763286618144618,0.12424239262327212,0.002096468228849973,0.024381149031810795,5.099950515561463e-08,5.337948206287665e-07,0.00043212736073393196,0.001491076827147853,0.06261236397344991,0.3399603377447811,0.03954673310496597,0.09611671333341817,0.05412257200560893,0.688392717747149
synthetic_high_medium,GraphSAGE,label_smoothing,"{""alpha"": 0.2}",10,"0.9740 (0.9690, 0.9795)","0.9736 (0.9687, 0.9789)","0.8187 (0.8048, 0.8336)","0.0444 (0.0275, 0.0613)","0.2106 (0.1706, 0.2500)","0.5387 (0.5212, 0.5600)","0.6888 (0.6578, 0.7245)","0.0000 (0.0000, 0.0000)","0.6088 (0.5883, 0.6321)","0.0069 (0.0019, 0.0125)",0.14747001773894508,0.2859112588816282,0.11630542634202652,0.24553367783316712,6.204943274856767e-09,1.0254485201605392e-07,0.01157322554856449,0.1429392591541314,0.0003519410918486815,0.007429724852275719,2.193079366711448e-09,5.6469776779360345e-08,0.0005063047342145165,0.0017207451992100108,0.06261236397344991,0.3399603377447811,0.05192406892372693,0.12077153808926117,0.22917605149859083,0.8522161625522906
synthetic_high_medium,GraphSAGE,none,{},10,"0.9800 (0.9700, 0.9880)","0.9800 (0.9695, 0.9878)","0.6369 (0.6174, 0.6593)","0.0125 (0.0063, 0.0187)","0.0913 (0.0669, 0.1156)","0.2494 (0.2244, 0.2762)","0.6258 (0.6053, 0.6492)","0.0157 (0.0036, 0.0303)","0.5931 (0.5739, 0.6161)","0.0144 (0.0063, 0.0231)",,,,,,,,,,,,,,,,,,,,
synthetic_high_sparse,GCN,dropedge,"{""rate"": 0.1}",10,"0.8505 (0.8310, 0.8655)","0.8478 (0.8279, 0.8629)","0.6404 (0.6216, 0.6601)","0.0219 (0.0119, 0.0350)","0.1055 (0.0896, 0.1185)","0.2579 (0.2362, 0.2783)","0.6658 (0.6356, 0.6977)","0.0297 (0.0063, 0.0638)","0.6033 (0.5901, 0.6148)","0.0113 (0.0075, 0.0151)",0.6098151567906138,0.7064931694525404,0.5389622772851277,0.6678445609837451,0.9816448362160909,0.9880130810198887,0.12819084157028215,0.4314379936720249,0.35353762312386994,0.6506075654235418,0.7199843781009464,0.776890359875248,0.010563509406927775,0.02438927907187736,0.37446634420792446,0.6582353823283912,0.11406307575104963,0.21706548961108837,0.3780896936299694,0.8522161625522906
synthetic_high_sparse,GCN,dropedge,"{""rate"": 0.2}",10,"0.8490 (0.8285, 0.8665)","0.8464 (0.8262, 0.8645)","0.6445 (0.6218, 0.6664)","0.0214 (0.0100, 0.0351)","0.1066 (0.0855, 0.1258)","0.2584 (0.2345, 0.2812)","0.6702 (0.6415, 0.6989)","0.0295 (0.0060, 0.0659)","0.6024 (0.5925, 0.6125)","0.0119 (0.0069, 0.0169)",0.33533982494531905,0.5071470098409604,0.28824821245895993,0.45137769533408556,0.6277158506108226,0.7039384896135653,0.15966102488102177,0.49479109690851303,0.3939245384800479,0.6734224485247354,0.7737640728019547,0.8208172934453168,0.009094744995172337,0.02131156663047846,0.45306511889095347,0.7090469110643421,0.06611922931850545,0.14518488116091405,0.5147155164216711,0.909267097879788
synthetic_high_sparse,GCN,dropedge,"{""rate"": 0.3}",10,"0.8480 (0.8275, 0.8675)","0.8453 (0.8251, 0.8645)","0.6367 (0.6112, 0.6601)","0.0251 (0.0132, 0.0400)","0.0916 (0.0670, 0.1127)","0.2596 (0.2284, 0.2871)","0.6666 (0.6351, 0.6942)","0.0294 (0.0071, 0.0632)","0.5922 (0.5746, 0.6101)","0.0132 (0.0050, 0.0222)",0.3276337291337418,0.5071470098409604,0.2876219247557538,0.45137769533408556,0.781522410637814,0.8318577523399105,0.22750189343789223,0.6054981460200438,0.9073584530146852,0.9625356562385511,0.9344532798365484,0.9434672986131067,0.049533687874991024,0.09313519756136036,0.44751168483771087,0.7038751625839372,0.20583301998327241,0.3383851742133379,0.7201736152022065,0.9138751171333527
synthetic_high_sparse,GCN,dropedge,"{""rate"": 0.5}",10,"0.8485 (0.8270, 0.8670)","0.8452 (0.8246, 0.8611)","0.6336 (0.6019, 0.6641)","0.0244 (0.0113, 0.0413)","0.0853 (0.0674, 0.1046)","0.2571 (0.2200, 0.2888)","0.6689 (0.6404, 0.6986)","0.0396 (0.0154, 0.0774)","0.6028 (0.5893, 0.6168)","0.0169 (0.0075, 0.0276)",0.49021233253702545,0.6321742749911867,0.39385734187012705,0.5486632135206764,0.6816189515400495,0.7509766694160546,0.2555113971265308,0.6054981460200438,0.5833461335890434,0.7827807091750412,0.8125051997843026,0.8504221091075701,0.03570418870022902,0.07051015881680447,0.7721897457599379,0.8918649093094486,0.03737066999634692,0.09167492483478853,0.8569008774026574,0.9685873964486025
synthetic_high_sparse,GCN,edge_sparsification,"{""rate"": 0.05}",10,"0.8425 (0.8190, 0.8645)","0.8400 (0.8165, 0.8629)","0.6478 (0.6265, 0.6691)","0.0263 (0.0113, 0.0438)","0.1053 (0.0897, 0.1225)","0.2722 (0.2481, 0.2960)","0.6567 (0.6254, 0.6864)","0.0088 (0.0038, 0.0140)","0.5850 (0.5677, 0.6064)","0.0119 (0.0057, 0.0188)",0.08112618884584054,0.18951609689397175,0.08523075781149159,0.20585394895148393,0.06511147926122401,0.10593266574105877,0.24707274735682008,0.6054981460200438,0.10453859824713789,0.31358884275037296,0.07002138594949207,0.103710920698776,0.7963432925946567,0.8505163056963341,0.13685248298465666,0.41587210848735473,0.09174768991642446,0.18118726184753006,0.47052735791099026,0.8687630606147685
synthetic_high_sparse,GCN,edge_sparsification,"{""rate"": 0.1}",10,"0.8420 (0.8200, 0.8645)","0.8401 (0.8198, 0.8644)","0.6563 (0.6347, 0.6776)","0.0200 (0.0100, 0.0294)","0.1153 (0.0929, 0.1371)","0.2885 (0.2587, 0.3173)","0.6576 (0.6240, 0.6874)","0.0163 (0.0086, 0.0252)","0.5927 (0.5768, 0.6080)","0.0088 (0.0013, 0.0175)",0.09771636613972334,0.2142243411524704,0.10497337917847717,0.23191793074314723,0.013095228731360055,0.0247704929014883,0.09414115427904084,0.38543454512372993,0.02194320105296168,0.12636533610436182,0.0011976053177168427,0.002892677459716066,0.6871045004409821,0.7517449935138272,0.22911979647955577,0.5392067390834658,0.05707777800109689,0.12993282131897502,0.2938522120679102,0.8522161625522906
synthetic_high_sparse,GCN,edge_sparsification,"{""rate"": 0.2}",10,"0.8250 (0.8070, 0.8455)","0.8232 (0.8041, 0.8433)","0.6695 (0.6478, 0.6889)","0.0150 (0.0081, 0.0225)","0.1078 (0.0844, 0.1327)","0.2935 (0.2655, 0.3207)","0.6758 (0.6465, 0.7027)","0.0198 (0.0087, 0.0327)","0.6007 (0.5733, 0.6305)","0.0106 (0.0050, 0.0169)",0.0032178619567650195,0.016983160327370937,0.003745158220789558,0.018402932636638347,0.00045485069425281254,0.0012207104102169499,0.04175490431928726,0.2527205468945576,0.276941025305189,0.5871311789706556,0.0005478458468001976,0.0014216826107046451,0.0006955764903756144,0.0022751147706035722,0.31875131351054253,0.6396723883537412,0.024358043000702215,0.0689047342542387,0.2748203321647403,0.8522161625522906
synthetic_high_sparse,GCN,edge_sparsification,"{""rate"": 0.3}",10,"0.8100 (0.7895, 0.8320)","0.8079 (0.7859, 0.8310)","0.6713 (0.6523, 0.6917)","0.0245 (0.0125, 0.0384)","0.0991 (0.0835, 0.1144)","0.2936 (0.2628, 0.3290)","0.6813 (0.6559, 0.7078)","0.0240 (0.0109, 0.0394)","0.5967 (0.5710, 0.6225)","0.0094 (0.0031, 0.0177)",0.0002432857715344832,0.0026667863418202964,0.00023323783923926862,0.002890121051443111,0.0010103834293317246,0.0024785968500793867,0.2392531404189552,0.6054981460200438,0.6652797362545682,0.8204395006877949,0.0191797810623848,0.03364497907032864,0.015153793350491976,0.03327476302136,0.48916890227975385,0.7449698843925718,0.0794725311548775,0.16744399145187558,0.23048745115444627,0.8522161625522906
synthetic_high_sparse,GCN,epsd_tuned,"{""lambda_epsd"": 0.01}",10,"0.8520 (0.8330, 0.8700)","0.8492 (0.8305, 0.8666)","0.6438 (0.6273, 0.6616)","0.0407 (0.0195, 0.0633)","0.1022 (0.0831, 0.1214)","0.2666 (0.2398, 0.2920)","0.6589 (0.6298, 0.6880)","0.0384 (0.0074, 0.0815)","0.5996 (0.5791, 0.6215)","0.0113 (0.0076, 0.0151)",0.7577400727729574,0.8211251739174634,0.6268635298975194,0.7321971558229222,0.10437497077525086,0.15987190645575008,0.7937306659740524,0.9063705624681045,0.07035631578609636,0.2568823622887704,0.12765200118555142,0.18055283050568985,0.11950279866285701,0.19749409884282687,0.7619878846379698,0.8909973631679962,0.043419943764787236,0.10328683592532721,0.3613681161748803,0.8522161625522906
synthetic_high_sparse,GCN,epsd_tuned,"{""lambda_epsd"": 0.03}",10,"0.8550 (0.8370, 0.8720)","0.8523 (0.8338, 0.8694)","0.6471 (0.6307, 0.6660)","0.0332 (0.0151, 0.0544)","0.0984 (0.0801, 0.1204)","0.2654 (0.2380, 0.2922)","0.6636 (0.6366, 0.6942)","0.0408 (0.0077, 0.0867)","0.5999 (0.5801, 0.6204)","0.0138 (0.0075, 0.0226)",0.5652072679166226,0.6768238292278884,0.6610045463621356,0.7611156688274869,0.05523832625406546,0.09128860233566609,0.0734087476372162,0.3378961472124805,0.413393301876949,0.6978790149965699,0.18545572581016986,0.2488593927538177,0.028922878378220503,0.05923206133963425,0.34683656486472875,0.6396723883537412,0.031279433427384484,0.08152706943613189,0.7716282981698398,0.9465307124216702
synthetic_high_sparse,GCN,epsd_tuned,"{""lambda_epsd"": 0.1}",10,"0.8510 (0.8300, 0.8710)","0.8483 (0.8271, 0.8691)","0.6487 (0.6332, 0.6667)","0.0301 (0.0137, 0.0459)","0.0928 (0.0786, 0.1066)","0.2723 (0.2487, 0.2989)","0.6636 (0.6404, 0.6894)","0.0430 (0.0115, 0.0840)","0.5932 (0.5745, 0.6151)","0.0132 (0.0050, 0.0228)",0.5829529799757771,0.6951531351175585,0.5094508506586608,0.6368135633233261,0.1523569816082989,0.21944996433488928,0.08335438874500466,0.3578622469402542,0.8749668118791729,0.950655982456956,0.10634279176915619,0.15178016643415929,0.1691243027189168,0.2553126492968263,0.3227488698029088,0.6396723883537412,0.10115432189925828,0.193673518758336,0.7252204812570698,0.9138751171333527
synthetic_high_sparse,GCN,epsd_tuned,"{""lambda_epsd"": 0.3}",10,"0.8535 (0.8325, 0.8725)","0.8514 (0.8334, 0.8713)","0.6434 (0.6278, 0.6618)","0.0250 (0.0150, 0.0369)","0.0991 (0.0846, 0.1132)","0.2591 (0.2338, 0.2902)","0.6530 (0.6317, 0.6770)","0.0368 (0.0122, 0.0796)","0.5897 (0.5731, 0.6083)","0.0100 (0.0031, 0.0194)",0.9043384285084786,0.9384800423838897,0.8830586837704569,0.9151699086348373,0.6371435282684956,0.7119682130829453,0.11957754538048843,0.41399738645327416,0.687183403442325,0.8204395006877949,0.885221886895595,0.9024664691078469,0.7018160506917187,0.7651744441569434,0.9656715612523038,0.9877886458494486,0.2585176703644811,0.399874623125355,0.44926612917158804,0.8522161625522906
synthetic_high_sparse,GCN,epsd_tuned,"{""lambda_epsd"": 1.0}",10,"0.8535 (0.8325, 0.8725)","0.8512 (0.8292, 0.8691)","0.6379 (0.6216, 0.6589)","0.0232 (0.0131, 0.0356)","0.0904 (0.0700, 0.1109)","0.2509 (0.2252, 0.2837)","0.6490 (0.6301, 0.6716)","0.0370 (0.0151, 0.0647)","0.5768 (0.5604, 0.5928)","0.0113 (0.0038, 0.0213)",0.9088438305191353,0.9384800423838897,0.9277204708209139,0.9476714486880303,0.7412320211600449,0.8053524382154121,0.12381221294896283,0.4212306810111453,0.7680490566338717,0.8903110381890156,0.31382096981996394,0.38643052754301443,0.41573833228077234,0.5394290757692666,0.9979583960861141,1.0,0.929968937442821,0.9542818508400189,0.5686009698183687,0.909267097879788
synthetic_high_sparse,GCN,epsd_tuned,"{""lambda_epsd"": 10.0}",10,"0.8275 (0.8060, 0.8460)","0.8243 (0.8030, 0.8429)","0.6407 (0.6259, 0.6566)","0.0314 (0.0214, 0.0413)","0.1260 (0.1067, 0.1475)","0.2352 (0.2091, 0.2639)","0.6550 (0.6392, 0.6742)","0.0328 (0.0189, 0.0455)","0.5862 (0.5699, 0.6025)","0.0238 (0.0137, 0.0344)",0.007097205166567779,0.03160474175737214,0.0054240962212043,0.02576445705072043,0.9662710457121674,0.9819064995262802,0.4296149127516506,0.7270267101872337,0.07166328127483015,0.25739374807269216,0.023993653928136495,0.04127384082652261,0.9564528599216291,0.9719294434155066,0.8491132311075913,0.9391252344052158,0.5045920808920833,0.6400745792412261,0.16569283910135316,0.8522161625522906
synthetic_high_sparse,GCN,epsd_tuned,"{""lambda_epsd"": 3.0}",10,"0.8490 (0.8265, 0.8665)","0.8463 (0.8242, 0.8644)","0.6366 (0.6206, 0.6566)","0.0244 (0.0131, 0.0363)","0.0848 (0.0646, 0.1055)","0.2466 (0.2188, 0.2817)","0.6507 (0.6314, 0.6732)","0.0247 (0.0112, 0.0381)","0.5789 (0.5593, 0.5972)","0.0144 (0.0044, 0.0275)",0.4383483745315465,0.5837817137452839,0.39465248691838123,0.5486632135206764,0.5126585138816782,0.5896511844646408,0.1133037809677102,0.41399738645327416,0.4364588915795442,0.7147780715318727,0.3024458059790324,0.37536752204512325,0.5375650111083081,0.651719743196945,0.5132794689564911,0.7578135555819893,0.8190684981177209,0.8777730662421991,0.8802612903247544,0.9685873964486025
synthetic_high_sparse,GCN,label_smoothing,"{""alpha"": 0.01}",10,"0.8535 (0.8330, 0.8740)","0.8512 (0.8323, 0.8697)","0.6414 (0.6209, 0.6658)","0.0389 (0.0227, 0.0563)","0.0948 (0.0763, 0.1137)","0.2761 (0.2442, 0.3058)","0.6604 (0.6299, 0.6929)","0.0344 (0.0076, 0.0721)","0.5769 (0.5575, 0.5960)","0.0163 (0.0094, 0.0238)",0.7577400727729493,0.8211251739174634,0.7667084998485463,0.8253690474165786,0.7649007659038992,0.8197230050983767,0.4656448980266449,0.7474197593966145,0.9137191714325938,0.9629355102397268,0.008059810864675417,0.015817378821925507,0.0012912717479217097,0.0038615174175944456,0.42563341339293925,0.6975039706386911,0.7968375614762429,0.8568732681628091,0.6871343266840904,0.9138751171333527
synthetic_high_sparse,GCN,label_smoothing,"{""alpha"": 0.05}",10,"0.8390 (0.8200, 0.8590)","0.8370 (0.8188, 0.8569)","0.6678 (0.6435, 0.6922)","0.0327 (0.0162, 0.0536)","0.0835 (0.0651, 0.1069)","0.3219 (0.2882, 0.3598)","0.6718 (0.6388, 0.7038)","0.0187 (0.0060, 0.0389)","0.5805 (0.5661, 0.5977)","0.0157 (0.0101, 0.0213)",0.016470978836514424,0.057339561170817635,0.018369327223074567,0.06159127363030885,0.006781131678437907,0.014101161238605978,0.5514397558330987,0.8032506566952995,0.4841387871158873,0.7390610064876596,9.039864603032958e-05,0.00030853450927742927,0.0046643687082204045,0.011367360226855557,0.22775833199990458,0.5392067390834658,0.5417093878118838,0.669672235326502,0.9911059809730182,0.9995661178417156
synthetic_high_sparse,GCN,label_smoothing,"{""alpha"": 0.1}",10,"0.8400 (0.8215, 0.8570)","0.8381 (0.8185, 0.8568)","0.6953 (0.6793, 0.7120)","0.0301 (0.0182, 0.0432)","0.1185 (0.0863, 0.1523)","0.3288 (0.3027, 0.3579)","0.6712 (0.6367, 0.7064)","0.0126 (0.0037, 0.0253)","0.5833 (0.5631, 0.6044)","0.0119 (0.0069, 0.0169)",0.07355215743632125,0.17764715990975896,0.0773161830262279,0.19329045756556976,0.00010886480533236477,0.0003636547752591759,0.33428389676333065,0.6589208148677645,0.25360062825921686,0.5529902588430146,0.0005060815712497502,0.0013353749022892568,0.013386859909810785,0.02960192965972244,0.17141952932435778,0.45358387052452037,0.464143841948105,0.607254859882104,0.1653612581839461,0.8522161625522906
synthetic_high_sparse,GCN,label_smoothing,"{""alpha"": 0.2}",10,"0.8400 (0.8250, 0.8565)","0.8384 (0.8224, 0.8536)","0.7166 (0.7039, 0.7301)","0.0258 (0.0163, 0.0358)","0.1049 (0.0841, 0.1258)","0.3770 (0.3523, 0.4088)","0.6700 (0.6406, 0.7016)","0.0086 (0.0013, 0.0193)","0.5793 (0.5566, 0.5998)","0.0063 (0.0006, 0.0138)",0.12169537062119365,0.24951928508662005,0.13274672423138212,0.26272789170794375,5.799868368351889e-06,3.3438006565942676e-05,0.24026522720001367,0.6054981460200438,0.534135520517954,0.7454157930783891,3.320394831069989e-05,0.00012871654036493538,0.0782834204919915,0.13887567251121655,0.07968343293708928,0.34427155675539634,0.7570681230372881,0.8311866805374422,0.07509111785275743,0.7675980936059649
synthetic_high_sparse,GCN,none,{},10,"0.8530 (0.8330, 0.8720)","0.8508 (0.8310, 0.8691)","0.6402 (0.6218, 0.6595)","0.0419 (0.0244, 0.0633)","0.0940 (0.0739, 0.1169)","0.2604 (0.2338, 0.2848)","0.6555 (0.6246, 0.6860)","0.0370 (0.0076, 0.0774)","0.5758 (0.5538, 0.5982)","0.0157 (0.0088, 0.0226)",,,,,,,,,,,,,,,,,,,,
synthetic_high_sparse,GraphSAGE,dropedge,"{""rate"": 0.1}",10,"0.8650 (0.8475, 0.8805)","0.8634 (0.8449, 0.8802)","0.7436 (0.7347, 0.7525)","0.0377 (0.0239, 0.0522)","0.1269 (0.1038, 0.1510)","0.4153 (0.3963, 0.4356)","0.7576 (0.7377, 0.7765)","0.0359 (0.0128, 0.0656)","0.6561 (0.6352, 0.6798)","0.0145 (0.0057, 0.0240)",0.12271002897239874,0.24980255897952602,0.13511571366482386,0.26557226478948137,0.0009266885540647879,0.00234661456432535,0.5449476656734039,0.8007916401679597,0.4676259759582051,0.734172782254382,0.010839753106999262,0.020140132991702774,0.0033161279316804714,0.008522421793767547,0.09853834365203991,0.35342298920133475,0.19619292084421355,0.32768392098448434,0.7189924424430797,0.9138751171333527
synthetic_high_sparse,GraphSAGE,dropedge,"{""rate"": 0.2}",10,"0.8645 (0.8450, 0.8825)","0.8630 (0.8450, 0.8793)","0.7547 (0.7467, 0.7625)","0.0389 (0.0252, 0.0558)","0.1267 (0.1164, 0.1391)","0.4398 (0.4211, 0.4586)","0.7678 (0.7489, 0.7859)","0.0347 (0.0135, 0.0628)","0.6601 (0.6450, 0.6747)","0.0325 (0.0151, 0.0600)",0.1698158852722529,0.3122421116296263,0.16737616031818253,0.3097458964082792,0.0001339743321767036,0.0004343049923774225,0.45862360405546554,0.7417987147589333,0.4828165913887379,0.7390610064876596,0.0005463074615929114,0.0014216826107046451,0.0022265842603197907,0.00618714564372048,0.1451917777938582,0.4172330867880538,0.3551772106939175,0.5069347461722277,0.3606287691868256,0.8522161625522906
synthetic_high_sparse,GraphSAGE,dropedge,"{""rate"": 0.3}",10,"0.8650 (0.8460, 0.8815)","0.8638 (0.8462, 0.8810)","0.7598 (0.7522, 0.7681)","0.0340 (0.0164, 0.0548)","0.1342 (0.1166, 0.1543)","0.4473 (0.4261, 0.4680)","0.7734 (0.7563, 0.7907)","0.0276 (0.0064, 0.0527)","0.6635 (0.6463, 0.6804)","0.0289 (0.0107, 0.0539)",0.09424784185146444,0.21317964228307434,0.08031571984052295,0.1990433056917308,2.4938375760348944e-05,0.00011186642841070813,0.7716520943498432,0.8943766214206054,0.11720306723823887,0.32567931958236285,0.00025284733442997644,0.0007561339334382153,7.864804112446172e-05,0.0003741740138345603,0.7197027137784764,0.8833998016182867,0.4812610204013204,0.622836567454678,0.40280792442030416,0.8522161625522906
synthetic_high_sparse,GraphSAGE,dropedge,"{""rate"": 0.5}",10,"0.8650 (0.8495, 0.8805)","0.8630 (0.8485, 0.8795)","0.7617 (0.7510, 0.7725)","0.0383 (0.0218, 0.0578)","0.1244 (0.0994, 0.1485)","0.4573 (0.4328, 0.4836)","0.7720 (0.7510, 0.7913)","0.0344 (0.0149, 0.0580)","0.6721 (0.6586, 0.6875)","0.0257 (0.0119, 0.0476)",0.11266752940240132,0.23785367318284725,0.11375774634019208,0.24553367783316712,0.00017806168852638044,0.0005381401109037878,0.4313206094501298,0.7270267101872337,0.5305180800600292,0.7454157930783891,0.0009622545047703771,0.0023422318953325457,0.0012094905733758075,0.0037879913486709243,0.285838500139915,0.5964496702919561,0.9548495689903346,0.9650368086148965,0.48243438327572974,0.8788903616112304
synthetic_high_sparse,GraphSAGE,edge_sparsification,"{""rate"": 0.05}",10,"0.8580 (0.8435, 0.8725)","0.8561 (0.8428, 0.8694)","0.7253 (0.7140, 0.7371)","0.0170 (0.0088, 0.0276)","0.1256 (0.1085, 0.1430)","0.3940 (0.3715, 0.4213)","0.7351 (0.7198, 0.7531)","0.0153 (0.0061, 0.0253)","0.6617 (0.6431, 0.6796)","0.0094 (0.0050, 0.0138)",0.3370627623026686,0.5071470098409604,0.3967226916450808,0.5488639180526603,0.30143190145684773,0.38950459694423945,0.02555879554651829,0.195119585513664,0.4366866501859665,0.7147780715318727,0.8770992042570581,0.9000299024075693,0.17716274093767662,0.26364502679824864,0.3583874865508109,0.6521818795953709,0.21089181569921697,0.3413403614925471,0.29743052926607777,0.8522161625522906
synthetic_high_sparse,GraphSAGE,edge_sparsification,"{""rate"": 0.1}",10,"0.8490 (0.8310, 0.8655)","0.8466 (0.8301, 0.8631)","0.7257 (0.7129, 0.7382)","0.0189 (0.0081, 0.0332)","0.1257 (0.0956, 0.1587)","0.4009 (0.3800, 0.4268)","0.7420 (0.7283, 0.7581)","0.0216 (0.0068, 0.0380)","0.6584 (0.6383, 0.6796)","0.0126 (0.0069, 0.0202)",0.3615505731539211,0.5152095667443376,0.26548221659572124,0.42990018028284405,0.29835316903379194,0.38872570571207743,0.065128233316799,0.3341825742320998,0.5406409199762064,0.7506034667833806,0.2904413204334019,0.3647942984643528,0.8658278276000345,0.9002315823391088,0.7476872951971629,0.8891366785955198,0.23555511689444183,0.36798162539728724,0.5292759559856773,0.909267097879788
synthetic_high_sparse,GraphSAGE,edge_sparsification,"{""rate"": 0.2}",10,"0.8455 (0.8255, 0.8660)","0.8433 (0.8225, 0.8624)","0.7273 (0.7139, 0.7398)","0.0288 (0.0175, 0.0441)","0.0985 (0.0756, 0.1219)","0.4128 (0.3953, 0.4288)","0.7374 (0.7200, 0.7544)","0.0283 (0.0148, 0.0440)","0.6622 (0.6362, 0.6901)","0.0151 (0.0076, 0.0245)",0.3394235887744599,0.5071470098409604,0.2694192971732806,0.4338107327366383,0.2759279112343012,0.3659605268621443,0.6063323430515912,0.8269077646235701,0.14744835443564985,0.3826345726677195,0.060293528709063404,0.09145974886302372,0.5860427603596782,0.6851045811051832,0.6722349481345765,0.8419570110940925,0.42376243858686063,0.5710789944904474,0.8050592643888735,0.9598547859145484
synthetic_high_sparse,GraphSAGE,edge_sparsification,"{""rate"": 0.3}",10,"0.8235 (0.8020, 0.8455)","0.8214 (0.8004, 0.8426)","0.7404 (0.7243, 0.7574)","0.0257 (0.0144, 0.0389)","0.1016 (0.0751, 0.1273)","0.4355 (0.4055, 0.4680)","0.7532 (0.7307, 0.7761)","0.0292 (0.0130, 0.0500)","0.6722 (0.6518, 0.6912)","0.0126 (0.0050, 0.0242)",0.0013714963550300033,0.00947525552503799,0.0009177057523457957,0.006706311267142353,0.03642418825184432,0.06353997283932843,0.5221085667303653,0.7971706409102651,0.3298380604676753,0.6445877965216733,0.034502782316516024,0.055274865547887915,0.25088542645625495,0.35808192685120027,0.7715178042765725,0.8918649093094486,0.9652342226721642,0.9714216215354472,0.6226863344367483,0.9102168949389025
synthetic_high_sparse,GraphSAGE,epsd_tuned,"{""lambda_epsd"": 0.01}",10,"0.8605 (0.8445, 0.8780)","0.8597 (0.8427, 0.8753)","0.7120 (0.6993, 0.7257)","0.0157 (0.0063, 0.0290)","0.1162 (0.0971, 0.1367)","0.3859 (0.3644, 0.4111)","0.7273 (0.7058, 0.7493)","0.0139 (0.0024, 0.0277)","0.6461 (0.6282, 0.6681)","0.0182 (0.0107, 0.0276)",0.18681611650919325,0.33270958968829806,0.15983758494061506,0.29969547176365324,0.004185636073552175,0.009130221488872738,0.002471909701367701,0.09671346706601129,0.6106585312689523,0.8035424511399988,0.2637911597743422,0.3353458468386375,0.0005496976559327548,0.0018362240847115425,0.1645277132045848,0.4533494411978785,0.030678127034868486,0.08152706943613189,0.8520042214816576,0.9685873964486025
synthetic_high_sparse,GraphSAGE,epsd_tuned,"{""lambda_epsd"": 0.03}",10,"0.8570 (0.8400, 0.8735)","0.8559 (0.8394, 0.8718)","0.6993 (0.6866, 0.7133)","0.0213 (0.0119, 0.0333)","0.1111 (0.0917, 0.1334)","0.3646 (0.3468, 0.3860)","0.7155 (0.6954, 0.7348)","0.0114 (0.0000, 0.0231)","0.6385 (0.6203, 0.6615)","0.0182 (0.0100, 0.0282)",0.3983551468920089,0.5525145015919839,0.3581798904927988,0.5155619635881195,0.00010808336324427713,0.0003636547752591759,0.14356263702805624,0.45852148356920003,0.3734581506462581,0.6635409034665256,0.0012727144057198855,0.003027517601485182,2.3693330274079747e-05,0.00013285188760823286,0.09554581090187107,0.35183339779159584,0.004092621895953207,0.0156717472601135,0.8704784746486314,0.9685873964486025
synthetic_high_sparse,GraphSAGE,epsd_tuned,"{""lambda_epsd"": 0.1}",10,"0.8555 (0.8345, 0.8745)","0.8543 (0.8328, 0.8739)","0.6809 (0.6648, 0.6986)","0.0164 (0.0082, 0.0278)","0.1012 (0.0816, 0.1250)","0.3432 (0.3206, 0.3661)","0.6989 (0.6772, 0.7195)","0.0100 (0.0023, 0.0211)","0.6288 (0.6063, 0.6572)","0.0132 (0.0082, 0.0183)",0.7286466366716,0.7956486262505977,0.7217476824684292,0.7914584246044215,3.520326189893368e-05,0.00014355615891253475,0.01556421604051484,0.1579515094873283,0.0005215161023993464,0.008187802807669738,0.0012588690720958704,0.0030174418980007884,2.0251450520143306e-05,0.00011775843450601849,0.10162322373201318,0.35342298920133475,0.0020222369817557845,0.009520892593099226,0.44152776109995706,0.8522161625522906
synthetic_high_sparse,GraphSAGE,epsd_tuned,"{""lambda_epsd"": 0.3}",10,"0.8505 (0.8270, 0.8695)","0.8495 (0.8293, 0.8685)","0.6589 (0.6415, 0.6785)","0.0170 (0.0081, 0.0284)","0.0980 (0.0760, 0.1203)","0.3207 (0.3005, 0.3435)","0.6785 (0.6602, 0.6960)","0.0123 (0.0037, 0.0212)","0.6172 (0.5947, 0.6397)","0.0182 (0.0076, 0.0338)",0.6074859863870937,0.7064931694525404,0.6545054556030225,0.7599812705173822,2.662030480450324e-05,0.00011772923533259179,0.010754848138705215,0.1429392591541314,0.03436645607087428,0.17411931961174956,0.00021769860505329664,0.0006636637086090791,4.534327357490811e-06,3.6507148468002935e-05,0.23581007124892153,0.5472330742426816,0.00020315807632741688,0.0016641472033705805,0.8986624119280452,0.9726699046750608
synthetic_high_sparse,GraphSAGE,epsd_tuned,"{""lambda_epsd"": 1.0}",10,"0.8465 (0.8275, 0.8655)","0.8446 (0.8230, 0.8625)","0.6450 (0.6257, 0.6676)","0.0151 (0.0081, 0.0233)","0.0835 (0.0661, 0.1007)","0.3087 (0.2863, 0.3327)","0.6686 (0.6510, 0.6865)","0.0087 (0.0025, 0.0150)","0.6087 (0.5916, 0.6270)","0.0151 (0.0082, 0.0232)",0.35109970707111293,0.5105276352819754,0.3262994031861179,0.49203878258224126,4.117674126042665e-06,2.5351954423086213e-05,0.022653235218286917,0.195119585513664,0.00038926421227037164,0.007429724852275719,3.922348381898467e-05,0.00014838763758025526,5.113101133307409e-06,4.013784389646315e-05,0.18831953127430795,0.479219620234621,2.2576657904308576e-05,0.0003544535290976446,0.7811855282692872,0.9519081933877408
synthetic_high_sparse,GraphSAGE,epsd_tuned,"{""lambda_epsd"": 10.0}",10,"0.7905 (0.7680, 0.8110)","0.7883 (0.7667, 0.8081)","0.6976 (0.6826, 0.7104)","0.0206 (0.0107, 0.0331)","0.1354 (0.1116, 0.1587)","0.3197 (0.2896, 0.3485)","0.7263 (0.7002, 0.7523)","0.0222 (0.0091, 0.0431)","0.6468 (0.6235, 0.6683)","0.0194 (0.0081, 0.0300)",1.116645433807481e-05,0.00022731710616795148,1.0711468119461957e-05,0.0002264232451714284,0.01927715278886741,0.03507698636805775,0.417970794341643,0.726804770160746,0.3217495461058225,0.643499092211645,0.00900319760516391,0.017450642271737454,0.2979098255830468,0.4194784091169358,0.9029396716900665,0.9530382372571955,0.12258504417720255,0.2291172849502476,0.8085733250910598,0.9598547859145484
synthetic_high_sparse,GraphSAGE,epsd_tuned,"{""lambda_epsd"": 3.0}",10,"0.8320 (0.8070, 0.8580)","0.8301 (0.8050, 0.8546)","0.6384 (0.6251, 0.6534)","0.0169 (0.0100, 0.0251)","0.0797 (0.0631, 0.0961)","0.2531 (0.2206, 0.2845)","0.6666 (0.6495, 0.6825)","0.0152 (0.0040, 0.0296)","0.6129 (0.5956, 0.6306)","0.0150 (0.0094, 0.0213)",0.03278248615261583,0.09437382377268194,0.030510344252346715,0.09057758449915432,1.8336338779195884e-07,1.9192034588891693e-06,0.06353811739441065,0.33145717907417555,0.012812994468947939,0.08940622807221452,2.850549086884804e-05,0.00011330030547871246,1.1708002359912263e-06,1.2254375803374835e-05,0.3303054882172368,0.6396723883537412,0.0001288701708229763,0.0012719002460349134,0.7296578344405017,0.9138751171333527
synthetic_high_sparse,GraphSAGE,label_smoothing,"{""alpha"": 0.01}",10,"0.8385 (0.8215, 0.8580)","0.8376 (0.8210, 0.8538)","0.7653 (0.7570, 0.7741)","0.0276 (0.0150, 0.0435)","0.1130 (0.0859, 0.1405)","0.4907 (0.4700, 0.5134)","0.7780 (0.7601, 0.7945)","0.0182 (0.0027, 0.0390)","0.6887 (0.6705, 0.7101)","0.0170 (0.0069, 0.0265)",0.0012598815252936645,0.009206826530992163,0.001319511299901147,0.008953826677900642,6.002136296133952e-09,1.0254485201605392e-07,0.5751223723524259,0.8219785504397685,0.5315057532300177,0.7454157930783891,4.418542653098167e-08,4.955079975260088e-07,2.019996582516896e-06,1.8307211146849204e-05,0.39849970380317223,0.6778826483173528,0.032175648763666145,0.08281273534255057,0.9909743819401052,0.9995661178417156
synthetic_high_sparse,GraphSAGE,label_smoothing,"{""alpha"": 0.05}",10,"0.8400 (0.8235, 0.8570)","0.8390 (0.8224, 0.8562)","0.8085 (0.7952, 0.8232)","0.0239 (0.0075, 0.0477)","0.1118 (0.0752, 0.1523)","0.5634 (0.5383, 0.5900)","0.8057 (0.7880, 0.8239)","0.0013 (0.0000, 0.0038)","0.7035 (0.6856, 0.7213)","0.0195 (0.0075, 0.0320)",0.017641047709105122,0.05914939525994071,0.017633258985414808,0.06128632696150268,1.2073623020463044e-08,1.5796323451772483e-07,0.5912304023708516,0.8269077646235701,0.8083896743085786,0.9075827910535229,7.68090695298251e-09,1.1484784682078608e-07,1.6249609189328858e-08,3.401584856966174e-07,0.06353811170570747,0.3399603377447811,0.001403374529150158,0.007616139579230851,0.729644154971228,0.9138751171333527
synthetic_high_sparse,GraphSAGE,label_smoothing,"{""alpha"": 0.1}",10,"0.8345 (0.8160, 0.8515)","0.8336 (0.8139, 0.8516)","0.8470 (0.8273, 0.8666)","0.0513 (0.0295, 0.0751)","0.2189 (0.1658, 0.2689)","0.6110 (0.5805, 0.6444)","0.8121 (0.7952, 0.8272)","0.0000 (0.0000, 0.0000)","0.7092 (0.6907, 0.7248)","0.0163 (0.0076, 0.0276)",0.007718997401514498,0.033332034233812605,0.009315307713555087,0.039042098505341176,2.022273957095661e-09,5.772672932073069e-08,0.30325398900387707,0.642830991191058,0.009550268614902976,0.07139962726379843,2.6976008015618e-09,5.6469776779360345e-08,3.54341203624358e-08,6.544890466944024e-07,0.07277106271214165,0.3399603377447811,0.0014310580738045228,0.007616139579230851,0.9307075884336574,0.9784973449319558
synthetic_high_sparse,GraphSAGE,label_smoothing,"{""alpha"": 0.2}",10,"0.8340 (0.8120, 0.8525)","0.8328 (0.8113, 0.8508)","0.8571 (0.8425, 0.8709)","0.0708 (0.0482, 0.0964)","0.2326 (0.1838, 0.2879)","0.6379 (0.6023, 0.6722)","0.8114 (0.7914, 0.8293)","0.0000 (0.0000, 0.0000)","0.6987 (0.6800, 0.7197)","0.0113 (0.0057, 0.0182)",0.009075456999389785,0.036950074926086984,0.007462071885692411,0.03222258314276268,4.556279262673484e-10,3.004458974380471e-08,0.08288430847160269,0.3578622469402542,0.0029396691315847763,0.030768536910587327,6.292851703905554e-08,6.174860734457325e-07,2.0484474811534963e-07,3.062916709915228e-06,0.07277106271214165,0.3399603377447811,0.01364344281135619,0.04119270233428696,0.400187177647339,0.8522161625522906
synthetic_high_sparse,GraphSAGE,none,{},10,"0.8535 (0.8370, 0.8700)","0.8522 (0.8354, 0.8674)","0.7223 (0.7112, 0.7341)","0.0314 (0.0170, 0.0492)","0.1187 (0.0966, 0.1423)","0.3928 (0.3712, 0.4149)","0.7412 (0.7217, 0.7608)","0.0241 (0.0061, 0.0497)","0.6727 (0.6554, 0.6919)","0.0170 (0.0070, 0.0296)",,,,,,,,,,,,,,,,,,,,
synthetic_low_dense,GCN,dropedge,"{""rate"": 0.1}",10,"0.5980 (0.5755, 0.6205)","0.5959 (0.5723, 0.6182)","0.6570 (0.6434, 0.6719)","0.0138 (0.0063, 0.0256)","0.0750 (0.0581, 0.0925)","0.2963 (0.2706, 0.3306)","0.6819 (0.6598, 0.7090)","0.0262 (0.0120, 0.0427)","0.5739 (0.5554, 0.5907)","0.0113 (0.0063, 0.0163)",0.9270055366312352,0.9490472301436955,0.8769066170721351,0.9147033978521001,0.01884656183337196,0.034810708327522324,0.5420523737871336,0.8007916401679597,0.31644850468873587,0.6369540414888658,0.43054966156365543,0.5120931580719235,0.6672048175703834,0.7368047293733017,0.40085253421030836,0.6781991524747379,0.7233642288444114,0.7997759431589619,0.44298046729307194,0.8522161625522906
synthetic_low_dense,GCN,dropedge,"{""rate"": 0.2}",10,"0.5875 (0.5660, 0.6075)","0.5853 (0.5639, 0.6047)","0.6620 (0.6451, 0.6804)","0.0156 (0.0081, 0.0231)","0.1013 (0.0888, 0.1175)","0.2950 (0.2637, 0.3344)","0.6824 (0.6586, 0.7085)","0.0353 (0.0159, 0.0572)","0.5688 (0.5511, 0.5855)","0.0094 (0.0050, 0.0137)",0.33560446873884786,0.5071470098409604,0.3086592941146644,0.4729456925950503,0.2122290880034128,0.29617748281365164,0.5274682592406537,0.7975727784653361,0.33928195348355034,0.6445877965216733,0.42751318600716354,0.5104149825332676,0.6687558849407356,0.7368047293733017,0.2377753932811652,0.5472330742426816,0.4800304612928392,0.622836567454678,0.3155639348924106,0.8522161625522906
synthetic_low_dense,GCN,dropedge,"{""rate"": 0.3}",10,"0.5795 (0.5560, 0.6010)","0.5757 (0.5512, 0.5957)","0.6595 (0.6426, 0.6778)","0.0294 (0.0162, 0.0438)","0.1012 (0.0813, 0.1194)","0.2906 (0.2706, 0.3144)","0.6836 (0.6587, 0.7099)","0.0212 (0.0090, 0.0354)","0.5845 (0.5707, 0.5987)","0.0131 (0.0075, 0.0200)",0.030694049662741123,0.09018354797815692,0.02011935030611308,0.06590821652002561,0.06158612339324567,0.10071897263270385,0.26103249014237767,0.6054981460200438,0.5780557102618861,0.7790106996662327,0.05503155592812598,0.08512270227306186,0.6121105594968936,0.7055646159343091,0.82611532705545,0.931161606057857,0.6346138833812843,0.7435401469467287,0.7283151768801187,0.9138751171333527
synthetic_low_dense,GCN,dropedge,"{""rate"": 0.5}",10,"0.5485 (0.5180, 0.5750)","0.5415 (0.5071, 0.5704)","0.6478 (0.6304, 0.6672)","0.0331 (0.0194, 0.0456)","0.1106 (0.0906, 0.1300)","0.2619 (0.2369, 0.2894)","0.6624 (0.6365, 0.6911)","0.0345 (0.0207, 0.0497)","0.5752 (0.5529, 0.5941)","0.0150 (0.0075, 0.0238)",0.00019069068985825204,0.0023629063743305146,0.00017483069339245045,0.002264852164402199,0.020592313094191957,0.03694849320900728,0.17896594688046985,0.5235172090989445,0.23021547079614385,0.5267791656605002,0.001518347604722452,0.003531564058391481,0.22631608088939123,0.3259782082535268,0.12409479218242933,0.39443292195479357,0.6723797011821487,0.7705373217926814,0.9179565170468997,0.9784973449319558
synthetic_low_dense,GCN,edge_sparsification,"{""rate"": 0.05}",10,"0.5930 (0.5640, 0.6180)","0.5926 (0.5656, 0.6181)","0.6746 (0.6632, 0.6855)","0.0250 (0.0150, 0.0363)","0.0837 (0.0587, 0.1069)","0.3212 (0.2962, 0.3469)","0.6794 (0.6577, 0.6994)","0.0123 (0.0049, 0.0205)","0.5639 (0.5461, 0.5800)","0.0088 (0.0057, 0.0132)",0.5258361339689275,0.6487588665850403,0.620037143964786,0.7321225181235249,0.3424022752568812,0.42134030244483694,0.43567442105573256,0.7270267101872337,0.4997227098470077,0.7390610064876596,0.07830234217653165,0.1138284048306988,0.9907936571576649,0.9907936571576648,0.3291314251703514,0.6396723883537412,0.1374009434835745,0.24653655002195657,0.20831350231016893,0.8522161625522906
synthetic_low_dense,GCN,edge_sparsification,"{""rate"": 0.1}",10,"0.5800 (0.5515, 0.6060)","0.5803 (0.5539, 0.6052)","0.6814 (0.6556, 0.7043)","0.0356 (0.0200, 0.0550)","0.1044 (0.0794, 0.1275)","0.3294 (0.3012, 0.3569)","0.6901 (0.6670, 0.7101)","0.0257 (0.0113, 0.0398)","0.5685 (0.5500, 0.5866)","0.0063 (0.0013, 0.0131)",0.09654980000630327,0.2142243411524704,0.1158671804901826,0.24553367783316712,0.2496356070640992,0.33933151782739024,0.1839223205026404,0.5239439388866141,0.4646948839522812,0.734172782254382,0.06467771819380397,0.09717130867394472,0.30976911614408714,0.43038717906744856,0.1451767174671891,0.4172330867880538,0.36061776708792326,0.5100629678630987,0.2194013368206319,0.8522161625522906
synthetic_low_dense,GCN,edge_sparsification,"{""rate"": 0.2}",10,"0.5785 (0.5615, 0.5970)","0.5780 (0.5588, 0.5959)","0.6947 (0.6691, 0.7176)","0.0194 (0.0081, 0.0319)","0.1069 (0.0844, 0.1406)","0.3513 (0.3175, 0.3850)","0.6931 (0.6738, 0.7116)","0.0162 (0.0037, 0.0332)","0.5736 (0.5531, 0.5927)","0.0163 (0.0075, 0.0256)",0.08395604939999345,0.1929635006370817,0.08903701996537924,0.2114629224177757,0.04954647179491271,0.08275314970001378,0.949305433132641,0.9742052477721858,0.34624732047624973,0.6506075654235418,0.005590240048159842,0.011624737583590665,0.16779210379466064,0.2545252202489055,0.6512424540147104,0.8361509801042255,0.6538195538925968,0.7547769850083654,0.9335927122429365,0.9784973449319558
synthetic_low_dense,GCN,edge_sparsification,"{""rate"": 0.3}",10,"0.5615 (0.5300, 0.5915)","0.5604 (0.5272, 0.5907)","0.7024 (0.6805, 0.7218)","0.0213 (0.0106, 0.0331)","0.0850 (0.0631, 0.1119)","0.3788 (0.3475, 0.4082)","0.7091 (0.6808, 0.7327)","0.0254 (0.0075, 0.0442)","0.5611 (0.5353, 0.5824)","0.0125 (0.0050, 0.0206)",0.010172151471836605,0.040264766242686566,0.009671242747779044,0.03994643743647866,0.009067832313755799,0.017907543059869944,0.7963319638298043,0.9063705624681045,0.4877884961455298,0.7390610064876596,0.000832927130356056,0.0020432743666547,0.12358505064029636,0.20317123508404744,0.704127376962045,0.8705320145395545,0.19429537375770733,0.32768392098448434,0.5843041113328985,0.909267097879788
synthetic_low_dense,GCN,epsd_tuned,"{""lambda_epsd"": 0.01}",10,"0.6010 (0.5700, 0.6265)","0.5997 (0.5737, 0.6263)","0.6673 (0.6546, 0.6813)","0.0131 (0.0025, 0.0288)","0.0869 (0.0737, 0.1019)","0.3050 (0.2838, 0.3312)","0.6893 (0.6646, 0.7152)","0.0258 (0.0076, 0.0460)","0.5708 (0.5542, 0.5879)","0.0125 (0.0050, 0.0212)",0.8315788730165966,0.8840975413926385,0.8159685054354671,0.8645019481379485,0.7600466277574194,0.8173104147802387,0.6002915503908487,0.8269077646235701,0.6672777699026646,0.8204395006877949,0.9988319688097625,0.9989821292154092,0.13149855732156776,0.2117463948665245,0.44388844486042706,0.7017024406126953,0.39730546946045164,0.5436941126050049,0.695532867319677,0.9138751171333527
synthetic_low_dense,GCN,epsd_tuned,"{""lambda_epsd"": 0.03}",10,"0.6010 (0.5720, 0.6300)","0.5997 (0.5709, 0.6272)","0.6674 (0.6543, 0.6822)","0.0144 (0.0044, 0.0307)","0.0844 (0.0713, 0.0994)","0.3056 (0.2856, 0.3294)","0.6890 (0.6629, 0.7147)","0.0258 (0.0076, 0.0463)","0.5706 (0.5522, 0.5871)","0.0125 (0.0044, 0.0212)",0.8321269898606526,0.8840975413926385,0.8158940148886612,0.8645019481379485,0.7723509384540771,0.8248918186210211,0.6773110492881701,0.8507560694818891,0.4983501821665274,0.7390610064876596,0.9093542396517478,0.9240687095490252,0.1342026892714166,0.21499818587359595,0.44388844486042706,0.7017024406126953,0.3631841856210214,0.5113893914125593,0.695532867319677,0.9138751171333527
synthetic_low_dense,GCN,epsd_tuned,"{""lambda_epsd"": 0.1}",10,"0.6005 (0.5730, 0.6255)","0.5990 (0.5712, 0.6248)","0.6678 (0.6564, 0.6815)","0.0175 (0.0038, 0.0375)","0.0800 (0.0663, 0.0950)","0.3063 (0.2869, 0.3300)","0.6883 (0.6618, 0.7140)","0.0283 (0.0102, 0.0487)","0.5699 (0.5519, 0.5876)","0.0112 (0.0032, 0.0206)",0.8705454508907029,0.9139786157314327,0.8687478064538411,0.9102688413211203,0.8220614329485562,0.8589752726378059,0.9148344671405452,0.9572117485424074,0.24470134536790764,0.5411001580670634,0.8196485207668799,0.8550486229926919,0.15247412205942557,0.2366986689733809,0.3219407710736132,0.6396723883537412,0.3599112323387688,0.5100629678630987,0.5876268627671585,0.909267097879788
synthetic_low_dense,GCN,epsd_tuned,"{""lambda_epsd"": 0.3}",10,"0.6015 (0.5775, 0.6235)","0.6001 (0.5782, 0.6207)","0.6688 (0.6566, 0.6818)","0.0175 (0.0044, 0.0319)","0.0794 (0.0656, 0.0925)","0.3100 (0.2900, 0.3350)","0.6862 (0.6615, 0.7109)","0.0261 (0.0087, 0.0418)","0.5702 (0.5536, 0.5877)","0.0100 (0.0025, 0.0194)",0.7637984874511065,0.8245551853165354,0.7631326068405142,0.8253690474165786,0.9817200040707175,0.9880130810198887,0.863854888768311,0.9374730078001474,0.11063754085496998,0.31358884275037296,0.44215275803741577,0.5222103138354824,0.31989982236952125,0.4425046001058576,0.4344666289503032,0.7009693549559016,0.38377666786147635,0.5308628797731435,0.49020196483938755,0.8842858973573265
synthetic_low_dense,GCN,epsd_tuned,"{""lambda_epsd"": 1.0}",10,"0.5995 (0.5760, 0.6215)","0.5977 (0.5762, 0.6181)","0.6632 (0.6509, 0.6776)","0.0144 (0.0094, 0.0187)","0.0663 (0.0506, 0.0825)","0.3019 (0.2794, 0.3294)","0.6800 (0.6566, 0.7052)","0.0280 (0.0113, 0.0521)","0.5726 (0.5568, 0.5882)","0.0119 (0.0031, 0.0231)",0.9412849368649836,0.9580935964518584,0.9782915634302997,0.9817362520339274,0.17029074206482842,0.23978158299711264,0.5568862380283706,0.8032506566952995,0.10724180251167129,0.31358884275037296,0.6589240696454051,0.7184102703772819,0.9397401694789537,0.958046796157115,0.523956276214774,0.7663472638094592,0.42848833718603674,0.5742322976957097,0.6773310648073798,0.9138751171333527
synthetic_low_dense,GCN,epsd_tuned,"{""lambda_epsd"": 10.0}",10,"0.5695 (0.5445, 0.5945)","0.5619 (0.5309, 0.5874)","0.6295 (0.5878, 0.6638)","0.0219 (0.0112, 0.0350)","0.0969 (0.0706, 0.1238)","0.2444 (0.1912, 0.2888)","0.6679 (0.6351, 0.6971)","0.0393 (0.0180, 0.0639)","0.5786 (0.5636, 0.5916)","0.0206 (0.0094, 0.0356)",0.003163101793032716,0.016983160327370937,0.006919546578383372,0.030862929179964554,0.08392450615259524,0.13176147465957452,0.7189115778759996,0.8629148171560757,0.8189396496819416,0.9151140569399632,0.03191777593128388,0.05192840229234787,0.5422541652148266,0.6523670799902512,0.15016116889491443,0.42342744021719114,0.9381916050133966,0.957525977996332,0.6151669116888117,0.9102168949389025
synthetic_low_dense,GCN,epsd_tuned,"{""lambda_epsd"": 3.0}",10,"0.5955 (0.5715, 0.6180)","0.5909 (0.5682, 0.6128)","0.6553 (0.6409, 0.6711)","0.0175 (0.0094, 0.0256)","0.1063 (0.0856, 0.1269)","0.2850 (0.2594, 0.3144)","0.6748 (0.6538, 0.6988)","0.0165 (0.0065, 0.0272)","0.5685 (0.5474, 0.5865)","0.0150 (0.0069, 0.0250)",0.5626798796719863,0.6766403616308696,0.34597796099985645,0.5030801983926484,0.06858763717118645,0.11021496962701295,0.8671629050688412,0.9374730078001474,0.35642874002090924,0.6506896765497994,0.06336439248251104,0.09565586172840608,0.6305617495292051,0.7199868703715286,0.6027782927272681,0.8121608660130945,0.17110426319560923,0.29358873575640054,0.9426717146214046,0.9784973449319558
synthetic_low_dense,GCN,label_smoothing,"{""alpha"": 0.01}",10,"0.5980 (0.5750, 0.6185)","0.5967 (0.5764, 0.6183)","0.6688 (0.6558, 0.6839)","0.0162 (0.0081, 0.0256)","0.0956 (0.0775, 0.1125)","0.3087 (0.2919, 0.3263)","0.6803 (0.6536, 0.7069)","0.0224 (0.0099, 0.0350)","0.5800 (0.5566, 0.6026)","0.0156 (0.0087, 0.0244)",0.16785065605707503,0.31063270763809336,0.20419120751233444,0.35484447646960554,0.9505777050770319,0.9690954525785326,0.4899714249333263,0.7706585728850811,0.41155989255858416,0.6978790149965699,0.08210986156371569,0.11881334806915543,0.2658305535175936,0.37769589956798366,0.34343639613791355,0.6396723883537412,0.7206069935730142,0.7997759431589619,0.9941336932882279,0.9995661178417156
synthetic_low_dense,GCN,label_smoothing,"{""alpha"": 0.05}",10,"0.5935 (0.5740, 0.6135)","0.5917 (0.5721, 0.6113)","0.6731 (0.6602, 0.6886)","0.0156 (0.0081, 0.0231)","0.0975 (0.0812, 0.1119)","0.3156 (0.2993, 0.3350)","0.6860 (0.6597, 0.7130)","0.0372 (0.0189, 0.0562)","0.5826 (0.5603, 0.6004)","0.0144 (0.0081, 0.0212)",0.03987193860194758,0.11032526700538893,0.0321541008767454,0.09447338917394268,0.050435911219314455,0.0837929953590727,0.6366787478966836,0.8325450100883367,0.5680055161699819,0.7720940782570316,0.031652102816202225,0.05176437648066406,0.1434011810419811,0.22627121028734706,0.08401884510992824,0.34427155675539634,0.3099173058600453,0.4547384768226833,0.5060503657251969,0.9040123038197692
synthetic_low_dense,GCN,label_smoothing,"{""alpha"": 0.1}",10,"0.5915 (0.5740, 0.6100)","0.5900 (0.5699, 0.6076)","0.6783 (0.6652, 0.6942)","0.0281 (0.0156, 0.0444)","0.0838 (0.0694, 0.0994)","0.3231 (0.3056, 0.3437)","0.6919 (0.6681, 0.7176)","0.0428 (0.0156, 0.0745)","0.5826 (0.5643, 0.5999)","0.0138 (0.0069, 0.0200)",0.02195620183644588,0.07276183166729158,0.019332544063106423,0.06406715183703873,0.024999919549034397,0.044602129195436366,0.3394148146324792,0.6589208148677645,0.5335458596239498,0.7454157930783891,0.006469889122775417,0.013278073101643665,0.1295608422597583,0.20970156943074283,0.22545349986240204,0.5392067390834658,0.43095882596000584,0.5742322976957097,0.39142938479645334,0.8522161625522906
synthetic_low_dense,GCN,label_smoothing,"{""alpha"": 0.2}",10,"0.5865 (0.5655, 0.6080)","0.5850 (0.5636, 0.6065)","0.6931 (0.6783, 0.7083)","0.0306 (0.0156, 0.0475)","0.0994 (0.0850, 0.1144)","0.3425 (0.3225, 0.3644)","0.6975 (0.6752, 0.7220)","0.0312 (0.0149, 0.0496)","0.5926 (0.5729, 0.6082)","0.0131 (0.0069, 0.0206)",0.006959996995098133,0.0314857006921106,0.018350167184338167,0.06159127363030885,0.0001782374889617641,0.0005381401109037878,0.3600521263466366,0.6674329956503458,0.5891552976083722,0.7838761163094443,0.00015642077453174204,0.000506351785597598,0.023774571001515934,0.05044064388159462,0.11200232301663732,0.36901818004428927,0.011623189445597886,0.036865469554724604,0.34242395215401816,0.8522161625522906
synthetic_low_dense,GCN,none,{},10,"0.5990 (0.5785, 0.6195)","0.5975 (0.5741, 0.6191)","0.6689 (0.6566, 0.6825)","0.0188 (0.0088, 0.0306)","0.0925 (0.0775, 0.1069)","0.3050 (0.2887, 0.3250)","0.6793 (0.6509, 0.7060)","0.0197 (0.0074, 0.0328)","0.5794 (0.5578, 0.5985)","0.0156 (0.0075, 0.0250)",,,,,,,,,,,,,,,,,,,,
synthetic_low_dense,GraphSAGE,dropedge,"{""rate"": 0.1}",10,"0.7800 (0.7540, 0.8110)","0.7775 (0.7483, 0.8102)","0.7993 (0.7815, 0.8169)","0.0231 (0.0112, 0.0388)","0.1419 (0.1169, 0.1675)","0.5494 (0.5194, 0.5807)","0.8052 (0.7877, 0.8228)","0.0301 (0.0134, 0.0514)","0.6878 (0.6732, 0.7036)","0.0100 (0.0031, 0.0187)",0.32138198860451583,0.5071470098409604,0.38859171544871296,0.5482605886281345,0.27980486818322176,0.36915432188878833,0.09538746275933539,0.38543454512372993,0.09296769414450234,0.30094696867395604,0.3634717664882095,0.43896205645114533,0.0217543815084584,0.04678682050449272,0.10374962332761792,0.35685310001697157,0.872850239773363,0.9105480906605846,0.6909722897922583,0.9138751171333527
synthetic_low_dense,GraphSAGE,dropedge,"{""rate"": 0.2}",10,"0.7700 (0.7410, 0.8000)","0.7679 (0.7381, 0.7972)","0.7969 (0.7812, 0.8137)","0.0275 (0.0156, 0.0419)","0.1338 (0.1119, 0.1556)","0.5500 (0.5218, 0.5850)","0.8037 (0.7820, 0.8249)","0.0275 (0.0117, 0.0489)","0.6852 (0.6689, 0.7034)","0.0163 (0.0069, 0.0275)",0.5126263078067381,0.6436057168498696,0.4542427238884229,0.5993744855339463,0.6992701431230671,0.7650551391660038,0.6723938763525824,0.8486261423320899,0.2777772731943868,0.5871311789706556,0.3833197021937945,0.4611585689228026,0.02914729833228542,0.05923206133963425,0.08285419740024243,0.34427155675539634,0.7914712980862346,0.8540274487940813,0.6281306584842007,0.9102168949389025
synthetic_low_dense,GraphSAGE,dropedge,"{""rate"": 0.3}",10,"0.7745 (0.7490, 0.8050)","0.7725 (0.7465, 0.8042)","0.7982 (0.7822, 0.8131)","0.0275 (0.0156, 0.0400)","0.1363 (0.1062, 0.1706)","0.5494 (0.5237, 0.5794)","0.8056 (0.7881, 0.8243)","0.0250 (0.0110, 0.0471)","0.6788 (0.6639, 0.6962)","0.0162 (0.0094, 0.0231)",1.0,1.0,0.9526722871278993,0.9662334584749156,0.3426719203954443,0.42134030244483694,0.6965451365505513,0.857888019676478,0.4198007800315399,0.701156621967572,0.31788761769412455,0.38990903107794966,0.0033465987074446746,0.008522421793767547,0.06998509817305801,0.3399603377447811,0.2665878936139329,0.4083346272915851,0.5566696511883176,0.909267097879788
synthetic_low_dense,GraphSAGE,dropedge,"{""rate"": 0.5}",10,"0.7635 (0.7340, 0.7975)","0.7611 (0.7297, 0.7898)","0.7897 (0.7773, 0.8037)","0.0206 (0.0100, 0.0319)","0.1156 (0.0950, 0.1363)","0.5394 (0.5125, 0.5706)","0.7957 (0.7767, 0.8162)","0.0200 (0.0061, 0.0387)","0.6724 (0.6607, 0.6857)","0.0200 (0.0094, 0.0319)",0.13716899746360442,0.26776139915840586,0.11222350923121992,0.24415038267860822,0.09204666218627668,0.1423775956969994,0.2569471681951695,0.6054981460200438,0.24181912190419172,0.5385191792760013,0.05474783633246367,0.08510307231878017,0.583167283289724,0.6851045811051832,0.013014062953103955,0.21616518158948222,0.0960890533738113,0.18740349539985557,0.3927604374414681,0.8522161625522906
synthetic_low_dense,GraphSAGE,edge_sparsification,"{""rate"": 0.05}",10,"0.7655 (0.7445, 0.7885)","0.7628 (0.7421, 0.7853)","0.7942 (0.7775, 0.8097)","0.0144 (0.0075, 0.0225)","0.1281 (0.1050, 0.1525)","0.5525 (0.5269, 0.5869)","0.8017 (0.7839, 0.8226)","0.0201 (0.0098, 0.0329)","0.6978 (0.6729, 0.7188)","0.0225 (0.0163, 0.0287)",0.16191866442661138,0.3076454624105616,0.12440468725001479,0.2556606742030653,0.759458970728493,0.8173104147802387,0.02110040824594833,0.195119585513664,0.6832335394034298,0.8204395006877949,0.5561594048233738,0.6350329204165068,0.15575719356129591,0.23974391557964175,0.16532743236040345,0.4533494411978785,0.45843287315957637,0.602292561389569,0.04083549328874826,0.688392717747149
synthetic_low_dense,GraphSAGE,edge_sparsification,"{""rate"": 0.1}",10,"0.7660 (0.7450, 0.7885)","0.7631 (0.7432, 0.7875)","0.7986 (0.7825, 0.8127)","0.0144 (0.0069, 0.0232)","0.1288 (0.1056, 0.1607)","0.5638 (0.5344, 0.5950)","0.8064 (0.7856, 0.8285)","0.0176 (0.0072, 0.0304)","0.6976 (0.6774, 0.7160)","0.0169 (0.0100, 0.0244)",0.11987694797075389,0.24769702574810082,0.08866852875133324,0.2114629224177757,0.5701850574397428,0.6463469604190587,0.011873548683729765,0.1429392591541314,0.7520142901173235,0.8831707698481785,0.5319896070346072,0.6096523233900243,0.03702126644058161,0.07265423538964141,0.07613480776247956,0.34427155675539634,0.4132449005130769,0.5593055981082161,0.2574208884396726,0.8522161625522906
synthetic_low_dense,GraphSAGE,edge_sparsification,"{""rate"": 0.2}",10,"0.7590 (0.7410, 0.7805)","0.7568 (0.7380, 0.7781)","0.8052 (0.7888, 0.8200)","0.0131 (0.0063, 0.0219)","0.1206 (0.0994, 0.1456)","0.5737 (0.5350, 0.6144)","0.8138 (0.7937, 0.8347)","0.0140 (0.0047, 0.0258)","0.6949 (0.6761, 0.7107)","0.0238 (0.0131, 0.0362)",0.04133806510361501,0.11220331956695503,0.03909256646275035,0.11141381441883849,0.10216748400372987,0.15725779400574108,0.011373907215802904,0.1429392591541314,0.516826198558808,0.7454157930783891,0.031347022628116124,0.05176437648066406,0.007369897342221345,0.017399607259078964,0.0577369561015437,0.3399603377447811,0.5455924312988095,0.6710841082072123,0.04455753447196326,0.688392717747149
synthetic_low_dense,GraphSAGE,edge_sparsification,"{""rate"": 0.3}",10,"0.7515 (0.7360, 0.7675)","0.7494 (0.7340, 0.7652)","0.8123 (0.7988, 0.8256)","0.0156 (0.0075, 0.0256)","0.1281 (0.1007, 0.1544)","0.5956 (0.5644, 0.6300)","0.8177 (0.7983, 0.8362)","0.0203 (0.0049, 0.0352)","0.7034 (0.6843, 0.7237)","0.0237 (0.0144, 0.0325)",0.022593064298988857,0.0730113933662745,0.021277038666059216,0.06813433730142558,0.006450452721794591,0.013502947697623344,0.011538928597367774,0.1429392591541314,0.8031675741056136,0.9071748858602974,0.0003687440681636992,0.0010068316295947961,0.0038360375574370336,0.009559649151073242,0.18136491601717422,0.46530507142111094,0.20871641579922862,0.3395697127510766,0.054714964673007835,0.688392717747149
synthetic_low_dense,GraphSAGE,epsd_tuned,"{""lambda_epsd"": 0.01}",10,"0.7750 (0.7530, 0.8030)","0.7727 (0.7482, 0.8009)","0.8047 (0.7898, 0.8186)","0.0206 (0.0106, 0.0325)","0.1225 (0.0906, 0.1569)","0.5687 (0.5412, 0.5981)","0.8060 (0.7896, 0.8250)","0.0275 (0.0095, 0.0478)","0.7123 (0.6969, 0.7290)","0.0131 (0.0025, 0.0263)",0.9151179230373988,0.9415473215366738,0.9619821724709058,0.9722160253695323,0.0012047703888189514,0.0028877702449553494,0.11679408173129593,0.41399738645327416,0.8014401459600887,0.9071748858602974,0.3014950142251615,0.37536752204512325,0.0012710865025474293,0.0038377034788451233,0.14529842319456188,0.4172330867880538,0.026266218076307878,0.0729875440350502,0.9465898228146093,0.9784973449319558
synthetic_low_dense,GraphSAGE,epsd_tuned,"{""lambda_epsd"": 0.03}",10,"0.7575 (0.7355, 0.7805)","0.7550 (0.7320, 0.7792)","0.8186 (0.8057, 0.8312)","0.0287 (0.0169, 0.0444)","0.1275 (0.1025, 0.1544)","0.6019 (0.5782, 0.6269)","0.8207 (0.8049, 0.8382)","0.0356 (0.0153, 0.0594)","0.7206 (0.7100, 0.7315)","0.0144 (0.0025, 0.0300)",0.02352377096538924,0.07442764018978937,0.020625650001988502,0.0667989801200764,1.2938800475633512e-06,8.64421989223175e-06,0.8961440277371026,0.952105194514429,0.9065991952360188,0.9625356562385511,0.002239321298416765,0.0049517386457948185,1.7732916143072225e-05,0.00011463507591795166,0.7794728936530354,0.8969669695345591,0.0026811762103067277,0.01195099339947379,0.8503416292221594,0.9685873964486025
synthetic_low_dense,GraphSAGE,epsd_tuned,"{""lambda_epsd"": 0.1}",10,"0.7350 (0.7105, 0.7585)","0.7326 (0.7103, 0.7562)","0.8388 (0.8262, 0.8509)","0.0331 (0.0162, 0.0544)","0.1813 (0.1537, 0.2132)","0.6362 (0.6138, 0.6594)","0.8432 (0.8289, 0.8581)","0.0395 (0.0157, 0.0685)","0.7347 (0.7191, 0.7529)","0.0206 (0.0081, 0.0350)",0.0021843398358438555,0.013245464962031888,0.002445128742393334,0.01314833380343585,7.410548975712595e-07,5.675396044814036e-06,0.6008930628323165,0.8269077646235701,0.03580926095498509,0.17847790380738598,0.0006337134187141112,0.0016047259151308944,1.003272884403809e-05,6.848427950060783e-05,0.8646148773038334,0.9435343302768944,0.0012609879383174317,0.0071990947751213365,0.439802872379446,0.8522161625522906
synthetic_low_dense,GraphSAGE,epsd_tuned,"{""lambda_epsd"": 0.3}",10,"0.7140 (0.6840, 0.7455)","0.7124 (0.6854, 0.7410)","0.8560 (0.8416, 0.8685)","0.0250 (0.0131, 0.0400)","0.2081 (0.1725, 0.2488)","0.6594 (0.6331, 0.6850)","0.8637 (0.8521, 0.8765)","0.0292 (0.0089, 0.0513)","0.7313 (0.7175, 0.7479)","0.0175 (0.0094, 0.0269)",2.529643106605924e-05,0.0004557905770546785,2.23714317717592e-05,0.00039849112843446077,2.560312603000996e-07,2.4361762343706447e-06,0.5193098760136245,0.7971706409102651,0.013600421222881959,0.09086238859542416,8.955437299418078e-06,4.065212939736542e-05,5.51566592268702e-06,4.224192926155425e-05,0.4902996683222678,0.7449698843925718,0.0028905882560445223,0.012127026859725705,0.3514133784775775,0.8522161625522906
synthetic_low_dense,GraphSAGE,epsd_tuned,"{""lambda_epsd"": 1.0}",10,"0.6790 (0.6580, 0.7010)","0.6789 (0.6608, 0.7019)","0.8631 (0.8518, 0.8773)","0.0462 (0.0256, 0.0662)","0.2268 (0.2068, 0.2481)","0.6550 (0.6306, 0.6806)","0.8690 (0.8559, 0.8822)","0.0598 (0.0312, 0.0865)","0.7346 (0.7158, 0.7542)","0.0131 (0.0050, 0.0232)",4.4834447863369557e-07,2.555563528212065e-05,1.1402764059605906e-06,5.1273023944777275e-05,1.147031310692796e-06,8.00372959016751e-06,0.08251145281348889,0.3578622469402542,0.00010205108691433852,0.0026703367742585246,8.496356395566947e-05,0.00029918829028426796,5.934099136722573e-06,4.4364455450735426e-05,0.17343555427790708,0.45358387052452037,0.005152643800295941,0.019493134377023196,0.9120029720739437,0.9784973449319558
synthetic_low_dense,GraphSAGE,label_smoothing,"{""alpha"": 0.01}",10,"0.7690 (0.7480, 0.7940)","0.7670 (0.7461, 0.7939)","0.8099 (0.7986, 0.8223)","0.0225 (0.0112, 0.0363)","0.1094 (0.0850, 0.1419)","0.5938 (0.5619, 0.6256)","0.8058 (0.7877, 0.8250)","0.0267 (0.0084, 0.0529)","0.7008 (0.6860, 0.7171)","0.0169 (0.0069, 0.0307)",0.11112696121504241,0.2368759344705138,0.09418076571675807,0.2182237254412687,9.027411603867531e-06,4.887253868300698e-05,0.017171323509074417,0.16795700807313413,0.07675641053075713,0.26779458785175264,4.287326989471901e-05,0.00015837890290519726,7.652167126853913e-06,5.587861576353788e-05,0.09944535940934444,0.35342298920133475,0.0027883146385517246,0.011993572554866322,0.35241955460561974,0.8522161625522906
synthetic_low_dense,GraphSAGE,label_smoothing,"{""alpha"": 0.05}",10,"0.7600 (0.7375, 0.7875)","0.7580 (0.7351, 0.7855)","0.8544 (0.8404, 0.8700)","0.0387 (0.0163, 0.0694)","0.1844 (0.1194, 0.2594)","0.6675 (0.6462, 0.6894)","0.8315 (0.8145, 0.8478)","0.0115 (0.0013, 0.0273)","0.7193 (0.7058, 0.7343)","0.0175 (0.0081, 0.0288)",0.05313513354062968,0.1364280455772924,0.045957013428947584,0.12642300285103036,2.3849803096993585e-05,0.00010853388655733312,0.6114564045302959,0.8285101931514399,0.21975601107237608,0.5188224622310232,2.4844950679986282e-06,1.4015412029584053e-05,0.0001540712779647569,0.0007114467835431422,0.010342041286957517,0.2104783425759268,0.0005428128086166691,0.0035789997742885983,0.40034642524746883,0.8522161625522906
synthetic_low_dense,GraphSAGE,label_smoothing,"{""alpha"": 0.1}",10,"0.7530 (0.7280, 0.7805)","0.7512 (0.7268, 0.7833)","0.8837 (0.8638, 0.9038)","0.0794 (0.0381, 0.1250)","0.2631 (0.1543, 0.3663)","0.7106 (0.6825, 0.7394)","0.8420 (0.8231, 0.8594)","0.0077 (0.0000, 0.0221)","0.7235 (0.7085, 0.7406)","0.0250 (0.0156, 0.0350)",0.001860760756980121,0.011784818127540767,0.001477287679691143,0.009356155304710574,1.6335804391681528e-05,7.89145012152e-05,0.09605078121294229,0.38543454512372993,0.06074018305412604,0.24451817280763558,4.3923194474743305e-07,3.186632534086335e-06,2.993229152777409e-05,0.00016204723344346664,0.007799387564588887,0.2034340256430268,0.0008425297856767117,0.005187340249068382,0.002934427297167709,0.5399346226788585
synthetic_low_dense,GraphSAGE,label_smoothing,"{""alpha"": 0.2}",10,"0.7395 (0.7200, 0.7660)","0.7374 (0.7171, 0.7625)","0.9213 (0.9065, 0.9375)","0.1600 (0.0956, 0.2425)","0.4650 (0.3637, 0.5563)","0.7650 (0.7269, 0.8062)","0.8522 (0.8325, 0.8711)","0.0013 (0.0000, 0.0040)","0.7380 (0.7256, 0.7513)","0.0187 (0.0137, 0.0237)",0.0020838122501907327,0.012910575897920842,0.0017935813313509285,0.010875971902872652,1.3050868156570371e-07,1.4130940004010677e-06,0.009477648966965582,0.1429392591541314,0.00025791696198677893,0.0062296866202960445,1.2527705222019958e-07,1.1046336193430454e-06,4.1065889267262686e-05,0.00020467760682413465,0.01312184808370659,0.21616518158948222,5.5806938054072225e-05,0.0007965172067717581,0.20567569462809895,0.8522161625522906
synthetic_low_dense,GraphSAGE,none,{},10,"0.7745 (0.7495, 0.8070)","0.7729 (0.7472, 0.8032)","0.7957 (0.7815, 0.8096)","0.0294 (0.0156, 0.0475)","0.1256 (0.1012, 0.1525)","0.5581 (0.5219, 0.5925)","0.7933 (0.7749, 0.8122)","0.0376 (0.0162, 0.0626)","0.6868 (0.6709, 0.7042)","0.0125 (0.0063, 0.0181)",,,,,,,,,,,,,,,,,,,,
synthetic_low_medium,GCN,dp_sgd,"{""noise_multiplier"": 0.5}",10,"0.5440 (0.5195, 0.5665)","0.5420 (0.5141, 0.5654)","0.6714 (0.6535, 0.6871)","0.0125 (0.0075, 0.0175)","0.0831 (0.0644, 0.1031)","0.3125 (0.2844, 0.3438)","0.6634 (0.6400, 0.6859)","0.0109 (0.0038, 0.0199)","0.5615 (0.5520, 0.5726)","0.0169 (0.0088, 0.0256)",0.6489886285457954,0.7368994387870585,0.6242307786105844,0.7321225181235249,6.545594161477907e-07,5.270042478728367e-06,0.008572399528794369,0.14121900276382301,0.00044956933819502757,0.007429724852275719,1.301638341264098e-07,1.1046336193430454e-06,1.9117666639643e-05,0.00011544129470861349,0.8802301100346747,0.9435343302768944,0.0016897535070538418,0.00842194605103026,0.13940809802735968,0.8522161625522906
synthetic_low_medium,GCN,dp_sgd,"{""noise_multiplier"": 1.0}",10,"0.5440 (0.5185, 0.5660)","0.5420 (0.5162, 0.5670)","0.6714 (0.6531, 0.6866)","0.0125 (0.0075, 0.0175)","0.0831 (0.0637, 0.1007)","0.3125 (0.2844, 0.3406)","0.6634 (0.6401, 0.6873)","0.0109 (0.0038, 0.0203)","0.5615 (0.5516, 0.5733)","0.0169 (0.0081, 0.0256)",0.6489886285457954,0.7368994387870585,0.6242307786105844,0.7321225181235249,6.545594161477907e-07,5.270042478728367e-06,0.008572399528794369,0.14121900276382301,0.00044956933819502757,0.007429724852275719,1.301638341264098e-07,1.1046336193430454e-06,1.9117666639643e-05,0.00011544129470861349,0.8802301100346747,0.9435343302768944,0.0016897535070538418,0.00842194605103026,0.13940809802735968,0.8522161625522906
synthetic_low_medium,GCN,dp_sgd,"{""noise_multiplier"": 2.0}",10,"0.5440 (0.5210, 0.5660)","0.5420 (0.5181, 0.5663)","0.6714 (0.6557, 0.6866)","0.0125 (0.0075, 0.0175)","0.0831 (0.0656, 0.1026)","0.3125 (0.2813, 0.3406)","0.6634 (0.6414, 0.6874)","0.0109 (0.0038, 0.0214)","0.5615 (0.5516, 0.5741)","0.0169 (0.0088, 0.0256)",0.6489886285457954,0.7368994387870585,0.6242307786105844,0.7321225181235249,6.545594161477907e-07,5.270042478728367e-06,0.008572399528794369,0.14121900276382301,0.00044956933819502757,0.007429724852275719,1.301638341264098e-07,1.1046336193430454e-06,1.9117666639643e-05,0.00011544129470861349,0.8802301100346747,0.9435343302768944,0.0016897535070538418,0.00842194605103026,0.13940809802735968,0.8522161625522906
synthetic_low_medium,GCN,dropedge,"{""rate"": 0.1}",10,"0.5365 (0.5140, 0.5585)","0.5322 (0.5042, 0.5560)","0.7612 (0.7447, 0.7785)","0.0356 (0.0206, 0.0544)","0.1587 (0.1156, 0.2069)","0.4550 (0.4281, 0.4875)","0.7333 (0.7188, 0.7483)","0.0148 (0.0049, 0.0275)","0.5759 (0.5617, 0.5956)","0.0150 (0.0063, 0.0250)",0.7241896855771972,0.7956486262505977,0.5946123542837097,0.7180700041138021,0.00032007706799339893,0.0009136745395447933,0.7223120833702614,0.8629148171560757,0.09678764076288564,0.3069830222176373,0.0003060165785293767,0.0008815523454882961,0.6156837731401296,0.7055646159343091,0.03731705449451627,0.3399603377447811,0.08423283190962566,0.17166217966530972,0.16830995476969401,0.8522161625522906
synthetic_low_medium,GCN,dropedge,"{""rate"": 0.2}",10,"0.5280 (0.5025, 0.5475)","0.5222 (0.4989, 0.5408)","0.7420 (0.7287, 0.7546)","0.0125 (0.0075, 0.0175)","0.0844 (0.0656, 0.1075)","0.4350 (0.4069, 0.4600)","0.7268 (0.7074, 0.7442)","0.0172 (0.0066, 0.0288)","0.5815 (0.5671, 0.5984)","0.0144 (0.0069, 0.0231)",0.17719739134522727,0.3216640543528011,0.10491041911721002,0.23191793074314723,4.2447198922358635e-05,0.00016871418305848876,0.036476882861605456,0.2468409870021658,0.0007869750008406717,0.011232279557453222,1.4023173315943563e-05,6.031885508501751e-05,0.21321067414667785,0.31284183028998525,0.08229335906792294,0.34427155675539634,0.3062356812707345,0.45144602778878234,0.04115089982747214,0.688392717747149
synthetic_low_medium,GCN,dropedge,"{""rate"": 0.3}",10,"0.5210 (0.5020, 0.5390)","0.5150 (0.4944, 0.5326)","0.7350 (0.7237, 0.7463)","0.0263 (0.0156, 0.0394)","0.1200 (0.0869, 0.1544)","0.4181 (0.3944, 0.4437)","0.7225 (0.7021, 0.7388)","0.0187 (0.0094, 0.0297)","0.5785 (0.5634, 0.5929)","0.0119 (0.0050, 0.0181)",0.09739076815996647,0.2142243411524704,0.05570232897924865,0.14836601644005482,2.927838185703832e-05,0.00012768627643208378,0.077875997393665,0.35326358237995864,0.015663411952262427,0.09781097858327233,3.109982464501991e-05,0.00012206681173170314,0.07278946047157814,0.13135569303491687,0.04360473227449084,0.3399603377447811,0.27640273670586113,0.41726182368096343,0.2981732049898256,0.8522161625522906
synthetic_low_medium,GCN,dropedge,"{""rate"": 0.5}",10,"0.5025 (0.4855, 0.5195)","0.4946 (0.4782, 0.5126)","0.7114 (0.7005, 0.7204)","0.0294 (0.0150, 0.0462)","0.1075 (0.0812, 0.1350)","0.3662 (0.3475, 0.3850)","0.6825 (0.6699, 0.6973)","0.0427 (0.0208, 0.0682)","0.5682 (0.5495, 0.5843)","0.0156 (0.0106, 0.0200)",0.024262236884396444,0.07516019034840203,0.013496861922008248,0.051288075303631345,9.236417368145008e-05,0.00031870714874698163,0.2725942589613422,0.6054981460200438,0.015554257684639094,0.09781097858327233,1.820525731497786e-07,1.4291126992257618e-06,0.0005749312701494561,0.0019002991455466234,0.024330393468463093,0.3399603377447811,0.08473770015325797,0.17166217966530972,0.05743419203136853,0.688392717747149
synthetic_low_medium,GCN,edge_sparsification,"{""rate"": 0.05}",10,"0.5295 (0.5040, 0.5540)","0.5268 (0.5033, 0.5508)","0.7855 (0.7622, 0.8094)","0.0338 (0.0169, 0.0513)","0.1844 (0.1456, 0.2318)","0.4975 (0.4631, 0.5319)","0.7394 (0.7238, 0.7540)","0.0137 (0.0053, 0.0215)","0.5707 (0.5540, 0.5846)","0.0125 (0.0056, 0.0225)",0.26604265774046765,0.43827836679788024,0.21024956806923145,0.3609706439742829,0.8671491320195113,0.8986297935779753,0.6284283753215479,0.8325450100883367,0.9687168228795519,0.987587929818764,0.2889104878578879,0.3643288883027181,0.39050050906434086,0.5109048326925126,0.5222767715319255,0.7663472638094592,0.002132363606495513,0.00984650253587634,0.5508924485299517,0.909267097879788
synthetic_low_medium,GCN,edge_sparsification,"{""rate"": 0.1}",10,"0.5230 (0.4985, 0.5475)","0.5216 (0.4965, 0.5457)","0.7974 (0.7778, 0.8139)","0.0419 (0.0256, 0.0600)","0.1800 (0.1419, 0.2188)","0.5300 (0.4969, 0.5619)","0.7489 (0.7258, 0.7707)","0.0073 (0.0000, 0.0178)","0.5884 (0.5665, 0.6059)","0.0050 (0.0019, 0.0088)",0.23892059612826175,0.4053117255747298,0.2565389772013519,0.42013296412467754,0.08868061742438406,0.1378500686695871,0.8962047063668689,0.952105194514429,0.9138687326478937,0.9629355102397268,0.000695474630387473,0.0017331669360449724,0.08168953199225168,0.14250285025315015,0.5951983589311799,0.8121608660130945,0.6084436287166279,0.7209482996868724,0.38419027053239124,0.8522161625522906
synthetic_low_medium,GCN,edge_sparsification,"{""rate"": 0.2}",10,"0.5095 (0.4895, 0.5325)","0.5064 (0.4830, 0.5277)","0.7886 (0.7666, 0.8067)","0.0450 (0.0350, 0.0538)","0.1394 (0.1175, 0.1612)","0.5250 (0.4925, 0.5544)","0.7547 (0.7330, 0.7780)","0.0227 (0.0106, 0.0348)","0.5920 (0.5741, 0.6077)","0.0075 (0.0044, 0.0113)",0.014754825087984678,0.05391186089840556,0.010708677825293179,0.0423885163917855,0.6439542146988219,0.716690356472092,0.5905998614169519,0.8269077646235701,0.11856247709788195,0.32656682288363975,0.005093917010409178,0.010663266275123212,0.04851996389253302,0.09177872688105644,0.08994087163338974,0.34754929408951835,0.9392293032575486,0.957525977996332,0.730106751188059,0.9138751171333527
synthetic_low_medium,GCN,edge_sparsification,"{""rate"": 0.3}",10,"0.5040 (0.4815, 0.5320)","0.5010 (0.4782, 0.5305)","0.8007 (0.7802, 0.8197)","0.0350 (0.0175, 0.0525)","0.1600 (0.1312, 0.1869)","0.5369 (0.5094, 0.5625)","0.7567 (0.7397, 0.7718)","0.0174 (0.0073, 0.0285)","0.5992 (0.5872, 0.6123)","0.0069 (0.0038, 0.0106)",0.03530454945878727,0.10061796595754371,0.02940051867154004,0.0900983636708485,0.10904625395989336,0.1646179026125313,0.7102535308875434,0.8629148171560757,0.37998343107155885,0.6665631137232932,0.001728067233274587,0.0039426251673061515,0.03456919162579847,0.06870079854747291,0.46971434722525696,0.7278247063440864,0.39824727993360226,0.5436941126050049,0.43733276741722193,0.8522161625522906
synthetic_low_medium,GCN,epsd_tuned,"{""lambda_epsd"": 0.01}",10,"0.5460 (0.5245, 0.5655)","0.5428 (0.5220, 0.5623)","0.7787 (0.7584, 0.7995)","0.0331 (0.0200, 0.0481)","0.1712 (0.1413, 0.2006)","0.4813 (0.4506, 0.5125)","0.7338 (0.7145, 0.7536)","0.0100 (0.0036, 0.0188)","0.5760 (0.5638, 0.5861)","0.0100 (0.0044, 0.0168)",0.26591911215978425,0.43827836679788024,0.34358041475165874,0.5021559907908859,0.27621861422397515,0.3659605268621443,0.6051590595525632,0.8269077646235701,0.5031949451393675,0.7390610064876596,0.4464642295415493,0.5222103138354824,0.6096624318468739,0.7055646159343091,0.9680780773057356,0.9877886458494486,0.020644815683983835,0.05893156477064476,0.8184475884678495,0.9599521557081344
synthetic_low_medium,GCN,epsd_tuned,"{""lambda_epsd"": 0.03}",10,"0.5445 (0.5220, 0.5620)","0.5412 (0.5194, 0.5595)","0.7793 (0.7590, 0.8004)","0.0312 (0.0143, 0.0512)","0.1744 (0.1450, 0.2043)","0.4831 (0.4525, 0.5194)","0.7330 (0.7124, 0.7531)","0.0100 (0.0026, 0.0180)","0.5753 (0.5637, 0.5872)","0.0081 (0.0038, 0.0125)",0.3484722575003196,0.5105276352819754,0.45525074920619135,0.5993744855339463,0.34351311282126834,0.42134030244483694,0.5558229243806435,0.8032506566952995,0.6186043300596508,0.8093406651613765,0.5718487441390228,0.6473689726622434,0.4952516438575514,0.6074570944190278,0.9680780773057356,0.9877886458494486,0.013455364046673357,0.04119270233428696,0.886991130840379,0.9685873964486025
synthetic_low_medium,GCN,epsd_tuned,"{""lambda_epsd"": 0.1}",10,"0.5440 (0.5220, 0.5625)","0.5401 (0.5153, 0.5596)","0.7795 (0.7611, 0.7986)","0.0338 (0.0193, 0.0487)","0.1600 (0.1275, 0.1919)","0.4850 (0.4531, 0.5175)","0.7313 (0.7116, 0.7503)","0.0100 (0.0036, 0.0184)","0.5730 (0.5595, 0.5856)","0.0063 (0.0025, 0.0106)",0.4260571664885119,0.5754800590010706,0.6203108582390571,0.7321225181235249,0.39592678375718293,0.47450767213647116,0.6465610603706518,0.8362545946116281,0.3081311434905743,0.6242140584260666,0.7856319201643827,0.827813499770524,0.34217917157910205,0.46714895598190453,0.9680780773057356,0.9877886458494486,0.006046929399613315,0.022078323621843966,0.564603395961159,0.909267097879788
synthetic_low_medium,GCN,epsd_tuned,"{""lambda_epsd"": 0.3}",10,"0.5435 (0.5250, 0.5620)","0.5398 (0.5193, 0.5594)","0.7732 (0.7557, 0.7900)","0.0425 (0.0225, 0.0656)","0.1713 (0.1450, 0.1963)","0.4744 (0.4487, 0.4994)","0.7269 (0.7060, 0.7482)","0.0188 (0.0072, 0.0315)","0.5655 (0.5476, 0.5844)","0.0056 (0.0013, 0.0107)",0.5308514338386561,0.6517352167888407,0.6992284332814726,0.784567336555983,0.14857945428872207,0.21499515505372688,0.9198445226408262,0.9572117485424074,0.5872929384000621,0.7838761163094443,0.23633179316041794,0.3016592807006961,0.15163565064078552,0.2366986689733809,0.19533968268207,0.49141462516851214,0.019883296619810944,0.05727848751028106,0.5228063356827514,0.909267097879788
synthetic_low_medium,GCN,epsd_tuned,"{""lambda_epsd"": 1.0}",10,"0.5350 (0.5145, 0.5545)","0.5305 (0.5079, 0.5500)","0.7565 (0.7434, 0.7701)","0.0425 (0.0262, 0.0600)","0.1556 (0.1319, 0.1788)","0.4369 (0.4144, 0.4625)","0.7182 (0.6966, 0.7382)","0.0124 (0.0046, 0.0215)","0.5640 (0.5463, 0.5820)","0.0063 (0.0013, 0.0137)",0.6085126591370609,0.7064931694525404,0.49987125418888645,0.6305916929794323,0.012117266245973514,0.02320013171485173,0.891039844951048,0.952105194514429,0.2786068333332092,0.5871311789706556,0.001287811036772082,0.0030403959815521334,0.04027712918426582,0.0775890709439231,0.737957638611276,0.8891366785955198,0.05272600018467639,0.1217350298381499,0.647001794717091,0.9138751171333527
synthetic_low_medium,GCN,epsd_tuned,"{""lambda_epsd"": 10.0}",10,"0.5120 (0.4890, 0.5325)","0.5027 (0.4748, 0.5251)","0.6630 (0.6320, 0.6890)","0.0356 (0.0187, 0.0538)","0.1225 (0.0956, 0.1457)","0.2938 (0.2600, 0.3269)","0.6576 (0.6338, 0.6776)","0.0146 (0.0026, 0.0312)","0.5758 (0.5575, 0.5907)","0.0082 (0.0044, 0.0125)",0.027794145293346926,0.08426948307025398,0.007364238485483695,0.03222258314276268,5.6078233395159835e-05,0.00021636357165377343,0.7189129203540184,0.8629148171560757,0.07217358130409424,0.25739374807269216,3.6904462759296556e-06,1.9979312597274342e-05,0.00022618146335922522,0.0009344865722999568,0.6521899867952456,0.8361509801042255,0.28213089431707544,0.4238712957682378,0.8806526826636062,0.9685873964486025
synthetic_low_medium,GCN,epsd_tuned,"{""lambda_epsd"": 3.0}",10,"0.5385 (0.5215, 0.5580)","0.5333 (0.5141, 0.5529)","0.7229 (0.7116, 0.7362)","0.0269 (0.0131, 0.0425)","0.1131 (0.0881, 0.1387)","0.3862 (0.3619, 0.4119)","0.7045 (0.6817, 0.7238)","0.0163 (0.0035, 0.0315)","0.5746 (0.5592, 0.5905)","0.0056 (0.0025, 0.0094)",0.9290672884564599,0.9490472301436955,0.728324805852997,0.7922617162904738,0.00045143092896056733,0.0012207104102169499,0.3839877387242531,0.6828872853448366,0.02577188240769471,0.1360982895065323,7.386998722342456e-06,3.568488613562356e-05,0.005210444785238678,0.012489157729503394,0.5038814076461158,0.751023240920163,0.14525434703215998,0.2548037149055767,0.44212954048470404,0.8522161625522906
synthetic_low_medium,GCN,label_smoothing,"{""alpha"": 0.01}",10,"0.5400 (0.5185, 0.5560)","0.5377 (0.5175, 0.5540)","0.7879 (0.7673, 0.8084)","0.0300 (0.0181, 0.0413)","0.1956 (0.1531, 0.2438)","0.4931 (0.4637, 0.5225)","0.7389 (0.7223, 0.7573)","0.0099 (0.0000, 0.0211)","0.5946 (0.5772, 0.6090)","0.0087 (0.0031, 0.0144)",0.6783097418055716,0.7622466821945237,0.6828504191249435,0.7753480854605932,0.00403325886252819,0.008918614667844025,0.037997687802346615,0.2468409870021658,0.23652340804893618,0.5304882151954712,0.029464874416715487,0.048952225221421494,0.000338962163520713,0.0012521661099471042,,,0.2197080598809021,0.35074402713931385,,
synthetic_low_medium,GCN,label_smoothing,"{""alpha"": 0.05}",10,"0.5360 (0.5175, 0.5525)","0.5336 (0.5146, 0.5515)","0.7994 (0.7770, 0.8216)","0.0344 (0.0194, 0.0513)","0.1993 (0.1437, 0.2650)","0.5125 (0.4844, 0.5413)","0.7476 (0.7323, 0.7654)","0.0110 (0.0038, 0.0183)","0.5970 (0.5797, 0.6144)","0.0094 (0.0044, 0.0144)",0.17268508962953874,0.3154823752847342,0.19265978594070396,0.34533357857295993,0.00034621505609895033,0.0009706386394202714,0.6040046231958619,0.8269077646235701,0.490058349686538,0.7390610064876596,8.632844735244325e-05,0.00029918829028426796,2.1366960310721797e-05,0.00012198591886484808,0.7544672143810653,0.8891366785955198,0.11640354185300256,0.21886653977151377,0.5870297865192529,0.909267097879788
synthetic_low_medium,GCN,label_smoothing,"{""alpha"": 0.1}",10,"0.5315 (0.5135, 0.5465)","0.5287 (0.5108, 0.5439)","0.8103 (0.7883, 0.8300)","0.0463 (0.0319, 0.0606)","0.2125 (0.1600, 0.2638)","0.5300 (0.5007, 0.5594)","0.7562 (0.7409, 0.7725)","0.0098 (0.0047, 0.0160)","0.5991 (0.5862, 0.6134)","0.0075 (0.0032, 0.0131)",0.008380205975900345,0.03512292210487645,0.006930622693044672,0.030862929179964554,5.9013710048112374e-05,0.0002232566862061119,0.6268188379350303,0.8325450100883367,0.3295409392930419,0.6445877965216733,7.321320119851863e-06,3.568488613562356e-05,3.255586717646976e-05,0.0001732634287018899,0.9854930571666831,0.9982502488452162,0.15140400112038252,0.2626566649270724,0.44841739619683824,0.8522161625522906
synthetic_low_medium,GCN,label_smoothing,"{""alpha"": 0.2}",10,"0.5250 (0.5070, 0.5420)","0.5218 (0.5051, 0.5390)","0.8187 (0.7968, 0.8402)","0.0581 (0.0356, 0.0844)","0.2187 (0.1662, 0.2750)","0.5388 (0.5025, 0.5775)","0.7640 (0.7461, 0.7804)","0.0103 (0.0037, 0.0197)","0.6100 (0.5961, 0.6230)","0.0094 (0.0038, 0.0156)",0.029249921162363978,0.08774976348709193,0.028659407624297275,0.08878186057526873,5.5711836965037514e-05,0.00021636357165377343,0.19575967785834852,0.5374805190321323,0.23151441038582493,0.5267791656605002,0.0002379401441053362,0.0007183962043180342,1.5557806664426703e-05,0.00010393938920489329,0.9567679810098839,0.9877886458494486,0.03568410043839246,0.08963846030124185,0.587029786519253,0.909267097879788
synthetic_low_medium,GCN,none,{},10,"0.5395 (0.5190, 0.5565)","0.5372 (0.5176, 0.5542)","0.7840 (0.7636, 0.8046)","0.0406 (0.0213, 0.0587)","0.1831 (0.1494, 0.2225)","0.4875 (0.4581, 0.5156)","0.7363 (0.7196, 0.7546)","0.0099 (0.0000, 0.0217)","0.5916 (0.5755, 0.6041)","0.0087 (0.0038, 0.0144)",,,,,,,,,,,,,,,,,,,,
synthetic_low_medium,GraphSAGE,dp_sgd,"{""noise_multiplier"": 0.5}",10,"0.6015 (0.5820, 0.6205)","0.5942 (0.5715, 0.6156)","0.7418 (0.7265, 0.7552)","0.0412 (0.0218, 0.0631)","0.1425 (0.1162, 0.1656)","0.4056 (0.3731, 0.4381)","0.7326 (0.7111, 0.7532)","0.0359 (0.0232, 0.0518)","0.6327 (0.6159, 0.6513)","0.0225 (0.0131, 0.0325)",3.0386218379570454e-08,2.886690746059193e-06,4.1636915433913135e-08,3.955506966221748e-06,4.772347795594815e-09,8.814807104804541e-08,0.34087560864629146,0.6589208148677645,0.006000051072866216,0.052333778802221995,2.566923624389065e-09,5.6469776779360345e-08,2.0373295143085174e-06,1.8307211146849204e-05,0.05937360883804192,0.3399603377447811,1.7400549742438644e-06,4.967066017387031e-05,0.18473727388851058,0.8522161625522906
synthetic_low_medium,GraphSAGE,dp_sgd,"{""noise_multiplier"": 1.0}",10,"0.6015 (0.5800, 0.6225)","0.5942 (0.5732, 0.6148)","0.7418 (0.7253, 0.7553)","0.0412 (0.0206, 0.0637)","0.1425 (0.1162, 0.1650)","0.4056 (0.3763, 0.4381)","0.7326 (0.7126, 0.7507)","0.0359 (0.0218, 0.0514)","0.6327 (0.6136, 0.6499)","0.0225 (0.0131, 0.0325)",3.0386218379570454e-08,2.886690746059193e-06,4.1636915433913135e-08,3.955506966221748e-06,4.772347795594815e-09,8.814807104804541e-08,0.34087560864629146,0.6589208148677645,0.006000051072866216,0.052333778802221995,2.566923624389065e-09,5.6469776779360345e-08,2.0373295143085174e-06,1.8307211146849204e-05,0.05937360883804192,0.3399603377447811,1.7400549742438644e-06,4.967066017387031e-05,0.18473727388851058,0.8522161625522906
synthetic_low_medium,GraphSAGE,dp_sgd,"{""noise_multiplier"": 2.0}",10,"0.6015 (0.5805, 0.6220)","0.5942 (0.5721, 0.6153)","0.7418 (0.7261, 0.7566)","0.0412 (0.0219, 0.0637)","0.1425 (0.1156, 0.1657)","0.4056 (0.3719, 0.4375)","0.7326 (0.7125, 0.7521)","0.0359 (0.0214, 0.0515)","0.6327 (0.6143, 0.6518)","0.0225 (0.0131, 0.0331)",3.0386218379570454e-08,2.886690746059193e-06,4.1636915433913135e-08,3.955506966221748e-06,4.772347795594815e-09,8.814807104804541e-08,0.34087560864629146,0.6589208148677645,0.006000051072866216,0.052333778802221995,2.566923624389065e-09,5.6469776779360345e-08,2.0373295143085174e-06,1.8307211146849204e-05,0.05937360883804192,0.3399603377447811,1.7400549742438644e-06,4.967066017387031e-05,0.18473727388851058,0.8522161625522906
synthetic_low_medium,GraphSAGE,dropedge,"{""rate"": 0.1}",10,"0.7405 (0.7175, 0.7600)","0.7387 (0.7179, 0.7587)","0.8538 (0.8385, 0.8677)","0.0456 (0.0300, 0.0625)","0.1887 (0.1612, 0.2187)","0.6388 (0.5937, 0.6794)","0.8617 (0.8423, 0.8830)","0.0486 (0.0291, 0.0690)","0.7177 (0.7003, 0.7334)","0.0181 (0.0088, 0.0306)",0.11076492156976715,0.2368759344705138,0.13234441103302472,0.26272789170794375,0.013039710963751477,0.0247704929014883,0.3595306520221735,0.6674329956503458,0.06752347069495976,0.25545023853273935,0.08423779247804505,0.12133333411975297,0.7192653845783451,0.7814855735557106,0.07680551151219246,0.34427155675539634,0.007067588594000282,0.025218441119501004,0.1160943545248957,0.8522161625522906
synthetic_low_medium,GraphSAGE,dropedge,"{""rate"": 0.2}",10,"0.7475 (0.7305, 0.7630)","0.7458 (0.7281, 0.7619)","0.8486 (0.8335, 0.8632)","0.0256 (0.0138, 0.0394)","0.1863 (0.1519, 0.2156)","0.6294 (0.5938, 0.6650)","0.8535 (0.8341, 0.8730)","0.0327 (0.0171, 0.0480)","0.7117 (0.6909, 0.7286)","0.0206 (0.0138, 0.0281)",0.006096390860764443,0.028957856588631106,0.006299272639696729,0.029431027906779796,0.002319646216547341,0.005316561401429672,0.010073396011962808,0.1429392591541314,0.1098110907861959,0.31358884275037296,0.009646354275488423,0.018246718328333522,0.14041647540044577,0.22268067310979783,0.010403971802871953,0.2104783425759268,0.0073267282775815535,0.025849355945624805,0.10458775626530097,0.8522161625522906
synthetic_low_medium,GraphSAGE,dropedge,"{""rate"": 0.3}",10,"0.7455 (0.7290, 0.7615)","0.7436 (0.7253, 0.7606)","0.8406 (0.8244, 0.8551)","0.0294 (0.0193, 0.0388)","0.1619 (0.1450, 0.1775)","0.6269 (0.5869, 0.6594)","0.8451 (0.8196, 0.8710)","0.0458 (0.0284, 0.0678)","0.7131 (0.6936, 0.7274)","0.0169 (0.0088, 0.0269)",0.11137324638262755,0.2368759344705138,0.13238422637452393,0.26272789170794375,0.00029774887749079354,0.0008656772919639739,0.03778518095473304,0.2468409870021658,0.024892704892321864,0.13476395407222527,0.00673074054306282,0.013547772631549524,0.022786610575555217,0.048673440277036316,0.20283347476421182,0.5038641079460182,0.00842317212413784,0.02813697922318385,0.059750176183184955,0.688392717747149
synthetic_low_medium,GraphSAGE,dropedge,"{""rate"": 0.5}",10,"0.7545 (0.7340, 0.7740)","0.7527 (0.7323, 0.7729)","0.8216 (0.8056, 0.8357)","0.0294 (0.0194, 0.0394)","0.1356 (0.1112, 0.1606)","0.5912 (0.5550, 0.6213)","0.8305 (0.8076, 0.8553)","0.0354 (0.0224, 0.0483)","0.7004 (0.6795, 0.7183)","0.0181 (0.0081, 0.0300)",0.025849507766366978,0.07921623347757623,0.030454980670921023,0.09057758449915432,2.108486079088289e-06,1.3511523037422914e-05,0.10707018932022581,0.4062590695125391,0.007867036001818763,0.06271095265729534,0.0001246127670498072,0.00041275452662187847,0.0012184303382667622,0.0037879913486709243,0.0582474673947915,0.3399603377447811,0.002642173121378424,0.01195099339947379,0.0187138615314656,0.688392717747149
synthetic_low_medium,GraphSAGE,edge_sparsification,"{""rate"": 0.05}",10,"0.7305 (0.7085, 0.7505)","0.7297 (0.7085, 0.7499)","0.8624 (0.8511, 0.8735)","0.0418 (0.0312, 0.0525)","0.2175 (0.1875, 0.2475)","0.6706 (0.6369, 0.7000)","0.8603 (0.8405, 0.8800)","0.0497 (0.0293, 0.0721)","0.7416 (0.7240, 0.7615)","0.0413 (0.0156, 0.0763)",0.6074859863870922,0.7064931694525404,0.6691214635896364,0.7658619161568128,0.4075917832604491,0.48478719675674625,0.14328408952884647,0.45852148356920003,0.2590668840365406,0.5610138040515431,0.4435699186649621,0.5222103138354824,0.5193873921313875,0.6345822612033295,0.058652816573686935,0.3399603377447811,0.6435852389223179,0.7512481971063487,0.7641096329076409,0.9435984728523887
synthetic_low_medium,GraphSAGE,edge_sparsification,"{""rate"": 0.1}",10,"0.7285 (0.7065, 0.7520)","0.7277 (0.7045, 0.7534)","0.8636 (0.8528, 0.8745)","0.0400 (0.0281, 0.0525)","0.2206 (0.1906, 0.2513)","0.6719 (0.6519, 0.6938)","0.8617 (0.8407, 0.8841)","0.0474 (0.0262, 0.0694)","0.7514 (0.7378, 0.7637)","0.0312 (0.0187, 0.0437)",0.41268779795850613,0.5627560881252424,0.45636583635391703,0.5993744855339463,0.6864119434164461,0.7536131127019723,0.13927520629109408,0.4540952038449213,0.2864740088847498,0.5957141641709366,0.5023102151152866,0.5798728218610294,0.7687336812515371,0.8266519723047351,0.04062455800781359,0.3399603377447811,0.3254095782066573,0.47304910905967773,0.7455897884501465,0.9269494667218037
synthetic_low_medium,GraphSAGE,edge_sparsification,"{""rate"": 0.2}",10,"0.7130 (0.6920, 0.7330)","0.7110 (0.6885, 0.7318)","0.8705 (0.8590, 0.8826)","0.0406 (0.0225, 0.0607)","0.2225 (0.1944, 0.2481)","0.6769 (0.6494, 0.7088)","0.8670 (0.8463, 0.8909)","0.0618 (0.0339, 0.0920)","0.7482 (0.7342, 0.7625)","0.0356 (0.0156, 0.0563)",0.0031446527017775327,0.016983160327370937,0.0028549996568721847,0.014794089131064957,0.3076928053897026,0.3924568097052501,0.3473544231731027,0.6589208148677645,0.3661665543727796,0.6570074175603017,0.3615466078572441,0.4383229145450758,0.4236073191194767,0.5422693260789413,0.5866866134014237,0.8062592971275945,0.5336251994045459,0.6622858206048514,0.9654866039073359,0.9869418617719434
synthetic_low_medium,GraphSAGE,edge_sparsification,"{""rate"": 0.3}",10,"0.7105 (0.6850, 0.7305)","0.7080 (0.6812, 0.7282)","0.8773 (0.8633, 0.8921)","0.0512 (0.0268, 0.0856)","0.2675 (0.2125, 0.3237)","0.6925 (0.6619, 0.7250)","0.8793 (0.8549, 0.9036)","0.0512 (0.0224, 0.0844)","0.7582 (0.7495, 0.7684)","0.0275 (0.0131, 0.0488)",0.0161439529288995,0.057339561170817635,0.01282834945739982,0.04940648101836417,0.049459271545799384,0.08275314970001378,0.808821890501268,0.9139395369202052,0.5259389466117215,0.7454157930783891,0.06516731840242002,0.09744065703980899,0.01116659113368473,0.025408040695485544,0.279604292854096,0.5877945317621918,0.014476411552396644,0.043291364070976626,0.5786633727802231,0.909267097879788
synthetic_low_medium,GraphSAGE,epsd_tuned,"{""lambda_epsd"": 0.01}",10,"0.7195 (0.6910, 0.7455)","0.7168 (0.6893, 0.7459)","0.8671 (0.8535, 0.8797)","0.0537 (0.0375, 0.0737)","0.2356 (0.2006, 0.2719)","0.6725 (0.6512, 0.6975)","0.8636 (0.8474, 0.8818)","0.0511 (0.0286, 0.0761)","0.7424 (0.7302, 0.7529)","0.0381 (0.0188, 0.0600)",0.0745944162133788,0.17831459665967042,0.06656689729419737,0.17091500656618244,0.4810599108571556,0.5594548592931365,0.6647599821309249,0.8458124975893475,0.7537890647111842,0.8831707698481785,0.2001514482509439,0.2618648114616516,0.9898676196418934,0.9907936571576648,0.19625184711202562,0.49141462516851214,0.6835807407908353,0.7783883658244386,0.8062583429247849,0.9598547859145484
synthetic_low_medium,GraphSAGE,epsd_tuned,"{""lambda_epsd"": 0.03}",10,"0.7135 (0.6885, 0.7370)","0.7109 (0.6856, 0.7374)","0.8759 (0.8615, 0.8897)","0.0425 (0.0275, 0.0600)","0.2356 (0.1981, 0.2731)","0.6944 (0.6675, 0.7175)","0.8739 (0.8596, 0.8903)","0.0513 (0.0326, 0.0694)","0.7396 (0.7278, 0.7509)","0.0337 (0.0212, 0.0493)",0.0058782754899177735,0.028395059569941785,0.006537777143394853,0.030052685255927955,0.04157935003235948,0.07057251843330203,0.18580759494062032,0.5239439388866141,0.6514571322961656,0.8204395006877949,0.007859898949339852,0.015522064591778073,0.12682181019891034,0.20740650209613462,0.22675442230491247,0.5392067390834658,0.4980994433366634,0.638380511051887,0.8896264673902925,0.9685873964486025
synthetic_low_medium,GraphSAGE,epsd_tuned,"{""lambda_epsd"": 0.1}",10,"0.6835 (0.6525, 0.7085)","0.6800 (0.6506, 0.7049)","0.8832 (0.8692, 0.8968)","0.0363 (0.0206, 0.0538)","0.2469 (0.1931, 0.3013)","0.7125 (0.6831, 0.7375)","0.8804 (0.8640, 0.8954)","0.0393 (0.0223, 0.0612)","0.7353 (0.7260, 0.7442)","0.0306 (0.0187, 0.0457)",3.1760327651007536e-05,0.000502871854474286,4.089080061210807e-05,0.0006133620091816211,0.01751778822885503,0.03254784321810935,0.02355803182419848,0.195119585513664,0.7179864149708886,0.8507461671730528,0.002054376546332098,0.004640821838476826,0.09489702605673529,0.1628287769498081,0.053840983099800066,0.3399603377447811,0.1833094394303126,0.3111306161141522,0.6282475307458729,0.9102168949389025
synthetic_low_medium,GraphSAGE,epsd_tuned,"{""lambda_epsd"": 0.3}",10,"0.6745 (0.6465, 0.7000)","0.6703 (0.6400, 0.6958)","0.8905 (0.8779, 0.9033)","0.0493 (0.0343, 0.0681)","0.2694 (0.2206, 0.3169)","0.7212 (0.6931, 0.7463)","0.8877 (0.8734, 0.9028)","0.0529 (0.0363, 0.0735)","0.7363 (0.7257, 0.7484)","0.0300 (0.0181, 0.0456)",0.00018890990562937143,0.0023629063743305146,0.0002813487691926371,0.003084015354611599,0.004754353292372288,0.010225115984965059,0.6410330588859079,0.8325450100883367,0.35136838704893897,0.6506075654235418,0.0008090673727153513,0.0020003712994694513,0.028502899327198895,0.05923206133963425,0.24459901251404442,0.5547789196876515,0.09288208507273517,0.18228109195524275,0.5668707096831868,0.909267097879788
synthetic_low_medium,GraphSAGE,epsd_tuned,"{""lambda_epsd"": 1.0}",10,"0.6530 (0.6275, 0.6785)","0.6485 (0.6230, 0.6752)","0.8909 (0.8797, 0.9027)","0.0606 (0.0412, 0.0806)","0.3338 (0.2675, 0.3912)","0.7025 (0.6812, 0.7238)","0.8886 (0.8717, 0.9054)","0.0810 (0.0316, 0.1382)","0.7569 (0.7442, 0.7721)","0.0238 (0.0112, 0.0406)",7.690275793646819e-05,0.0010958643005946718,9.984052033304772e-05,0.001354978490234219,0.007237231365068717,0.014950596372576166,0.8577642937524486,0.9374730078001474,0.015886496521486906,0.09781097858327233,0.012658476568682481,0.023109079317245925,0.029238756393768498,0.05923206133963425,0.6557365014204056,0.8361509801042255,0.19602325024510495,0.32768392098448434,0.25652039435345764,0.8522161625522906
synthetic_low_medium,GraphSAGE,epsd_tuned,"{""lambda_epsd"": 10.0}",10,"0.6595 (0.6365, 0.6845)","0.6540 (0.6297, 0.6785)","0.8176 (0.8007, 0.8342)","0.1156 (0.0843, 0.1506)","0.2731 (0.2344, 0.3144)","0.5156 (0.4813, 0.5488)","0.8322 (0.8129, 0.8503)","0.1017 (0.0599, 0.1508)","0.7380 (0.7215, 0.7540)","0.0387 (0.0269, 0.0519)",0.0002135834755394731,0.0024348516211499934,0.00024542793896147253,0.0029144567751674864,0.0005562354811710782,0.001480152043116259,0.025425629777278087,0.195119585513664,0.22183769098878053,0.5198286191826648,0.00012487796187604603,0.00041275452662187847,0.010689630374302409,0.02450032071190479,0.0980454759509141,0.35342298920133475,0.48200409519581766,0.622836567454678,0.6779014475086478,0.9138751171333527
synthetic_low_medium,GraphSAGE,epsd_tuned,"{""lambda_epsd"": 3.0}",10,"0.6665 (0.6345, 0.6995)","0.6631 (0.6298, 0.6966)","0.8749 (0.8615, 0.8868)","0.0875 (0.0644, 0.1144)","0.3494 (0.2988, 0.3988)","0.6469 (0.6213, 0.6706)","0.8831 (0.8685, 0.8981)","0.0869 (0.0404, 0.1389)","0.7667 (0.7515, 0.7824)","0.0294 (0.0156, 0.0450)",0.0013963534457950722,0.00947525552503799,0.001392364225831249,0.009018722826406953,0.22691474106619627,0.31527092342825497,0.18443182501954505,0.5239439388866141,0.0056703547883572465,0.052333778802221995,0.3941583979386848,0.47238830897995043,0.059013244238288076,0.10964590941315064,0.37031583272827207,0.6582353823283912,0.06431977413766815,0.14222823295230844,0.5716988329622085,0.909267097879788
synthetic_low_medium,GraphSAGE,label_smoothing,"{""alpha"": 0.01}",10,"0.7285 (0.7085, 0.7480)","0.7270 (0.7064, 0.7469)","0.8804 (0.8680, 0.8937)","0.0488 (0.0281, 0.0781)","0.2450 (0.2019, 0.2875)","0.7094 (0.6825, 0.7350)","0.8773 (0.8597, 0.8976)","0.0633 (0.0324, 0.0968)","0.7527 (0.7404, 0.7658)","0.0356 (0.0269, 0.0437)",0.2125798923227362,0.36942237385353544,0.1922103601161371,0.34533357857295993,3.015867640728926e-05,0.0001297236218066963,0.282380577677869,0.6179845841713999,0.6636193587892956,0.8204395006877949,8.654952960919917e-06,3.996551808424785e-05,0.0001725044383528206,0.0007738056234683667,0.4836873899153217,0.7449698843925718,0.009464797843517357,0.03095777627983802,0.8712435998739472,0.9685873964486025
synthetic_low_medium,GraphSAGE,label_smoothing,"{""alpha"": 0.05}",10,"0.7090 (0.6835, 0.7315)","0.7064 (0.6813, 0.7295)","0.9019 (0.8888, 0.9152)","0.0350 (0.0200, 0.0512)","0.2444 (0.1925, 0.2931)","0.7662 (0.7419, 0.7881)","0.8975 (0.8807, 0.9142)","0.0393 (0.0077, 0.0771)","0.7781 (0.7661, 0.7895)","0.0244 (0.0106, 0.0394)",0.004156199557845762,0.021536670436109857,0.0038944458584711677,0.018812153723123438,0.00013416428108474517,0.0004343049923774225,0.05983154700536265,0.3268076490394722,0.918689059804914,0.9647771397282375,3.0031697966811483e-06,1.6543777476454043e-05,0.002686484235601036,0.0072720349136097,0.010759276297810955,0.2104783425759268,0.00013142478417813987,0.0012719002460349134,0.19834800435445024,0.8522161625522906
synthetic_low_medium,GraphSAGE,label_smoothing,"{""alpha"": 0.1}",10,"0.7025 (0.6770, 0.7280)","0.7008 (0.6764, 0.7253)","0.9195 (0.9044, 0.9333)","0.1100 (0.0681, 0.1500)","0.3956 (0.2813, 0.4944)","0.7856 (0.7594, 0.8113)","0.9043 (0.8869, 0.9206)","0.0315 (0.0024, 0.0792)","0.7829 (0.7646, 0.7980)","0.0313 (0.0144, 0.0469)",0.00030560380343175683,0.0031106101420732392,0.0003540040559900874,0.003736709479895367,3.3113467506705575e-05,0.00013863505062807402,0.024719124900577046,0.195119585513664,0.017277818770222917,0.10433144411249992,5.944913526959346e-06,3.060168602402024e-05,0.0018304595161134985,0.005178056649185933,0.03731991238201789,0.3399603377447811,0.00018845841646984352,0.0015993498046359693,0.6593242584330489,0.9138751171333527
synthetic_low_medium,GraphSAGE,label_smoothing,"{""alpha"": 0.2}",10,"0.6860 (0.6630, 0.7080)","0.6836 (0.6605, 0.7065)","0.9417 (0.9312, 0.9519)","0.1850 (0.1306, 0.2469)","0.5419 (0.4631, 0.6237)","0.8138 (0.7950, 0.8325)","0.9088 (0.8858, 0.9304)","0.0372 (0.0000, 0.1093)","0.7906 (0.7731, 0.8066)","0.0213 (0.0088, 0.0357)",0.0003050600063487001,0.0031106101420732392,0.0005344350130564989,0.0049133541522936195,1.1799121215657359e-07,1.3231871648987182e-06,0.0033614373954342913,0.1169033227523259,2.12383145436089e-05,0.0009638567304250964,1.9000800754582904e-06,1.169853222929222e-05,0.0014986013871188184,0.004397764818273916,0.2721339822993478,0.5834105236965471,0.00011589257343026654,0.0012444381002063023,0.05986023632583905,0.688392717747149
synthetic_low_medium,GraphSAGE,none,{},10,"0.7335 (0.7095, 0.7530)","0.7324 (0.7105, 0.7522)","0.8651 (0.8520, 0.8799)","0.0569 (0.0344, 0.0819)","0.2412 (0.1956, 0.2844)","0.6613 (0.6294, 0.6894)","0.8635 (0.8442, 0.8830)","0.0705 (0.0424, 0.0995)","0.7450 (0.7355, 0.7555)","0.0350 (0.0250, 0.0456)",,,,,,,,,,,,,,,,,,,,
synthetic_low_sparse,GCN,dropedge,"{""rate"": 0.1}",10,"0.4760 (0.4620, 0.4900)","0.4703 (0.4538, 0.4871)","0.7780 (0.7674, 0.7890)","0.0388 (0.0157, 0.0738)","0.1627 (0.1251, 0.2044)","0.5072 (0.4922, 0.5260)","0.7715 (0.7529, 0.7887)","0.0563 (0.0319, 0.0877)","0.5952 (0.5824, 0.6117)","0.0144 (0.0075, 0.0219)",0.006955567655544552,0.0314857006921106,0.003332548536338432,0.01666274268169216,0.11960324185651966,0.17883532353784368,0.640347909945416,0.8325450100883367,0.23533545704822742,0.5304882151954712,0.18292774733869901,0.24652065521180896,0.33102685074697813,0.45588785585329444,0.11779010413855717,0.3800855937666845,0.765729226065504,0.8319687784933157,0.12803925801629404,0.8522161625522906
synthetic_low_sparse,GCN,dropedge,"{""rate"": 0.2}",10,"0.4685 (0.4570, 0.4790)","0.4623 (0.4455, 0.4752)","0.7767 (0.7628, 0.7910)","0.0507 (0.0289, 0.0838)","0.1546 (0.1126, 0.1981)","0.4959 (0.4818, 0.5124)","0.7712 (0.7526, 0.7883)","0.0602 (0.0288, 0.0977)","0.5995 (0.5817, 0.6162)","0.0238 (0.0132, 0.0356)",0.005772929338081438,0.02836698036815879,0.002382824189055274,0.013059709497706792,0.13530753019850525,0.19761192782479373,0.594781235975197,0.8269077646235701,0.19779059734202242,0.4777403658876541,0.05162229892585671,0.0806437903617861,0.4506857274907484,0.5683346121770884,0.14014771916122654,0.4172330867880538,0.9273173999928627,0.9542818508400189,0.026961647457169176,0.688392717747149
synthetic_low_sparse,GCN,dropedge,"{""rate"": 0.3}",10,"0.4590 (0.4460, 0.4710)","0.4550 (0.4398, 0.4692)","0.7745 (0.7598, 0.7890)","0.0413 (0.0207, 0.0738)","0.1533 (0.1147, 0.1994)","0.4827 (0.4611, 0.5039)","0.7704 (0.7500, 0.7883)","0.0607 (0.0370, 0.0855)","0.5795 (0.5670, 0.5914)","0.0182 (0.0107, 0.0288)",0.00036385828972995693,0.003575848709415094,0.0002799317778450685,0.003084015354611599,0.1056228653028094,0.1604917535701357,0.8424334167143002,0.9299199753088317,0.1869648104267892,0.46592817836517303,0.010101160005671817,0.01887954905821994,0.5822301913911344,0.6851045811051832,0.06012991555967284,0.3399603377447811,0.11634207941870639,0.21886653977151377,0.08163889950569697,0.7906082899499075
synthetic_low_sparse,GCN,dropedge,"{""rate"": 0.5}",10,"0.4510 (0.4410, 0.4590)","0.4475 (0.4362, 0.4570)","0.7631 (0.7465, 0.7769)","0.0576 (0.0326, 0.0852)","0.1646 (0.1209, 0.2094)","0.4463 (0.4202, 0.4725)","0.7531 (0.7370, 0.7694)","0.0742 (0.0392, 0.1155)","0.5738 (0.5591, 0.5886)","0.0132 (0.0057, 0.0215)",0.0004753474702419381,0.004515800967298412,0.00039629731690999715,0.004033740547119614,0.007443198008985384,0.015060469205862218,0.16997575232107562,0.5019095327971383,0.26779819206612465,0.5759495363613913,0.0002723630740350533,0.0008068113702547804,0.08105663291895665,0.14218873037180105,0.06500953532584787,0.3399603377447811,0.06851913405465794,0.14940977842474024,0.1913491239700609,0.8522161625522906
synthetic_low_sparse,GCN,edge_sparsification,"{""rate"": 0.05}",10,"0.4885 (0.4685, 0.5060)","0.4845 (0.4640, 0.5033)","0.7786 (0.7639, 0.7929)","0.0482 (0.0238, 0.0825)","0.1540 (0.1102, 0.1925)","0.5159 (0.4927, 0.5376)","0.7621 (0.7436, 0.7802)","0.0393 (0.0144, 0.0712)","0.5966 (0.5816, 0.6116)","0.0100 (0.0057, 0.0162)",0.5373957050715003,0.6517352167888407,0.6234704345305957,0.7321225181235249,0.3901772843767248,0.4694086869513087,0.7343590786260646,0.8709674765834707,0.15748104023841789,0.4053200543841247,0.8077562340391791,0.8482791220344555,0.42349687074731973,0.5422693260789413,0.6287251792833533,0.8262458401616075,0.8896106874175657,0.9188741968720909,0.3540438655728788,0.8522161625522906
synthetic_low_sparse,GCN,edge_sparsification,"{""rate"": 0.1}",10,"0.4980 (0.4785, 0.5175)","0.4928 (0.4701, 0.5135)","0.7795 (0.7658, 0.7915)","0.0426 (0.0164, 0.0770)","0.1819 (0.1584, 0.2093)","0.5071 (0.4780, 0.5322)","0.7587 (0.7411, 0.7775)","0.0486 (0.0260, 0.0784)","0.5942 (0.5797, 0.6082)","0.0132 (0.0069, 0.0196)",0.7088235445935904,0.7891199617545831,0.7104927821406183,0.7879005560703355,0.3325054478836351,0.4143123437915136,0.9197745357937067,0.9572117485424074,0.6409998525730028,0.8204395006877949,0.44737125612020623,0.5222103138354824,0.3082310384470155,0.43015353809939055,0.24119609565070316,0.5510538535669349,0.6484392731729806,0.7541108584307996,0.20629237505014605,0.8522161625522906
synthetic_low_sparse,GCN,edge_sparsification,"{""rate"": 0.2}",10,"0.4965 (0.4790, 0.5120)","0.4935 (0.4756, 0.5104)","0.7628 (0.7471, 0.7773)","0.0263 (0.0150, 0.0395)","0.1192 (0.0939, 0.1416)","0.4977 (0.4683, 0.5292)","0.7584 (0.7353, 0.7809)","0.0271 (0.0097, 0.0480)","0.5924 (0.5673, 0.6133)","0.0144 (0.0107, 0.0188)",0.7263142108887253,0.7956486262505977,0.5185941966335323,0.645411991443479,0.020121610388934067,0.036311411851294814,0.07132899123736677,0.3378961472124805,0.0013340383163606808,0.017453667972385574,0.17456396750437256,0.2380674797982223,0.35600678042074146,0.4793192538012697,0.673404692426839,0.8419570110940925,0.6071839374562188,0.7209482996868724,0.0695235813721715,0.7524905277929151
synthetic_low_sparse,GCN,edge_sparsification,"{""rate"": 0.3}",10,"0.5055 (0.4810, 0.5275)","0.5033 (0.4791, 0.5249)","0.7571 (0.7423, 0.7729)","0.0269 (0.0113, 0.0457)","0.1359 (0.1147, 0.1537)","0.4990 (0.4700, 0.5306)","0.7437 (0.7200, 0.7672)","0.0380 (0.0208, 0.0558)","0.5882 (0.5638, 0.6093)","0.0182 (0.0106, 0.0263)",0.24524202560035585,0.4111410429182436,0.14068810031684478,0.27249362619132694,0.003385266362827469,0.007538820127147698,0.24878007659120424,0.6054981460200438,0.0077213993376536285,0.06271095265729534,0.14597735787474483,0.20371951276742167,0.08691280412275555,0.15077690880964223,0.6575267389623863,0.8361509801042255,0.3419057131689045,0.4924696969497065,0.045972801147399045,0.688392717747149
synthetic_low_sparse,GCN,epsd_tuned,"{""lambda_epsd"": 0.01}",10,"0.4895 (0.4720, 0.5050)","0.4850 (0.4648, 0.5037)","0.7819 (0.7674, 0.7985)","0.0351 (0.0151, 0.0626)","0.1604 (0.1292, 0.1911)","0.5234 (0.4962, 0.5541)","0.7633 (0.7361, 0.7900)","0.0431 (0.0214, 0.0674)","0.5966 (0.5830, 0.6093)","0.0156 (0.0044, 0.0332)",0.40827251731617603,0.5621143354353149,0.4723006761693456,0.6118440577648341,0.26612523035121155,0.35751340210105403,0.3280857833524445,0.6589208148677645,0.0669393569148667,0.25545023853273935,0.584966298198882,0.6559979201230319,0.42656217688375314,0.5422693260789413,0.25097926707269397,0.5585637791216077,0.8545053712212878,0.8973735336571383,0.3224144274833668,0.8522161625522906
synthetic_low_sparse,GCN,epsd_tuned,"{""lambda_epsd"": 0.03}",10,"0.4910 (0.4750, 0.5065)","0.4868 (0.4701, 0.5038)","0.7819 (0.7673, 0.7976)","0.0420 (0.0189, 0.0681)","0.1792 (0.1437, 0.2155)","0.5235 (0.4984, 0.5531)","0.7662 (0.7400, 0.7906)","0.0498 (0.0318, 0.0730)","0.5929 (0.5801, 0.6042)","0.0106 (0.0031, 0.0213)",0.5258361339689269,0.6487588665850403,0.6623041609446202,0.7611156688274869,0.3148266858387119,0.3980640050091372,0.8437612555517835,0.9299199753088317,0.565179232763868,0.7715925177732805,0.6107623253749475,0.6752794724215968,0.9263518224543447,0.9474738509793622,0.087769307263259,0.34427155675539634,0.554776180258635,0.6748687000252297,0.4606015749871336,0.8648029571186999
synthetic_low_sparse,GCN,epsd_tuned,"{""lambda_epsd"": 0.1}",10,"0.4860 (0.4700, 0.5020)","0.4821 (0.4632, 0.4996)","0.7924 (0.7776, 0.8071)","0.0508 (0.0241, 0.0842)","0.1736 (0.1338, 0.2139)","0.5353 (0.5090, 0.5622)","0.7782 (0.7534, 0.8006)","0.0419 (0.0221, 0.0614)","0.5962 (0.5853, 0.6075)","0.0132 (0.0038, 0.0275)",0.252902336697372,0.42150389449562004,0.3123177539810302,0.4749299649541705,0.3087160254687795,0.3924568097052501,0.5305920278881577,0.7984389650432373,0.28371397418371086,0.5939079192912348,0.22773665952187827,0.29187473914232565,0.09413189456090121,0.16240337852814823,0.22752258366207795,0.5392067390834658,0.831751330203668,0.8823308029863234,0.3819390193008118,0.8522161625522906
synthetic_low_sparse,GCN,epsd_tuned,"{""lambda_epsd"": 0.3}",10,"0.4875 (0.4680, 0.5075)","0.4833 (0.4642, 0.5032)","0.7930 (0.7784, 0.8067)","0.0395 (0.0181, 0.0688)","0.1660 (0.1326, 0.2014)","0.5392 (0.5165, 0.5619)","0.7773 (0.7528, 0.8000)","0.0448 (0.0231, 0.0687)","0.5916 (0.5723, 0.6098)","0.0156 (0.0056, 0.0263)",0.5000623768101568,0.6390931721564784,0.5569657696978256,0.6812671431926193,0.4232789893794922,0.49652443313697664,0.685243482998797,0.8507560694818891,0.20446199921643396,0.48637172540878987,0.09323153452898382,0.133674437635164,0.2241500850891098,0.32434620607364273,0.14812094979315174,0.42147142986596814,0.6195862921017964,0.731391337293098,0.16052801690490073,0.8522161625522906
synthetic_low_sparse,GCN,epsd_tuned,"{""lambda_epsd"": 1.0}",10,"0.4795 (0.4620, 0.5000)","0.4756 (0.4576, 0.4954)","0.7748 (0.7596, 0.7893)","0.0326 (0.0169, 0.0513)","0.1411 (0.1050, 0.1779)","0.4983 (0.4764, 0.5238)","0.7694 (0.7514, 0.7864)","0.0445 (0.0235, 0.0669)","0.5865 (0.5725, 0.5995)","0.0156 (0.0075, 0.0256)",0.18148821757015798,0.327367987389209,0.21817465350950016,0.37011771577504493,0.2374420323375047,0.32557553779029025,0.2862867881944185,0.6179845841713999,0.03747359033079913,0.18385480256048325,0.1339975092228583,0.18867810715684982,0.7366849538507477,0.7976519845142579,0.3540548119609855,0.64806524060695,0.27274675804612414,0.4157402040120533,0.08641161272964644,0.7949868371127472
synthetic_low_sparse,GCN,epsd_tuned,"{""lambda_epsd"": 10.0}",10,"0.4810 (0.4635, 0.4990)","0.4737 (0.4542, 0.4931)","0.6880 (0.6598, 0.7137)","0.0483 (0.0316, 0.0663)","0.1810 (0.1451, 0.2209)","0.3115 (0.2825, 0.3391)","0.6568 (0.6276, 0.6819)","0.0589 (0.0331, 0.0885)","0.5728 (0.5565, 0.5896)","0.0157 (0.0075, 0.0263)",0.2343214078727816,0.39988982780684285,0.19842012035690967,0.35343583938574535,0.0001167234934032938,0.00038580186240667636,0.6845954885929482,0.8507560694818891,0.6855153012223245,0.8204395006877949,5.309473006411378e-06,2.778624206688621e-05,0.00020217310368436832,0.0008941176698153753,0.1777723788801558,0.4598574759461881,0.02856112336957233,0.07665121998329669,0.16409664554547554,0.8522161625522906
synthetic_low_sparse,GCN,epsd_tuned,"{""lambda_epsd"": 3.0}",10,"0.4825 (0.4710, 0.4945)","0.4779 (0.4643, 0.4921)","0.7526 (0.7359, 0.7697)","0.0438 (0.0282, 0.0613)","0.1685 (0.1360, 0.2031)","0.4231 (0.3943, 0.4534)","0.7432 (0.7308, 0.7556)","0.0649 (0.0440, 0.0870)","0.5911 (0.5757, 0.6059)","0.0107 (0.0038, 0.0182)",0.1943530609933783,0.3419174221179803,0.20086858201947694,0.35385825150155914,0.009481215536938974,0.018606885491242738,0.9939808715563505,1.0,0.3324009630294577,0.6445877965216733,0.0006772356405293823,0.0017012159290098086,0.07035633192223183,0.1276987758588485,0.04196421621025759,0.3399603377447811,0.5032238202516734,0.6400745792412261,0.35255901622812313,0.8522161625522906
synthetic_low_sparse,GCN,label_smoothing,"{""alpha"": 0.01}",10,"0.4920 (0.4775, 0.5065)","0.4877 (0.4717, 0.5030)","0.7893 (0.7747, 0.8035)","0.0457 (0.0263, 0.0663)","0.1837 (0.1619, 0.2020)","0.5234 (0.5003, 0.5491)","0.7696 (0.7436, 0.7959)","0.0361 (0.0220, 0.0493)","0.5963 (0.5838, 0.6091)","0.0063 (0.0031, 0.0094)",0.26949945378301216,0.4414215191273475,0.46053742908601464,0.6020787490344687,0.04085485434681297,0.06971969709184388,0.8051389135732606,0.9130742027117049,0.4735769386523981,0.7361542511725396,0.06671122602582813,0.09927642166876792,0.04322722395917875,0.08235704749458662,0.34343639613791355,0.6396723883537412,0.3216165472449597,0.469709748069383,1.0,1.0
synthetic_low_sparse,GCN,label_smoothing,"{""alpha"": 0.05}",10,"0.4845 (0.4670, 0.5030)","0.4805 (0.4614, 0.5000)","0.8052 (0.7935, 0.8178)","0.0465 (0.0238, 0.0689)","0.1981 (0.1738, 0.2255)","0.5379 (0.5182, 0.5588)","0.7841 (0.7620, 0.8064)","0.0453 (0.0209, 0.0717)","0.6008 (0.5898, 0.6111)","0.0075 (0.0032, 0.0125)",0.05205997955313534,0.1364280455772924,0.07141255820932556,0.18011131937750252,1.1869790220805591e-05,6.185545064500007e-05,0.8665439462290514,0.9374730078001474,0.6835210116477846,0.8204395006877949,0.006610109460835391,0.013477755653911122,1.0958670445904286e-06,1.1865594896599813e-05,0.44054836488045396,0.7017024406126953,0.36921214936964314,0.517556316527089,0.33939196984767384,0.8522161625522906
synthetic_low_sparse,GCN,label_smoothing,"{""alpha"": 0.1}",10,"0.4760 (0.4590, 0.4930)","0.4721 (0.4537, 0.4898)","0.8153 (0.8027, 0.8289)","0.0528 (0.0331, 0.0748)","0.2082 (0.1601, 0.2630)","0.5460 (0.5272, 0.5678)","0.7916 (0.7708, 0.8128)","0.0318 (0.0134, 0.0532)","0.6074 (0.5990, 0.6169)","0.0119 (0.0037, 0.0238)",0.015181612444652492,0.05476910818640456,0.017306626070487028,0.06089368432208399,7.812697226493739e-05,0.0002783978435126292,0.5174145241611963,0.7971706409102651,0.5340078513277354,0.7454157930783891,0.009635142036998764,0.018246718328333522,2.09891592766424e-06,1.8307211146849204e-05,0.9007357021582727,0.9530382372571955,0.0268634048304346,0.07399218523470583,0.29422917859296815,0.8522161625522906
synthetic_low_sparse,GCN,label_smoothing,"{""alpha"": 0.2}",10,"0.4680 (0.4505, 0.4870)","0.4643 (0.4448, 0.4828)","0.8221 (0.8116, 0.8333)","0.0395 (0.0225, 0.0596)","0.2087 (0.1807, 0.2386)","0.5591 (0.5423, 0.5766)","0.7968 (0.7782, 0.8156)","0.0308 (0.0127, 0.0516)","0.6015 (0.5919, 0.6133)","0.0081 (0.0025, 0.0144)",0.007385465777882157,0.03238242687225254,0.010030011828972023,0.040836476732243235,0.00014506097715157398,0.00046293631368440706,0.7768074706838077,0.8943766214206054,0.4405040586986721,0.7166749970537981,0.00044386822172624336,0.001188066083308556,9.005558915739574e-05,0.00042205156709585465,0.8424388499818039,0.9350473760436333,0.43341737119071083,0.5742322976957097,0.3959959547750804,0.8522161625522906
synthetic_low_sparse,GCN,none,{},10,"0.4940 (0.4790, 0.5115)","0.4890 (0.4719, 0.5060)","0.7867 (0.7723, 0.8001)","0.0439 (0.0250, 0.0632)","0.1894 (0.1670, 0.2114)","0.5191 (0.4941, 0.5450)","0.7666 (0.7436, 0.7911)","0.0333 (0.0203, 0.0445)","0.5983 (0.5863, 0.6107)","0.0063 (0.0025, 0.0113)",,,,,,,,,,,,,,,,,,,,
synthetic_low_sparse,GraphSAGE,dropedge,"{""rate"": 0.1}",10,"0.6940 (0.6705, 0.7165)","0.6900 (0.6651, 0.7136)","0.8811 (0.8734, 0.8887)","0.0602 (0.0350, 0.0883)","0.2451 (0.2014, 0.2897)","0.6801 (0.6597, 0.6998)","0.8711 (0.8515, 0.8899)","0.0381 (0.0173, 0.0630)","0.7519 (0.7403, 0.7636)","0.0251 (0.0157, 0.0332)",0.013689096826585513,0.051334113099695676,0.016517484957597892,0.058843540161442484,0.005805089816311674,0.012399987770897045,0.9236362470240482,0.9572786268825401,0.00037740733501850514,0.007429724852275719,0.0006169290052848157,0.0015749244525157082,0.057111277405928876,0.10674369705631943,0.4956674452953104,0.745091900744398,0.14797669412739609,0.258137121977791,0.6914516075139778,0.9138751171333527
synthetic_low_sparse,GraphSAGE,dropedge,"{""rate"": 0.2}",10,"0.7015 (0.6745, 0.7245)","0.6988 (0.6726, 0.7239)","0.8692 (0.8591, 0.8797)","0.0483 (0.0320, 0.0657)","0.2445 (0.2001, 0.2864)","0.6651 (0.6429, 0.6881)","0.8595 (0.8401, 0.8775)","0.0289 (0.0111, 0.0534)","0.7410 (0.7317, 0.7499)","0.0231 (0.0119, 0.0350)",0.000696879425811723,0.005703889763485364,0.0007936522217783926,0.006283080089078941,0.00033653355156679373,0.0009519958125402993,0.4597730053138437,0.7417987147589333,0.0025022735198298508,0.02709358224919218,2.0038187281633005e-05,8.502690278963193e-05,0.004670030156892888,0.011367360226855557,0.732274526857583,0.8891366785955198,0.028403565919824698,0.07665121998329669,0.6551950232849304,0.9138751171333527
synthetic_low_sparse,GraphSAGE,dropedge,"{""rate"": 0.3}",10,"0.7090 (0.6825, 0.7335)","0.7058 (0.6780, 0.7335)","0.8560 (0.8439, 0.8700)","0.0420 (0.0263, 0.0588)","0.2090 (0.1540, 0.2616)","0.6463 (0.6210, 0.6747)","0.8510 (0.8344, 0.8689)","0.0266 (0.0139, 0.0423)","0.7333 (0.7202, 0.7477)","0.0157 (0.0088, 0.0227)",0.0016629510370868563,0.010771387399312592,0.002091254481977582,0.012163418925787976,5.925767465367589e-06,3.3438006565942676e-05,0.31890762177685883,0.6589208148677645,0.0010254097847299903,0.013999072713270302,5.2944718927746565e-06,2.778624206688621e-05,0.0002887727722766669,0.0011132853017523589,0.6870577132584124,0.853369302578901,0.003853769344631478,0.015317513597649166,0.18426547045916114,0.8522161625522906
synthetic_low_sparse,GraphSAGE,dropedge,"{""rate"": 0.5}",10,"0.7170 (0.6845, 0.7480)","0.7133 (0.6807, 0.7429)","0.8326 (0.8147, 0.8500)","0.0314 (0.0177, 0.0459)","0.1631 (0.1193, 0.2062)","0.6035 (0.5715, 0.6344)","0.8233 (0.8056, 0.8425)","0.0267 (0.0147, 0.0398)","0.7133 (0.7015, 0.7262)","0.0220 (0.0131, 0.0323)",0.0008273866196471381,0.006373113151336064,0.0008796450221776194,0.006706311267142353,4.400915099760471e-07,3.948249546642251e-06,0.09964722028562972,0.3948048094861026,5.6330527662626224e-05,0.001965309520673848,6.327653375375891e-06,3.204650257851661e-05,4.823353497290474e-07,6.584926078909604e-06,0.579620790288512,0.8027491476119657,0.00020669344245685553,0.0016641472033705805,0.6028836192463811,0.909267097879788
synthetic_low_sparse,GraphSAGE,edge_sparsification,"{""rate"": 0.05}",10,"0.6565 (0.6260, 0.6860)","0.6528 (0.6218, 0.6864)","0.8910 (0.8828, 0.9008)","0.0559 (0.0340, 0.0812)","0.2872 (0.2341, 0.3500)","0.7104 (0.6965, 0.7262)","0.8820 (0.8638, 0.8996)","0.0634 (0.0240, 0.1144)","0.7601 (0.7466, 0.7731)","0.0450 (0.0219, 0.0743)",0.5151742201642671,0.6439677752053338,0.4328318737144576,0.5815112715510141,0.40197991241544623,0.4799303897279472,0.8345748449070286,0.9296825189630872,0.08478805672424886,0.2893853240371102,0.5240738070979485,0.6027808623763949,0.5522146521515924,0.659788007744637,0.07107335974096485,0.3399603377447811,0.12985984685527233,0.2396110940134589,0.2531093487784609,0.8522161625522906
synthetic_low_sparse,GraphSAGE,edge_sparsification,"{""rate"": 0.1}",10,"0.6580 (0.6325, 0.6850)","0.6537 (0.6263, 0.6812)","0.8900 (0.8821, 0.8978)","0.0645 (0.0369, 0.0939)","0.2885 (0.2476, 0.3246)","0.7053 (0.6812, 0.7280)","0.8793 (0.8621, 0.8967)","0.0667 (0.0297, 0.1088)","0.7616 (0.7496, 0.7747)","0.0269 (0.0106, 0.0481)",0.39233299692298457,0.5481122751129931,0.22717319020066976,0.38244559645869786,0.31566222053272347,0.3980640050091372,0.717462210147983,0.8629148171560757,0.1004886078290527,0.3124101273101242,0.14947421868059738,0.20767656931729017,0.33451354844774733,0.4586779659938544,0.053231585609757,0.3399603377447811,0.3523879702221368,0.5052503317340227,0.9559117260422163,0.9826131709037308
synthetic_low_sparse,GraphSAGE,edge_sparsification,"{""rate"": 0.2}",10,"0.6625 (0.6430, 0.6835)","0.6570 (0.6355, 0.6792)","0.8862 (0.8755, 0.8971)","0.0853 (0.0540, 0.1161)","0.2853 (0.2184, 0.3389)","0.6997 (0.6794, 0.7229)","0.8734 (0.8527, 0.8949)","0.0665 (0.0300, 0.1171)","0.7626 (0.7484, 0.7773)","0.0394 (0.0237, 0.0606)",0.9070452530215948,0.9384800423838897,0.6559838334992141,0.7599812705173822,0.1574339984411717,0.2247012523205814,0.1042218734537865,0.4062590695125391,0.06651152790517904,0.25545023853273935,0.20144040586789738,0.26245762424282065,0.2049448891922055,0.30212532960728883,0.07033629503852654,0.3399603377447811,0.4918668063204448,0.6329761360025397,0.26501249602767846,0.8522161625522906
synthetic_low_sparse,GraphSAGE,edge_sparsification,"{""rate"": 0.3}",10,"0.6580 (0.6310, 0.6870)","0.6529 (0.6259, 0.6821)","0.8851 (0.8726, 0.8979)","0.0691 (0.0416, 0.0928)","0.3110 (0.2269, 0.3912)","0.6883 (0.6639, 0.7150)","0.8742 (0.8579, 0.8945)","0.0564 (0.0252, 0.0921)","0.7529 (0.7389, 0.7675)","0.0382 (0.0250, 0.0550)",0.5095429199058696,0.6425651866069595,0.37448325471994676,0.5309859770492514,0.1642802127354548,0.23341170497254662,0.4822435781886428,0.76233454531841,0.3543117633357505,0.6506075654235418,0.03409636426210299,0.054903889119488916,0.15302493567387365,0.2366986689733809,0.10075724091058273,0.35342298920133475,0.06223005963315864,0.13957313374865582,0.3020186795633279,0.8522161625522906
synthetic_low_sparse,GraphSAGE,epsd_tuned,"{""lambda_epsd"": 0.01}",10,"0.6440 (0.6115, 0.6730)","0.6411 (0.6096, 0.6713)","0.8994 (0.8853, 0.9095)","0.0578 (0.0338, 0.0827)","0.2971 (0.2404, 0.3481)","0.7374 (0.7207, 0.7546)","0.8863 (0.8615, 0.9101)","0.0582 (0.0245, 0.0994)","0.7628 (0.7536, 0.7751)","0.0332 (0.0214, 0.0432)",0.04297683795059853,0.11447101697122038,0.046319710088830415,0.12642300285103036,0.3291655116461793,0.4134318826276012,0.9696896452027499,0.9918720880668652,0.04702479605812874,0.21093979946074892,0.033958006323795135,0.054903889119488916,0.9788251243487318,0.9882671673488803,0.07171899692487416,0.3399603377447811,0.5555713971836005,0.6748687000252297,0.40911778562995704,0.8522161625522906
synthetic_low_sparse,GraphSAGE,epsd_tuned,"{""lambda_epsd"": 0.03}",10,"0.6220 (0.5965, 0.6465)","0.6191 (0.5923, 0.6467)","0.9009 (0.8878, 0.9128)","0.0496 (0.0294, 0.0703)","0.2928 (0.2304, 0.3484)","0.7355 (0.7190, 0.7501)","0.8890 (0.8671, 0.9111)","0.0528 (0.0268, 0.0820)","0.7625 (0.7514, 0.7725)","0.0331 (0.0163, 0.0531)",0.002444096278547689,0.014436412064079897,0.0027843218589667968,0.014695032033435872,0.2336255687301669,0.32174749377751055,0.5434699159383442,0.8007916401679597,0.07295555279767389,0.25739374807269216,0.028191863468878194,0.04753004699117902,0.5359668893742969,0.651719743196945,0.08255875737597586,0.34427155675539634,0.5471258971370903,0.6710841082072123,0.3583654754757939,0.8522161625522906
synthetic_low_sparse,GraphSAGE,epsd_tuned,"{""lambda_epsd"": 0.1}",10,"0.5835 (0.5590, 0.6060)","0.5809 (0.5558, 0.6053)","0.8997 (0.8861, 0.9119)","0.0484 (0.0238, 0.0771)","0.2875 (0.2313, 0.3412)","0.7424 (0.7161, 0.7638)","0.8898 (0.8660, 0.9124)","0.0668 (0.0253, 0.1210)","0.7472 (0.7341, 0.7600)","0.0257 (0.0144, 0.0401)",1.0900662907414263e-05,0.00022731710616795148,1.1122545376842096e-05,0.0002264232451714284,0.4953614615897282,0.5739612506980615,0.6613313780328056,0.8448845768337475,0.12603807363498795,0.3382560266785147,0.07709508501200912,0.11259468229660867,0.5945558953777671,0.6914464857356255,0.08589357965098182,0.34427155675539634,0.04091847987043427,0.09807940976577374,0.8190896111205277,0.9599521557081344
synthetic_low_sparse,GraphSAGE,epsd_tuned,"{""lambda_epsd"": 0.3}",10,"0.5585 (0.5340, 0.5835)","0.5546 (0.5274, 0.5788)","0.8954 (0.8807, 0.9075)","0.0326 (0.0207, 0.0445)","0.2420 (0.1810, 0.3095)","0.7361 (0.7107, 0.7569)","0.8854 (0.8622, 0.9092)","0.0510 (0.0135, 0.0946)","0.7395 (0.7260, 0.7531)","0.0250 (0.0125, 0.0419)",1.7815968424455402e-06,5.641723334410877e-05,1.4014147822550614e-06,5.1273023944777275e-05,0.8454387254153981,0.8790323171537583,0.13320064135535697,0.4435297951513482,0.00844548617849525,0.06468006487920754,0.11665554437635903,0.1657458865799852,0.8762875729149465,0.9051128220239908,0.24795501313755744,0.5583447418133488,0.016496368362772292,0.048866600621797165,0.671439174086435,0.9138751171333527
synthetic_low_sparse,GraphSAGE,epsd_tuned,"{""lambda_epsd"": 1.0}",10,"0.5525 (0.5255, 0.5825)","0.5489 (0.5190, 0.5774)","0.8899 (0.8781, 0.9009)","0.0508 (0.0369, 0.0633)","0.2897 (0.2186, 0.3566)","0.6934 (0.6673, 0.7198)","0.8900 (0.8717, 0.9083)","0.0638 (0.0247, 0.1147)","0.7501 (0.7388, 0.7619)","0.0150 (0.0087, 0.0219)",4.615520349563198e-06,0.00013154232996255116,8.395148198344245e-06,0.0002175106578661918,0.286287282411907,0.376126387771292,0.6390928154498795,0.8325450100883367,0.09190753513501446,0.30094696867395604,0.21238194758790815,0.2744359322740871,0.6684586798972663,0.7368047293733017,0.10821122827176839,0.3606423700903348,0.08052242901029685,0.16744399145187558,0.10283937274616752,0.8522161625522906
synthetic_low_sparse,GraphSAGE,epsd_tuned,"{""lambda_epsd"": 10.0}",10,"0.5535 (0.5265, 0.5805)","0.5489 (0.5187, 0.5785)","0.7983 (0.7815, 0.8156)","0.0655 (0.0382, 0.0995)","0.3128 (0.2720, 0.3717)","0.4802 (0.4517, 0.5129)","0.8108 (0.7853, 0.8319)","0.0722 (0.0393, 0.1108)","0.7307 (0.7168, 0.7442)","0.0350 (0.0188, 0.0544)",6.244635798429664e-07,2.74149459782807e-05,1.4392427773972567e-06,5.1273023944777275e-05,9.43839771778351e-06,5.023147259972919e-05,0.7492696649251938,0.881659417750322,0.29317060811709944,0.6056287562419028,2.8615366163477363e-07,2.1915182866663152e-06,0.00025614860432413955,0.0010053832719722476,0.0052401535540038055,0.18201931023251475,0.00015943953173842864,0.0014724709695843115,0.47215383729063504,0.8687630606147685
synthetic_low_sparse,GraphSAGE,epsd_tuned,"{""lambda_epsd"": 3.0}",10,"0.5590 (0.5340, 0.5865)","0.5531 (0.5222, 0.5834)","0.8703 (0.8554, 0.8837)","0.0810 (0.0531, 0.1076)","0.3545 (0.2946, 0.4106)","0.6306 (0.5964, 0.6690)","0.8808 (0.8621, 0.9003)","0.0759 (0.0287, 0.1237)","0.7707 (0.7590, 0.7837)","0.0351 (0.0250, 0.0451)",7.946116235986363e-06,0.00018872026060467613,1.0596477385706212e-05,0.0002264232451714284,0.008610028718212879,0.017220057436425757,0.25805024331433424,0.6054981460200438,0.7797310047833735,0.8903110381890156,0.0021919039991248846,0.0048812613881220835,0.6406221335764097,0.7235803954783908,0.028936510279045407,0.3399603377447811,0.7294742107466838,0.8037014111384517,0.423938447539758,0.8522161625522906
synthetic_low_sparse,GraphSAGE,label_smoothing,"{""alpha"": 0.01}",10,"0.6580 (0.6255, 0.6905)","0.6548 (0.6206, 0.6866)","0.9061 (0.8912, 0.9182)","0.0527 (0.0268, 0.0854)","0.3538 (0.2762, 0.4187)","0.7442 (0.7267, 0.7604)","0.8986 (0.8804, 0.9164)","0.0351 (0.0145, 0.0604)","0.7752 (0.7633, 0.7852)","0.0220 (0.0131, 0.0316)",0.1286226018594387,0.2589194289208541,0.09034532345416643,0.21251778175726688,3.253689052973121e-05,0.00013806194089642702,0.19275141186395156,0.5374805190321323,0.7110442938482054,0.8457117737436989,3.835008701894611e-05,0.00014685277224328144,0.00024826618167311625,0.0009867795069032723,0.37722571372926206,0.6582353823283912,0.04937991810503606,0.11571115138045762,0.4181009849303238,0.8522161625522906
synthetic_low_sparse,GraphSAGE,label_smoothing,"{""alpha"": 0.05}",10,"0.6415 (0.6065, 0.6780)","0.6385 (0.6013, 0.6774)","0.9194 (0.9037, 0.9318)","0.0282 (0.0144, 0.0420)","0.3226 (0.2256, 0.4150)","0.8018 (0.7795, 0.8233)","0.9118 (0.8934, 0.9292)","0.0131 (0.0037, 0.0246)","0.7931 (0.7827, 0.8045)","0.0282 (0.0162, 0.0394)",0.009909163144800238,0.03977621825729673,0.0119318891123954,0.04658340269907793,0.00015022775803684324,0.0004717151602356878,0.11917026128178673,0.41399738645327416,0.5007283705077947,0.7390610064876596,2.3378405503133194e-06,1.3850602505629855e-05,0.0003946836922370366,0.001394502590091862,0.033457832124467034,0.3399603377447811,0.0005471082457511234,0.0035789997742885983,0.9282410336787701,0.9784973449319558
synthetic_low_sparse,GraphSAGE,label_smoothing,"{""alpha"": 0.1}",10,"0.6375 (0.6020, 0.6715)","0.6346 (0.6017, 0.6683)","0.9344 (0.9294, 0.9393)","0.0710 (0.0406, 0.1024)","0.4710 (0.4275, 0.5271)","0.8206 (0.8025, 0.8394)","0.9153 (0.8956, 0.9332)","0.0051 (0.0013, 0.0089)","0.8038 (0.7928, 0.8158)","0.0263 (0.0125, 0.0413)",0.014581624594965722,0.05391186089840556,0.015343151385276279,0.05678958629615246,5.650258877582618e-05,0.00021636357165377343,0.6355361357760779,0.8325450100883367,0.021903134898584895,0.12636533610436182,6.51852861162297e-07,4.449604313151331e-06,0.0002907305565085778,0.0011132853017523589,0.026225694291502614,0.3399603377447811,0.0001816935439139093,0.0015847714663602087,0.8751161751332062,0.9685873964486025
synthetic_low_sparse,GraphSAGE,label_smoothing,"{""alpha"": 0.2}",10,"0.6145 (0.5815, 0.6455)","0.6112 (0.5800, 0.6449)","0.9499 (0.9453, 0.9545)","0.1912 (0.1493, 0.2325)","0.6429 (0.6016, 0.6866)","0.8307 (0.8142, 0.8444)","0.9156 (0.8952, 0.9333)","0.0038 (0.0000, 0.0090)","0.8044 (0.7890, 0.8200)","0.0269 (0.0131, 0.0450)",0.0006810876420646689,0.005703889763485364,0.0006215871096181309,0.005536010195036478,5.9634661391490116e-06,3.3438006565942676e-05,0.0016184356695921132,0.08444700140575798,1.2683633508922506e-06,0.00025397799946829243,4.0552601650523213e-07,3.0317897424438785e-06,0.000169345421570168,0.0007706443822178659,0.03822178443369406,0.3399603377447811,0.0020315280373810448,0.009520892593099226,0.944699029034921,0.9784973449319558
synthetic_low_sparse,GraphSAGE,none,{},10,"0.6635 (0.6335, 0.6915)","0.6609 (0.6280, 0.6910)","0.8963 (0.8823, 0.9082)","0.0584 (0.0300, 0.0940)","0.3489 (0.2833, 0.4050)","0.7147 (0.6950, 0.7343)","0.8864 (0.8671, 0.9064)","0.0310 (0.0131, 0.0534)","0.7683 (0.7546, 0.7836)","0.0276 (0.0151, 0.0425)",,,,,,,,,,,,,,,,,,,,
